date,platform,contracts,fees
2024-08-01,ForecastEx,763,7.63
2024-08-02,ForecastEx,950,9.5
2024-08-05,ForecastEx,123,1.23
2024-08-06,ForecastEx,129,1.29
2024-08-07,ForecastEx,205,2.05
2024-08-08,ForecastEx,432,4.32
2024-08-09,ForecastEx,635,6.35
2024-08-12,ForecastEx,579,5.79
2024-08-13,ForecastEx,246,2.46
2024-08-14,ForecastEx,252,2.52
2024-08-15,ForecastEx,445,4.45
2024-08-16,ForecastEx,450,4.5
2024-08-19,ForecastEx,1016,10.16
2024-08-20,ForecastEx,230,2.3
2024-08-21,ForecastEx,535,5.35
2024-08-22,ForecastEx,180,1.8
2024-08-23,ForecastEx,166,1.66
2024-08-26,ForecastEx,235,2.35
2024-08-27,ForecastEx,330,3.3
2024-08-28,ForecastEx,66,0.66
2024-08-29,ForecastEx,1148,11.48
2024-08-30,ForecastEx,389,3.89
2024-09-02,ForecastEx,235,2.35
2024-09-03,ForecastEx,30,0.3
2024-09-04,ForecastEx,486,4.86
2024-09-05,ForecastEx,1915,19.15
2024-09-06,ForecastEx,476,4.76
2024-09-09,ForecastEx,1015,10.15
2024-09-10,ForecastEx,557,5.57
2024-09-11,ForecastEx,757,7.57
2024-09-12,ForecastEx,482,4.82
2024-09-13,ForecastEx,590,5.9
2024-09-16,ForecastEx,2975,29.75
2024-09-17,ForecastEx,4290,42.9
2024-09-18,ForecastEx,21641,216.41
2024-09-19,ForecastEx,770,7.7
2024-09-20,ForecastEx,421,4.21
2024-09-23,ForecastEx,676,6.76
2024-09-24,ForecastEx,458,4.58
2024-09-25,ForecastEx,648,6.48
2024-09-26,ForecastEx,389,3.89
2024-09-27,ForecastEx,1323,13.23
2024-09-30,ForecastEx,531,5.31
2024-10-01,ForecastEx,421,4.21
2024-10-02,ForecastEx,2337,23.37
2024-10-03,ForecastEx,2773,27.73
2024-10-04,ForecastEx,778903,7789.03
2024-10-07,ForecastEx,745110,7451.1
2024-10-08,ForecastEx,564588,5645.88
2024-10-09,ForecastEx,827105,8271.05
2024-10-10,ForecastEx,1101345,11013.45
2024-10-11,ForecastEx,1043933,10439.33
2024-10-14,ForecastEx,1187881,11878.81
2024-10-15,ForecastEx,946028,9460.28
2024-10-16,ForecastEx,1089659,10896.59
2024-10-17,ForecastEx,2008272,20082.72
2024-10-18,ForecastEx,1166140,11661.4
2024-10-21,ForecastEx,1900502,19005.02
2024-10-22,ForecastEx,1614750,16147.5
2024-10-23,ForecastEx,1913248,19132.48
2024-10-24,ForecastEx,1547945,15479.45
2024-10-25,ForecastEx,2244781,22447.81
2024-10-26,ForecastEx,265626,2656.26
2024-10-27,ForecastEx,229736,2297.36
2024-10-28,ForecastEx,1932935,19329.35
2024-10-29,ForecastEx,10943585,109435.85
2024-10-30,ForecastEx,21820571,218205.71
2024-10-31,ForecastEx,32815616,328156.16
2024-11-01,ForecastEx,25669676,256696.76
2024-11-02,ForecastEx,7134392,71343.92
2024-11-03,ForecastEx,30395835,303958.35
2024-11-04,ForecastEx,71933536,719335.36
2024-11-05,ForecastEx,89402602,894026.02
2024-11-06,ForecastEx,262182993,2621829.93
2024-11-07,ForecastEx,8450606,84506.06
2024-11-08,ForecastEx,4853471,48534.71
2024-11-11,ForecastEx,6847274,68472.74
2024-11-12,ForecastEx,3927330,39273.3
2024-11-13,ForecastEx,3765664,37656.64
2024-11-14,ForecastEx,1969034,19690.34
2024-11-15,ForecastEx,1443127,14431.27
2024-11-18,ForecastEx,1581843,15818.43
2024-11-19,ForecastEx,674470,6744.7
2024-11-20,ForecastEx,680712,6807.12
2024-11-21,ForecastEx,707887,7078.87
2024-11-22,ForecastEx,558190,5581.9
2024-11-25,ForecastEx,744238,7442.38
2024-11-26,ForecastEx,497575,4975.75
2024-11-27,ForecastEx,377787,3777.87
2024-11-28,ForecastEx,553040,5530.4
2024-11-29,ForecastEx,211478,2114.78
2024-12-02,ForecastEx,453909,4539.09
2024-12-03,ForecastEx,39501,395.01
2024-12-04,ForecastEx,274068,2740.68
2024-12-05,ForecastEx,217292,2172.92
2024-12-06,ForecastEx,218372,2183.72
2024-12-09,ForecastEx,322286,3222.86
2024-12-10,ForecastEx,273058,2730.58
2024-12-11,ForecastEx,168525,1685.25
2024-12-12,ForecastEx,216196,2161.96
2024-12-13,ForecastEx,106663,1066.63
2024-12-16,ForecastEx,185298,1852.98
2024-12-17,ForecastEx,139233,1392.33
2024-12-18,ForecastEx,160016,1600.16
2024-12-19,ForecastEx,191918,1919.18
2024-12-20,ForecastEx,216766,2167.66
2024-12-23,Crypto.com/Nadex,1504,30.08
2024-12-23,ForecastEx,113405,1134.05
2024-12-24,Crypto.com/Nadex,3511,70.22
2024-12-24,ForecastEx,92117,921.17
2024-12-25,Crypto.com/Nadex,2887,57.74
2024-12-25,ForecastEx,22010,220.1
2024-12-26,Crypto.com/Nadex,2438,48.76
2024-12-26,ForecastEx,141923,1419.23
2024-12-27,Crypto.com/Nadex,2597,51.94
2024-12-27,ForecastEx,117178,1171.78
2024-12-30,Crypto.com/Nadex,1844,36.88
2024-12-30,ForecastEx,258518,2585.18
2024-12-31,Crypto.com/Nadex,1599,31.98
2024-12-31,ForecastEx,99330,993.3
2025-01-01,Crypto.com/Nadex,1580,31.6
2025-01-01,ForecastEx,58699,586.99
2025-01-02,Crypto.com/Nadex,3918,78.36
2025-01-02,ForecastEx,161438,1614.38
2025-01-03,Crypto.com/Nadex,3040,60.8
2025-01-03,ForecastEx,198251,1982.51
2025-01-06,Crypto.com/Nadex,3211,64.22
2025-01-06,ForecastEx,21956,219.56
2025-01-07,Crypto.com/Nadex,3162,63.24
2025-01-07,ForecastEx,2761,27.61
2025-01-08,Crypto.com/Nadex,3191,63.82
2025-01-08,ForecastEx,2073,20.73
2025-01-09,Crypto.com/Nadex,3934,78.68
2025-01-09,ForecastEx,3737,37.37
2025-01-10,Crypto.com/Nadex,3592,71.84
2025-01-10,ForecastEx,3836,38.36
2025-01-13,Crypto.com/Nadex,2403,48.06
2025-01-13,ForecastEx,4483,44.83
2025-01-14,Crypto.com/Nadex,1554,31.08
2025-01-14,ForecastEx,2700,27
2025-01-15,Crypto.com/Nadex,2188,43.76
2025-01-15,ForecastEx,8994,89.94
2025-01-16,Crypto.com/Nadex,3772,75.44
2025-01-16,ForecastEx,5922,59.22
2025-01-17,Crypto.com/Nadex,3138,62.76
2025-01-17,ForecastEx,2710,27.1
2025-01-20,Crypto.com/Nadex,5656,113.12
2025-01-20,ForecastEx,5266,52.66
2025-01-21,Crypto.com/Nadex,2738,54.76
2025-01-21,ForecastEx,4212,42.12
2025-01-22,Crypto.com/Nadex,1886,37.72
2025-01-22,ForecastEx,4252,42.52
2025-01-23,Crypto.com/Nadex,2570,51.4
2025-01-23,ForecastEx,6143,61.43
2025-01-24,Crypto.com/Nadex,3231,64.62
2025-01-24,ForecastEx,11565,115.65
2025-01-27,Crypto.com/Nadex,3227,64.54
2025-01-27,ForecastEx,9216,92.16
2025-01-28,Crypto.com/Nadex,1943,38.86
2025-01-28,ForecastEx,6056,60.56
2025-01-29,Crypto.com/Nadex,2007,40.14
2025-01-29,ForecastEx,2421,24.21
2025-01-30,Crypto.com/Nadex,1822,36.44
2025-01-30,ForecastEx,6172,61.72
2025-01-31,Crypto.com/Nadex,1530,30.6
2025-01-31,ForecastEx,4475,44.75
2025-02-03,Crypto.com/Nadex,1882,37.64
2025-02-03,ForecastEx,10032,100.32
2025-02-04,Crypto.com/Nadex,1366,27.32
2025-02-04,ForecastEx,8169,81.69
2025-02-05,Crypto.com/Nadex,1559,31.18
2025-02-05,ForecastEx,7331,73.31
2025-02-06,Crypto.com/Nadex,1953,39.06
2025-02-06,ForecastEx,5387,53.87
2025-02-07,Crypto.com/Nadex,4766,95.32
2025-02-07,ForecastEx,9863,98.63
2025-02-10,Crypto.com/Nadex,1795,35.9
2025-02-10,ForecastEx,8521,85.21
2025-02-11,Crypto.com/Nadex,1666,33.32
2025-02-11,ForecastEx,11841,118.41
2025-02-12,Crypto.com/Nadex,672,13.44
2025-02-12,ForecastEx,9494,94.94
2025-02-13,Crypto.com/Nadex,644,12.88
2025-02-13,ForecastEx,9410,94.1
2025-02-14,Crypto.com/Nadex,364,7.28
2025-02-14,ForecastEx,3643,36.43
2025-02-17,Crypto.com/Nadex,778,15.56
2025-02-17,ForecastEx,5995,59.95
2025-02-18,Crypto.com/Nadex,407,8.14
2025-02-18,ForecastEx,18014,180.14
2025-02-19,Crypto.com/Nadex,822,16.44
2025-02-19,ForecastEx,8161,81.61
2025-02-20,Crypto.com/Nadex,491,9.82
2025-02-20,ForecastEx,8473,84.73
2025-02-21,Crypto.com/Nadex,431,8.62
2025-02-21,ForecastEx,35659,356.59
2025-02-24,Crypto.com/Nadex,535,10.7
2025-02-24,ForecastEx,13794,137.94
2025-02-25,Crypto.com/Nadex,714,14.28
2025-02-25,ForecastEx,8430,84.3
2025-02-26,Crypto.com/Nadex,616,12.32
2025-02-26,ForecastEx,14809,148.09
2025-02-27,Crypto.com/Nadex,739,14.78
2025-02-27,ForecastEx,15088,150.88
2025-02-28,Crypto.com/Nadex,676,13.52
2025-02-28,ForecastEx,4502,45.02
2025-03-03,Crypto.com/Nadex,834,16.68
2025-03-03,ForecastEx,8587,85.87
2025-03-04,Crypto.com/Nadex,655,13.1
2025-03-04,ForecastEx,12170,121.7
2025-03-05,Crypto.com/Nadex,856,17.12
2025-03-05,ForecastEx,8639,86.39
2025-03-06,Crypto.com/Nadex,634,12.68
2025-03-06,ForecastEx,12565,125.65
2025-03-07,Crypto.com/Nadex,684,13.68
2025-03-07,ForecastEx,10911,109.11
2025-03-10,Crypto.com/Nadex,412,8.24
2025-03-10,ForecastEx,24275,242.75
2025-03-11,Crypto.com/Nadex,566,11.32
2025-03-11,ForecastEx,6434,64.34
2025-03-12,Crypto.com/Nadex,861,17.22
2025-03-12,ForecastEx,10277,102.77
2025-03-13,Crypto.com/Nadex,1161,23.22
2025-03-13,ForecastEx,19136,191.36
2025-03-14,Crypto.com/Nadex,610,12.2
2025-03-14,ForecastEx,34710,347.1
2025-03-17,Crypto.com/Nadex,765,15.3
2025-03-17,ForecastEx,40741,407.41
2025-03-18,Crypto.com/Nadex,988,19.76
2025-03-18,ForecastEx,23677,236.77
2025-03-19,Crypto.com/Nadex,1353,27.06
2025-03-19,ForecastEx,16778,167.78
2025-03-20,Crypto.com/Nadex,2158,43.16
2025-03-20,ForecastEx,14569,145.69
2025-03-21,Crypto.com/Nadex,2469,49.38
2025-03-21,ForecastEx,10594,105.94
2025-03-24,Crypto.com/Nadex,2677,53.54
2025-03-24,ForecastEx,10271,102.71
2025-03-25,Crypto.com/Nadex,2198,43.96
2025-03-25,ForecastEx,37433,374.33
2025-03-26,Crypto.com/Nadex,1665,33.3
2025-03-26,ForecastEx,26887,268.87
2025-03-27,Crypto.com/Nadex,1989,39.78
2025-03-27,ForecastEx,8977,89.77
2025-03-28,Crypto.com/Nadex,3366,67.32
2025-03-28,ForecastEx,13371,133.71
2025-03-31,Crypto.com/Nadex,3388,67.76
2025-03-31,ForecastEx,8107,81.07
2025-04-01,Crypto.com/Nadex,2324,46.48
2025-04-01,ForecastEx,9494,94.94
2025-04-02,Crypto.com/Nadex,2623,52.46
2025-04-02,ForecastEx,14618,146.18
2025-04-03,Crypto.com/Nadex,2054,41.08
2025-04-03,ForecastEx,10198,101.98
2025-04-04,Crypto.com/Nadex,2310,46.2
2025-04-04,ForecastEx,9212,92.12
2025-04-07,Crypto.com/Nadex,6916,138.32
2025-04-07,ForecastEx,40431,404.31
2025-04-08,Crypto.com/Nadex,6298,125.96
2025-04-08,ForecastEx,15814,158.14
2025-04-09,Crypto.com/Nadex,4825,96.5
2025-04-09,ForecastEx,32562,325.62
2025-04-10,Crypto.com/Nadex,5211,104.22
2025-04-10,ForecastEx,12439,124.39
2025-04-11,Crypto.com/Nadex,3912,78.24
2025-04-11,ForecastEx,26964,269.64
2025-04-14,Crypto.com/Nadex,1826,36.52
2025-04-14,ForecastEx,30150,301.5
2025-04-15,Crypto.com/Nadex,2216,44.32
2025-04-15,ForecastEx,8773,87.73
2025-04-16,Crypto.com/Nadex,4395,87.9
2025-04-16,ForecastEx,4660,46.6
2025-04-17,Crypto.com/Nadex,3138,62.76
2025-04-17,ForecastEx,9580,95.8
2025-04-18,Crypto.com/Nadex,2179,43.58
2025-04-18,ForecastEx,3625,36.25
2025-04-21,Crypto.com/Nadex,5117,102.34
2025-04-21,ForecastEx,11134,111.34
2025-04-22,Crypto.com/Nadex,5590,111.8
2025-04-22,ForecastEx,6782,67.82
2025-04-23,Crypto.com/Nadex,6321,126.42
2025-04-23,ForecastEx,32920,329.2
2025-04-24,Crypto.com/Nadex,5361,107.22
2025-04-24,ForecastEx,11007,110.07
2025-04-25,Crypto.com/Nadex,5504,110.08
2025-04-25,ForecastEx,69609,696.09
2025-04-28,Crypto.com/Nadex,6357,127.14
2025-04-28,ForecastEx,18218,182.18
2025-04-29,Crypto.com/Nadex,6677,133.54
2025-04-29,ForecastEx,9145,91.45
2025-04-30,Crypto.com/Nadex,7159,143.18
2025-04-30,ForecastEx,23100,231
2025-05-01,Crypto.com/Nadex,8202,164.04
2025-05-01,ForecastEx,18487,184.87
2025-05-02,Crypto.com/Nadex,5817,116.34
2025-05-02,ForecastEx,71406,714.06
2025-05-03,ForecastEx,3553,35.53
2025-05-04,ForecastEx,1740,17.4
2025-05-05,Crypto.com/Nadex,9462,189.24
2025-05-05,ForecastEx,24211,242.11
2025-05-06,Crypto.com/Nadex,8574,171.48
2025-05-06,ForecastEx,87026,870.26
2025-05-07,Crypto.com/Nadex,11306,226.12
2025-05-07,ForecastEx,21985,219.85
2025-05-08,Crypto.com/Nadex,10459,209.18
2025-05-08,ForecastEx,33237,332.37
2025-05-09,Crypto.com/Nadex,7340,146.8
2025-05-09,ForecastEx,35935,359.35
2025-05-10,ForecastEx,367,3.67
2025-05-11,ForecastEx,3639,36.39
2025-05-12,Crypto.com/Nadex,7678,153.56
2025-05-12,ForecastEx,85240,852.4
2025-05-13,Crypto.com/Nadex,29945,598.9
2025-05-13,ForecastEx,47657,476.57
2025-05-14,Crypto.com/Nadex,98929,1978.58
2025-05-14,ForecastEx,35625,356.25
2025-05-15,Crypto.com/Nadex,80711,1614.22
2025-05-15,ForecastEx,20937,209.37
2025-05-16,Crypto.com/Nadex,57821,1156.42
2025-05-16,ForecastEx,28167,281.67
2025-05-17,ForecastEx,960,9.6
2025-05-18,ForecastEx,1435,14.35
2025-05-19,Crypto.com/Nadex,18317,366.34
2025-05-19,ForecastEx,56184,561.84
2025-05-20,Crypto.com/Nadex,18486,369.72
2025-05-20,ForecastEx,51155,511.55
2025-05-21,Crypto.com/Nadex,48455,969.1
2025-05-21,ForecastEx,68262,682.62
2025-05-22,Crypto.com/Nadex,51454,1029.08
2025-05-22,ForecastEx,50589,505.89
2025-05-23,Crypto.com/Nadex,50708,1014.16
2025-05-23,ForecastEx,115857,1158.57
2025-05-24,ForecastEx,259,2.59
2025-05-25,ForecastEx,2654,26.54
2025-05-26,Crypto.com/Nadex,55151,1103.02
2025-05-26,ForecastEx,11475,114.75
2025-05-27,Crypto.com/Nadex,53568,1071.36
2025-05-27,ForecastEx,29972,299.72
2025-05-28,Crypto.com/Nadex,60071,1201.42
2025-05-28,ForecastEx,59233,592.33
2025-05-29,Crypto.com/Nadex,61007,1220.14
2025-05-29,ForecastEx,67430,674.3
2025-05-30,Crypto.com/Nadex,40024,800.48
2025-05-30,ForecastEx,87195,871.95
2025-05-31,ForecastEx,2588,25.88
2025-06-01,ForecastEx,5234,52.34
2025-06-02,Crypto.com/Nadex,7687,153.74
2025-06-02,ForecastEx,78744,787.44
2025-06-03,Crypto.com/Nadex,15585,311.7
2025-06-03,ForecastEx,183500,1835
2025-06-04,Crypto.com/Nadex,18645,372.9
2025-06-04,ForecastEx,146354,1463.54
2025-06-05,Crypto.com/Nadex,33492,669.84
2025-06-05,ForecastEx,124072,1240.72
2025-06-06,Crypto.com/Nadex,49339,986.78
2025-06-06,ForecastEx,162880,1628.8
2025-06-07,ForecastEx,1278,12.78
2025-06-08,ForecastEx,2431,24.31
2025-06-09,Crypto.com/Nadex,49409,988.18
2025-06-09,ForecastEx,179983,1799.83
2025-06-10,Crypto.com/Nadex,29374,587.48
2025-06-10,ForecastEx,294998,2949.98
2025-06-11,Crypto.com/Nadex,19135,382.7
2025-06-11,ForecastEx,399600,3996
2025-06-12,Crypto.com/Nadex,56059,1121.18
2025-06-12,ForecastEx,163634,1636.34
2025-06-13,Crypto.com/Nadex,45101,902.02
2025-06-13,ForecastEx,242810,2428.1
2025-06-14,ForecastEx,1156,11.56
2025-06-15,ForecastEx,1864,18.64
2025-06-16,Crypto.com/Nadex,29497,589.94
2025-06-16,ForecastEx,167216,1672.16
2025-06-17,Crypto.com/Nadex,62453,1249.06
2025-06-17,ForecastEx,198114,1981.14
2025-06-18,Crypto.com/Nadex,47625,952.5
2025-06-18,ForecastEx,275795,2757.95
2025-06-19,Crypto.com/Nadex,20016,400.32
2025-06-19,ForecastEx,86990,869.9
2025-06-20,Crypto.com/Nadex,38827,776.54
2025-06-20,ForecastEx,140707,1407.07
2025-06-21,ForecastEx,1216,12.16
2025-06-22,ForecastEx,7486,74.86
2025-06-23,Crypto.com/Nadex,10456,209.12
2025-06-23,ForecastEx,226212,2262.12
2025-06-24,Crypto.com/Nadex,4258,85.16
2025-06-24,ForecastEx,238147,2381.47
2025-06-25,Crypto.com/Nadex,5183,103.66
2025-06-25,ForecastEx,326610,3266.1
2025-06-26,Crypto.com/Nadex,6808,136.16
2025-06-26,ForecastEx,48045,480.45
2025-06-27,Crypto.com/Nadex,7481,149.62
2025-06-27,ForecastEx,325573,3255.73
2025-06-28,ForecastEx,3169,31.69
2025-06-29,ForecastEx,8103,81.03
2025-06-30,Crypto.com/Nadex,28240,564.8
2025-06-30,ForecastEx,130184,1301.84
2025-07-01,Crypto.com/Nadex,36380,727.6
2025-07-01,ForecastEx,181364,1813.64
2025-07-02,Crypto.com/Nadex,40305,806.1
2025-07-02,ForecastEx,148630,1486.3
2025-07-03,Crypto.com/Nadex,40503,810.06
2025-07-03,ForecastEx,426722,4267.22
2025-07-04,Crypto.com/Nadex,36639,732.78
2025-07-04,ForecastEx,192968,1929.68
2025-07-05,ForecastEx,89220,892.2
2025-07-06,ForecastEx,712344,7123.44
2025-07-07,Crypto.com/Nadex,34176,683.52
2025-07-07,ForecastEx,187393,1873.93
2025-07-08,Crypto.com/Nadex,37864,757.28
2025-07-08,ForecastEx,110231,1102.31
2025-07-09,Crypto.com/Nadex,42538,850.76
2025-07-09,ForecastEx,150353,1503.53
2025-07-10,Crypto.com/Nadex,23656,473.12
2025-07-10,ForecastEx,101382,1013.82
2025-07-11,Crypto.com/Nadex,16507,330.14
2025-07-11,ForecastEx,223892,2238.92
2025-07-12,ForecastEx,4745,47.45
2025-07-13,ForecastEx,10848,108.48
2025-07-14,Crypto.com/Nadex,5112,102.24
2025-07-14,ForecastEx,112877,1128.77
2025-07-15,Crypto.com/Nadex,10686,213.72
2025-07-15,ForecastEx,118289,1182.89
2025-07-16,Crypto.com/Nadex,13668,273.36
2025-07-16,ForecastEx,142437,1424.37
2025-07-17,Crypto.com/Nadex,12991,259.82
2025-07-17,ForecastEx,131222,1312.22
2025-07-18,Crypto.com/Nadex,14821,296.42
2025-07-18,ForecastEx,107121,1071.21
2025-07-19,ForecastEx,2477,24.77
2025-07-20,ForecastEx,26825,268.25
2025-07-21,Crypto.com/Nadex,41301,826.02
2025-07-21,ForecastEx,69485,694.85
2025-07-22,Crypto.com/Nadex,50284,1005.68
2025-07-22,ForecastEx,104573,1045.73
2025-07-23,Crypto.com/Nadex,65916,1318.32
2025-07-23,ForecastEx,59222,592.22
2025-07-24,Crypto.com/Nadex,54131,1082.62
2025-07-24,ForecastEx,143308,1433.08
2025-07-25,Crypto.com/Nadex,31399,627.98
2025-07-25,ForecastEx,80343,803.43
2025-07-26,ForecastEx,7037,70.37
2025-07-27,ForecastEx,18711,187.11
2025-07-28,Crypto.com/Nadex,12772,255.44
2025-07-28,ForecastEx,98993,989.93
2025-07-29,Crypto.com/Nadex,26573,531.46
2025-07-29,ForecastEx,184397,1843.97
2025-07-30,Crypto.com/Nadex,51400,1028
2025-07-30,ForecastEx,313900,3139
2025-07-31,Crypto.com/Nadex,9917,198.34
2025-07-31,ForecastEx,243272,2432.72
2025-08-01,Crypto.com/Nadex,19968,399.36
2025-08-01,ForecastEx,192694,1926.94
2025-08-02,ForecastEx,1188,11.88
2025-08-03,ForecastEx,18209,182.09
2025-08-04,Crypto.com/Nadex,6123,122.46
2025-08-04,ForecastEx,99804,998.04
2025-08-05,Crypto.com/Nadex,217667,4353.34
2025-08-05,ForecastEx,333832,3338.32
2025-08-06,Crypto.com/Nadex,285743,5714.86
2025-08-06,ForecastEx,176332,1763.32
2025-08-07,Crypto.com/Nadex,251104,5022.08
2025-08-07,ForecastEx,137969,1379.69
2025-08-08,Crypto.com/Nadex,126437,2528.74
2025-08-08,ForecastEx,208938,2089.38
2025-08-09,ForecastEx,3766,37.66
2025-08-10,ForecastEx,13449,134.49
2025-08-11,Crypto.com/Nadex,135206,2704.12
2025-08-11,ForecastEx,122504,1225.04
2025-08-12,Crypto.com/Nadex,248991,4979.82
2025-08-12,ForecastEx,140494,1404.94
2025-08-13,Crypto.com/Nadex,343414,6868.28
2025-08-13,ForecastEx,165079,1650.79
2025-08-14,Crypto.com/Nadex,367989,7359.78
2025-08-14,ForecastEx,184921,1849.21
2025-08-15,Crypto.com/Nadex,127859,2557.18
2025-08-15,ForecastEx,305645,3056.45
2025-08-16,ForecastEx,994,9.94
2025-08-17,ForecastEx,7728,77.28
2025-08-18,Crypto.com/Nadex,168907,3378.14
2025-08-18,ForecastEx,70478,704.78
2025-08-19,Crypto.com/Nadex,393749,7874.98
2025-08-19,ForecastEx,185483,1854.83
2025-08-20,Crypto.com/Nadex,469839,9396.78
2025-08-20,ForecastEx,241401,2414.01
2025-08-21,Crypto.com/Nadex,434127,8682.54
2025-08-21,ForecastEx,101772,1017.72
2025-08-22,Crypto.com/Nadex,336178,6723.56
2025-08-22,ForecastEx,302346,3023.46
2025-08-23,ForecastEx,1252,12.52
2025-08-24,ForecastEx,16631,166.31
2025-08-25,Crypto.com/Nadex,278500,5570
2025-08-25,ForecastEx,499011,4990.11
2025-08-26,Crypto.com/Nadex,427014,8540.28
2025-08-26,ForecastEx,162114,1621.14
2025-08-27,Crypto.com/Nadex,565666,11313.32
2025-08-27,ForecastEx,170610,1706.1
2025-08-28,Crypto.com/Nadex,493488,9869.76
2025-08-28,ForecastEx,253144,2531.44
2025-08-29,Crypto.com/Nadex,467225,9344.5
2025-08-29,ForecastEx,246580,2465.8
2025-08-30,ForecastEx,6735,67.35
2025-08-31,ForecastEx,18630,186.3
2025-09-01,Crypto.com/Nadex,688901,13778.02
2025-09-01,ForecastEx,88466,884.66
2025-09-02,Crypto.com/Nadex,566169,11323.38
2025-09-02,ForecastEx,230380,2303.8
2025-09-03,Crypto.com/Nadex,906633,18132.66
2025-09-03,ForecastEx,167278,1672.78
2025-09-04,Crypto.com/Nadex,1435617,28712.34
2025-09-04,ForecastEx,136298,1362.98
2025-09-05,Crypto.com/Nadex,1760403,35208.06
2025-09-05,ForecastEx,254059,2540.59
2025-09-06,ForecastEx,3258,32.58
2025-09-07,ForecastEx,74318,743.18
2025-09-08,Crypto.com/Nadex,2269362,45387.24
2025-09-08,ForecastEx,245208,2452.08
2025-09-09,Crypto.com/Nadex,1995244,39904.88
2025-09-09,ForecastEx,363716,3637.16
2025-09-10,Crypto.com/Nadex,1624835,32496.7
2025-09-10,ForecastEx,575606,5756.06
2025-09-11,Crypto.com/Nadex,1817019,36340.38
2025-09-11,ForecastEx,226648,2266.48
2025-09-12,Crypto.com/Nadex,2176924,43538.48
2025-09-12,ForecastEx,234678,2346.78
2025-09-13,ForecastEx,4123,41.23
2025-09-14,ForecastEx,36464,364.64
2025-09-15,Crypto.com/Nadex,3243860,64877.2
2025-09-15,ForecastEx,241133,2411.33
2025-09-16,Crypto.com/Nadex,3312339,66246.78
2025-09-16,ForecastEx,494161,4941.61
2025-09-17,Crypto.com/Nadex,2838707,56774.14
2025-09-17,ForecastEx,1129904,11299.04
2025-09-18,Crypto.com/Nadex,3639653,72793.06
2025-09-18,ForecastEx,292971,2929.71
2025-09-19,Crypto.com/Nadex,3947105,78942.1
2025-09-19,ForecastEx,190228,1902.28
2025-09-20,ForecastEx,23966,239.66
2025-09-21,ForecastEx,24613,246.13
2025-09-22,Crypto.com/Nadex,4894025,97880.5
2025-09-22,ForecastEx,139610,1396.1
2025-09-23,Crypto.com/Nadex,3588003,71760.06
2025-09-23,ForecastEx,81803,818.03
2025-09-24,Crypto.com/Nadex,3140252,62805.04
2025-09-24,ForecastEx,187372,1873.72
2025-09-25,Crypto.com/Nadex,3977527,79550.54
2025-09-25,ForecastEx,187387,1873.87
2025-09-26,Crypto.com/Nadex,4184933,83698.66
2025-09-26,ForecastEx,125596,1255.96
2025-09-27,ForecastEx,27071,270.71
2025-09-28,ForecastEx,204710,2047.1
2025-09-29,Crypto.com/Nadex,6082374,121647.48
2025-09-29,ForecastEx,95576,955.76
2025-09-30,Crypto.com/Nadex,4180938,83618.76
2025-09-30,ForecastEx,152026,1520.26
2025-10-01,Crypto.com/Nadex,3566538,71330.76
2025-10-01,ForecastEx,154250,1542.5
2025-10-02,Crypto.com/Nadex,4334121,86682.42
2025-10-02,ForecastEx,182713,1827.13
2025-10-03,Crypto.com/Nadex,5958603,119172.06
2025-10-03,ForecastEx,290213,2902.13
2025-10-04,ForecastEx,12979,129.79
2025-10-05,ForecastEx,18338,183.38
2025-10-06,Crypto.com/Nadex,6661244,133224.88
2025-10-06,ForecastEx,372373,3723.73
2025-10-07,Crypto.com/Nadex,5560748,111214.96
2025-10-07,ForecastEx,99523,995.23
2025-10-08,Crypto.com/Nadex,4068420,81368.4
2025-10-08,ForecastEx,67835,678.35
2025-10-09,Crypto.com/Nadex,3620063,72401.26
2025-10-09,ForecastEx,202478,2024.78
2025-10-10,Crypto.com/Nadex,5691848,113836.96
2025-10-10,ForecastEx,227800,2278
2025-10-11,ForecastEx,3995,39.95
2025-10-12,ForecastEx,88950,889.5
2025-10-13,Crypto.com/Nadex,6306022,126120.44
2025-10-13,ForecastEx,534063,5340.63
2025-10-14,Crypto.com/Nadex,5739702,114794.04
2025-10-14,ForecastEx,506591,5065.91
2025-10-15,Crypto.com/Nadex,3267787,65355.74
2025-10-15,ForecastEx,300292,3002.92
2025-10-16,Crypto.com/Nadex,3210412,64208.24
2025-10-16,ForecastEx,645218,6452.18
2025-10-17,Crypto.com/Nadex,5941512,118830.24
2025-10-17,ForecastEx,1153170,11531.7
2025-10-18,ForecastEx,1868,18.68
2025-10-19,ForecastEx,563901,5639.01
2025-10-20,Crypto.com/Nadex,7647980,152959.6
2025-10-20,ForecastEx,616035,6160.35
2025-10-21,Crypto.com/Nadex,6449396,128987.92
2025-10-21,ForecastEx,538120,5381.2
2025-10-22,Crypto.com/Nadex,5208004,104160.08
2025-10-22,ForecastEx,235159,2351.59
2025-10-23,Crypto.com/Nadex,6402318,128046.36
2025-10-23,ForecastEx,415755,4157.55
2025-10-24,Crypto.com/Nadex,6625332,132506.64
2025-10-24,ForecastEx,793759,7937.59
2025-10-25,ForecastEx,267541,2675.41
2025-10-26,ForecastEx,553852,5538.52
2025-10-27,Crypto.com/Nadex,7679632,153592.64
2025-10-27,ForecastEx,2142750,21427.5
2025-10-28,Crypto.com/Nadex,7623803,152476.06
2025-10-28,ForecastEx,3335788,33357.88
2025-10-29,Crypto.com/Nadex,6487343,129746.86
2025-10-29,ForecastEx,2874386,28743.86
2025-10-30,Crypto.com/Nadex,8403603,168072.06
2025-10-30,ForecastEx,3226443,32264.43
2025-10-30,Polymarket_US,412,0.74
2025-10-31,Crypto.com/Nadex,7289429,145788.58
2025-10-31,ForecastEx,2183342,21833.42
2025-10-31,Polymarket_US,1517,3.82
2025-11-01,ForecastEx,940274,9402.74
2025-11-01,Polymarket_US,50,0.05
2025-11-02,ForecastEx,1507081,15070.81
2025-11-02,Polymarket_US,6583,12.13
2025-11-03,Crypto.com/Nadex,11389245,227784.9
2025-11-03,ForecastEx,4095615,40956.15
2025-11-03,Polymarket_US,3859,6.24
2025-11-04,Crypto.com/Nadex,12897850,257957
2025-11-04,ForecastEx,12931297,129312.97
2025-11-04,Polymarket_US,528,0.79
2025-11-05,Crypto.com/Nadex,8372341,167446.82
2025-11-05,ForecastEx,7149430,71494.3
2025-11-05,Polymarket_US,555,0.23
2025-11-06,Crypto.com/Nadex,6550567,131011.34
2025-11-06,ForecastEx,893476,8934.76
2025-11-06,Polymarket_US,1199,0.41
2025-11-07,Crypto.com/Nadex,11650862,233017.24
2025-11-07,ForecastEx,1196373,11963.73
2025-11-07,Polymarket_US,664,0.39
2025-11-08,ForecastEx,301586,3015.86
2025-11-08,Polymarket_US,74,0.1
2025-11-09,ForecastEx,87874,878.74
2025-11-09,Polymarket_US,12350,18.49
2025-11-10,Crypto.com/Nadex,9369060,187381.2
2025-11-10,ForecastEx,293530,2935.3
2025-11-10,Polymarket_US,12142,14.5
2025-11-11,Crypto.com/Nadex,8678514,173570.28
2025-11-11,ForecastEx,348001,3480.01
2025-11-11,Polymarket_US,3237,5.4
2025-11-12,Crypto.com/Nadex,7563926,151278.52
2025-11-12,ForecastEx,318462,3184.62
2025-11-12,Polymarket_US,850,0.75
2025-11-13,Crypto.com/Nadex,8860331,177206.62
2025-11-13,ForecastEx,405273,4052.73
2025-11-13,Polymarket_US,5177,5.63
2025-11-14,Crypto.com/Nadex,7304581,146091.62
2025-11-14,ForecastEx,487036,4870.36
2025-11-14,Polymarket_US,4861,2.28
2025-11-15,ForecastEx,14106,141.06
2025-11-15,Polymarket_US,7689,7.52
2025-11-16,ForecastEx,16256,162.56
2025-11-16,Polymarket_US,285448,480.33
2025-11-17,Crypto.com/Nadex,11992867,239857.34
2025-11-17,ForecastEx,258338,2583.38
2025-11-17,Polymarket_US,454402,706.82
2025-11-18,Crypto.com/Nadex,9699310,193986.2
2025-11-18,ForecastEx,445297,4452.97
2025-11-18,Polymarket_US,16827,29.92
2025-11-19,Crypto.com/Nadex,7160743,143214.86
2025-11-19,ForecastEx,1071285,10712.85
2025-11-19,Polymarket_US,6750,10.3
2025-11-20,Crypto.com/Nadex,8441322,168826.44
2025-11-20,ForecastEx,1735744,17357.44
2025-11-20,Polymarket_US,5962,11.91
2025-11-21,Crypto.com/Nadex,10550717,211014.34
2025-11-21,ForecastEx,2518191,25181.91
2025-11-21,Polymarket_US,9470,11.1
2025-11-22,ForecastEx,1550490,15504.9
2025-11-22,Polymarket_US,3313,5.22
2025-11-23,ForecastEx,2655386,26553.86
2025-11-23,Polymarket_US,220770,341.61
2025-11-24,Crypto.com/Nadex,12232547,244650.94
2025-11-24,ForecastEx,2316459,23164.59
2025-11-24,Polymarket_US,260791,415.01
2025-11-25,Crypto.com/Nadex,8854928,177098.56
2025-11-25,ForecastEx,2636143,26361.43
2025-11-25,Polymarket_US,65937,36.63
2025-11-26,Crypto.com/Nadex,9577067,191541.34
2025-11-26,ForecastEx,2938852,29388.52
2025-11-26,Polymarket_US,4632,6.05
2025-11-27,Crypto.com/Nadex,16475826,329516.52
2025-11-27,ForecastEx,1702315,17023.15
2025-11-27,Polymarket_US,39836,82.49
2025-11-28,Crypto.com/Nadex,22226994,444539.88
2025-11-28,ForecastEx,2550137,25501.37
2025-11-28,Polymarket_US,77047,113.53
2025-11-29,ForecastEx,2072024,20720.24
2025-11-29,Polymarket_US,96620,95.49
2025-11-30,ForecastEx,11617660,116176.6
2025-11-30,Polymarket_US,357373,554.51
2025-12-01,Crypto.com/Nadex,12408827,248176.54
2025-12-01,ForecastEx,2779049,27790.49
2025-12-01,Polymarket_US,1221574,1999.79
2025-12-02,Crypto.com/Nadex,18918984,378379.68
2025-12-02,ForecastEx,3024396,30243.96
2025-12-02,Polymarket_US,405562,539.19
2025-12-03,Crypto.com/Nadex,19469782,389395.64
2025-12-03,ForecastEx,3495747,34957.47
2025-12-03,Polymarket_US,480035,659.82
2025-12-04,Crypto.com/Nadex,12032389,240647.78
2025-12-04,ForecastEx,3026445,30264.45
2025-12-04,Polymarket_US,627621,912.72
2025-12-05,Crypto.com/Nadex,11275064,225501.28
2025-12-05,ForecastEx,3214669,32146.69
2025-12-05,Polymarket_US,942192,1154.12
2025-12-06,ForecastEx,2363330,23633.3
2025-12-06,Polymarket_US,1329420,1636.8
2025-12-07,ForecastEx,10771264,107712.64
2025-12-07,Polymarket_US,2530500,3785.88
2025-12-08,Crypto.com/Nadex,9585493,191709.86
2025-12-08,ForecastEx,3325371,33253.71
2025-12-08,Polymarket_US,782071,1259.59
2025-12-09,Crypto.com/Nadex,8025366,160507.32
2025-12-09,ForecastEx,2693305,26933.05
2025-12-09,Polymarket_US,356905,528.87
2025-12-10,Crypto.com/Nadex,7552674,151053.48
2025-12-10,ForecastEx,3947496,39474.96
2025-12-10,Polymarket_US,481817,737.6
2025-12-11,Crypto.com/Nadex,6870261,137405.22
2025-12-11,ForecastEx,3320082,33200.82
2025-12-11,Polymarket_US,434037,698.8
2025-12-12,Crypto.com/Nadex,7586104,151722.08
2025-12-12,ForecastEx,3235990,32359.9
2025-12-12,Polymarket_US,915010,1093.17
2025-12-13,ForecastEx,2229333,22293.33
2025-12-13,Polymarket_US,1504776,1977.49
2025-12-14,ForecastEx,25845548,258455.48
2025-12-14,Polymarket_US,2247382,3218.98
2025-12-15,Crypto.com/Nadex,10818017,216360.34
2025-12-15,ForecastEx,2691027,26910.27
2025-12-15,Polymarket_US,1814022,2371.36
2025-12-16,Crypto.com/Nadex,9124794,182495.88
2025-12-16,ForecastEx,2538393,25383.93
2025-12-16,Polymarket_US,1090748,1535.23
2025-12-17,Crypto.com/Nadex,14234791,284695.82
2025-12-17,ForecastEx,3307766,33077.66
2025-12-17,Polymarket_US,751174,917.83
2025-12-18,Crypto.com/Nadex,14907778,298155.56
2025-12-18,ForecastEx,3014313,30143.13
2025-12-18,Polymarket_US,1707019,2344.6
2025-12-19,Crypto.com/Nadex,13689408,273788.16
2025-12-19,ForecastEx,2970615,29706.15
2025-12-19,Polymarket_US,4806195,6479.59
2025-12-20,ForecastEx,1559677,15596.77
2025-12-20,Polymarket_US,4693007,7255.25
2025-12-21,ForecastEx,18831696,188316.96
2025-12-21,Polymarket_US,6238575,8977.26
2025-12-22,Crypto.com/Nadex,13536317,270726.34
2025-12-22,ForecastEx,4596653,45966.53
2025-12-22,Polymarket_US,3855745,5889.7
2025-12-23,Crypto.com/Nadex,10999411,219988.22
2025-12-23,ForecastEx,16890757,168907.57
2025-12-23,Polymarket_US,3178632,4221.53
2025-12-24,Crypto.com/Nadex,9647764,192955.28
2025-12-24,ForecastEx,3877598,38775.98
2025-12-24,Polymarket_US,3193606,4580.53
2025-12-25,Crypto.com/Nadex,11878273,237565.46
2025-12-25,ForecastEx,12009713,120097.13
2025-12-25,Polymarket_US,3528482,6403.81
2025-12-26,Crypto.com/Nadex,13737242,274744.84
2025-12-26,ForecastEx,3293438,32934.38
2025-12-26,Polymarket_US,4175843,6806.84
2025-12-27,ForecastEx,2757012,27570.12
2025-12-27,Polymarket_US,5181287,7837.8
2025-12-28,ForecastEx,38649651,386496.51
2025-12-28,Polymarket_US,8555413,13748.83
2025-12-29,Crypto.com/Nadex,15295657,305913.14
2025-12-29,ForecastEx,2229122,22291.22
2025-12-29,Polymarket_US,5676074,8787.04
2025-12-30,Crypto.com/Nadex,12583391,251667.82
2025-12-30,ForecastEx,2705371,27053.71
2025-12-30,Polymarket_US,5146356,7008.09
2025-12-31,Crypto.com/Nadex,14036625,280732.5
2025-12-31,ForecastEx,1957857,19578.57
2025-12-31,Polymarket_US,6997343,10713.48
2026-01-01,Crypto.com/Nadex,18880739,377614.78
2026-01-01,ForecastEx,1470308,14703.08
2026-01-01,Polymarket_US,6363463,8971.77
2026-01-02,Crypto.com/Nadex,15605967,312119.34
2026-01-02,ForecastEx,2136315,21363.15
2026-01-02,Polymarket_US,4633014,6445.23
2026-01-03,ForecastEx,7670815,76708.15
2026-01-03,Polymarket_US,6153581,8652.22
2026-01-04,ForecastEx,50768118,507681.18
2026-01-04,Polymarket_US,9040880,12237.81
2026-01-05,Crypto.com/Nadex,12482371,249647.42
2026-01-05,ForecastEx,1603813,16038.13
2026-01-05,Polymarket_US,4836447,7243.19
2026-01-06,Crypto.com/Nadex,13062418,261248.36
2026-01-06,ForecastEx,1473639,14736.39
2026-01-06,Polymarket_US,3861541,4670.4
2026-01-07,Crypto.com/Nadex,13922059,278441.18
2026-01-07,ForecastEx,1683441,16834.41
2026-01-07,Polymarket_US,6471633,9182.44
2026-01-08,Crypto.com/Nadex,14095040,281900.8
2026-01-08,ForecastEx,1737533,17375.33
2026-01-08,Polymarket_US,8346232,10713.98
2026-01-09,Crypto.com/Nadex,13968676,279373.52
2026-01-09,ForecastEx,2212284,22122.84
2026-01-09,Polymarket_US,5338377,7764.57
2026-01-10,ForecastEx,2410014,24100.14
2026-01-10,Polymarket_US,13338719,18904.28
2026-01-11,ForecastEx,20995332,209953.32
2026-01-11,Polymarket_US,17618097,27449.84
2026-01-12,Crypto.com/Nadex,14358325,287166.5
2026-01-12,ForecastEx,1530067,15300.67
2026-01-12,Polymarket_US,11105581,14580.4
2026-01-13,Crypto.com/Nadex,11625225,232504.5
2026-01-13,ForecastEx,2102527,21025.27
2026-01-13,Polymarket_US,8589357,12467.11
2026-01-14,Crypto.com/Nadex,10836991,216739.82
2026-01-14,ForecastEx,1887892,18878.92
2026-01-14,Polymarket_US,8198008,10682.21
2026-01-15,Crypto.com/Nadex,14406594,288131.88
2026-01-15,ForecastEx,1903217,19032.17
2026-01-15,Polymarket_US,9385545,13052.23
2026-01-16,Crypto.com/Nadex,12901372,258027.44
2026-01-16,ForecastEx,2338364,23383.64
2026-01-16,Polymarket_US,7445407,10223.01
2026-01-17,ForecastEx,1742617,17426.17
2026-01-17,Polymarket_US,11936089,14873.77
2026-01-18,ForecastEx,19968357,199683.57
2026-01-18,Polymarket_US,11944140,14400.82
2026-01-19,Crypto.com/Nadex,20255907,405118.14
2026-01-19,ForecastEx,6593389,65933.89
2026-01-19,Polymarket_US,10333657,15841.11
2026-01-20,Crypto.com/Nadex,16066633,321332.66
2026-01-20,ForecastEx,2219346,22193.46
2026-01-20,Polymarket_US,7028098,7748.21
2026-01-21,Crypto.com/Nadex,15041116,300822.32
2026-01-21,ForecastEx,1916708,19167.08
2026-01-21,Polymarket_US,5817140,9165.4
2026-01-22,Crypto.com/Nadex,14360851,287217.02
2026-01-22,ForecastEx,2184455,21844.55
2026-01-22,Polymarket_US,6832603,10313.67
2026-01-23,Crypto.com/Nadex,14772058,295441.16
2026-01-23,ForecastEx,2267970,22679.7
2026-01-23,Polymarket_US,9545659,13158.68
2026-01-24,ForecastEx,1292149,12921.49
2026-01-24,Polymarket_US,14357963,21258.92
2026-01-25,ForecastEx,1278827,12788.27
2026-01-25,Polymarket_US,13011259,19595.36
2026-01-26,Crypto.com/Nadex,18332980,366659.6
2026-01-26,ForecastEx,1867894,18678.94
2026-01-26,Polymarket_US,10532998,13118.38
2026-01-27,Crypto.com/Nadex,13944905,278898.1
2026-01-27,ForecastEx,1629850,16298.5
2026-01-27,Polymarket_US,6288706,7461.44
2026-01-28,Crypto.com/Nadex,19092127,381842.54
2026-01-28,ForecastEx,1724177,17241.77
2026-01-28,Polymarket_US,9990921,13567.76
2026-01-29,Crypto.com/Nadex,13945472,278909.44
2026-01-29,ForecastEx,1626939,16269.39
2026-01-29,Polymarket_US,11122241,16643.73
2026-01-30,Crypto.com/Nadex,18186593,363731.86
2026-01-30,ForecastEx,1886481,18864.81
2026-01-30,Polymarket_US,10540382,14123.26
2026-01-31,ForecastEx,1120738,11207.38
2026-01-31,Polymarket_US,12393866,18191.28
2026-02-01,ForecastEx,1136324,11363.24
2026-02-01,Polymarket_US,11686319,15497.58
2026-02-02,Crypto.com/Nadex,10152306,203046.12
2026-02-02,ForecastEx,1825951,18259.51
2026-02-02,Polymarket_US,4865846,6772.97
2026-02-03,Crypto.com/Nadex,10067426,201348.52
2026-02-03,ForecastEx,2074665,20746.65
2026-02-03,Polymarket_US,4260606,6926.41
2026-02-04,Crypto.com/Nadex,14372846,287456.92
2026-02-04,ForecastEx,1943681,19436.81
2026-02-04,Polymarket_US,8855754,12964.51
2026-02-05,Crypto.com/Nadex,17082304,341646.08
2026-02-05,ForecastEx,2202442,22024.42
2026-02-05,Polymarket_US,10848961,14670.48
2026-02-06,Crypto.com/Nadex,15254149,305082.98
2026-02-06,ForecastEx,2475094,24750.94
2026-02-06,Polymarket_US,6874250,9326.68
2026-02-07,ForecastEx,1665035,16650.35
2026-02-07,Polymarket_US,10176641,13816.65
2026-02-08,ForecastEx,1828699,18286.99
2026-02-08,Polymarket_US,13937509,22258.2
2026-02-09,Crypto.com/Nadex,20761740,415234.8
2026-02-09,ForecastEx,1717176,17171.76
2026-02-09,Polymarket_US,5636926,12427.96
2026-02-10,Crypto.com/Nadex,13186837,263736.74
2026-02-10,ForecastEx,1739117,17391.17
2026-02-10,Polymarket_US,8346340,12045.07
2026-02-11,Crypto.com/Nadex,11724829,234496.58
2026-02-11,ForecastEx,1678200,16782
2026-02-11,Polymarket_US,7688771,10832.73
2026-02-12,Crypto.com/Nadex,10365534,207310.68
2026-02-12,ForecastEx,2907818,29078.18
2026-02-12,Polymarket_US,9577875,14045.7
2026-02-13,Crypto.com/Nadex,11777138,235542.76
2026-02-13,ForecastEx,13478187,134781.87
2026-02-13,Polymarket_US,7905440,12151.99
2026-02-14,ForecastEx,1460926,14609.26
2026-02-14,Polymarket_US,12126505,16484.03
2026-02-15,ForecastEx,1603182,16031.82
2026-02-15,Polymarket_US,13027719,17608.68
2026-02-16,Crypto.com/Nadex,5757858,115157.16
2026-02-16,ForecastEx,1703620,17036.2
2026-02-16,Polymarket_US,3796617,5119.45
2026-02-17,Crypto.com/Nadex,7836323,156726.46
2026-02-17,ForecastEx,1904076,19040.76
2026-02-17,Polymarket_US,5269711,6653.15
2026-02-18,Crypto.com/Nadex,13058526,261170.52
2026-02-18,ForecastEx,2013832,20138.32
2026-02-18,Polymarket_US,7973127,10678.11
2026-02-19,Crypto.com/Nadex,11019614,220392.28
2026-02-19,ForecastEx,1919210,19192.1
2026-02-19,Polymarket_US,9329880,13426.49
2026-02-20,Crypto.com/Nadex,17645123,352902.46
2026-02-20,ForecastEx,2485892,24858.92
2026-02-20,Polymarket_US,9043045,13673.56
2026-02-21,ForecastEx,1678142,16781.42
2026-02-21,Polymarket_US,12128541,15271.41
2026-02-22,ForecastEx,871955,8719.55
2026-02-22,Polymarket_US,14125309,19368.31
2026-02-23,Crypto.com/Nadex,9510359,190207.18
2026-02-23,ForecastEx,1949517,19495.17
2026-02-23,Polymarket_US,4755299,7819.17
2026-02-24,Crypto.com/Nadex,10443479,208869.58
2026-02-24,ForecastEx,1912504,19125.04
2026-02-24,Polymarket_US,5427261,7866.89
2026-02-25,Crypto.com/Nadex,16435158,328703.16
2026-02-25,ForecastEx,1759350,17593.5
2026-02-25,Polymarket_US,12499848,17283.56
2026-02-26,Crypto.com/Nadex,15357559,307151.18
2026-02-26,ForecastEx,1719343,17193.43
2026-02-26,Polymarket_US,12431520,16046.22
2026-02-27,Crypto.com/Nadex,14776404,295528.08
2026-02-27,ForecastEx,2129134,21291.34
2026-02-27,Polymarket_US,11146560,15683.68
2026-02-28,ForecastEx,1567584,15675.84
2026-02-28,Polymarket_US,19382897,27073.82
2026-03-01,ForecastEx,1544610,15446.1
2026-03-01,Polymarket_US,19286373,28345.16
2026-03-02,Crypto.com/Nadex,10985172,219703.44
2026-03-02,ForecastEx,1755284,17552.84
2026-03-02,Polymarket_US,7068623,12150.79
2026-03-03,Crypto.com/Nadex,15279448,305588.96
2026-03-03,ForecastEx,1560240,15602.4
2026-03-03,Polymarket_US,7397291,11416.91
2026-03-04,Crypto.com/Nadex,21715052,434301.04
2026-03-04,ForecastEx,1820634,18206.34
2026-03-04,Polymarket_US,11311124,14174.66
2026-03-05,Crypto.com/Nadex,19243065,384861.3
2026-03-05,ForecastEx,1674071,16740.71
2026-03-05,Polymarket_US,10535515,15358.54
2026-03-06,Crypto.com/Nadex,18380328,367606.56
2026-03-06,ForecastEx,1922455,19224.55
2026-03-06,Polymarket_US,12860230,17748.28
2026-03-07,ForecastEx,1200874,12008.74
2026-03-07,Polymarket_US,14655336,19640.53
2026-03-08,ForecastEx,638145,6381.45
2026-03-08,Polymarket_US,13640325,18846.48
2026-03-09,Crypto.com/Nadex,15295709,305914.18
2026-03-09,ForecastEx,1211761,12117.61
2026-03-09,Polymarket_US,7714154,9302.55
2026-03-10,Crypto.com/Nadex,16640044,332800.88
2026-03-10,ForecastEx,1310059,13100.59
2026-03-10,Polymarket_US,8051021,9181.79
2026-03-11,Crypto.com/Nadex,21291815,425836.3
2026-03-11,ForecastEx,1512434,15124.34
2026-03-11,Polymarket_US,12440763,16886.33
2026-03-12,Crypto.com/Nadex,22719688,454393.76
2026-03-12,ForecastEx,1925619,19256.19
2026-03-12,Polymarket_US,11659115,15675.4
2026-03-13,Crypto.com/Nadex,24363713,487274.26
2026-03-13,ForecastEx,1913093,19130.93
2026-03-13,Polymarket_US,13170627,15744.98
2026-03-14,ForecastEx,987319,9873.19
2026-03-14,Polymarket_US,15377104,18553.23
2026-03-15,ForecastEx,1126440,11264.4
2026-03-15,Polymarket_US,13294499,17095.54
2026-03-16,Crypto.com/Nadex,15510375,310207.5
2026-03-16,ForecastEx,1575714,15757.14
2026-03-16,Polymarket_US,5477826,6531.7
2026-03-17,Crypto.com/Nadex,15376588,307531.76
2026-03-17,ForecastEx,1591688,15916.88
2026-03-17,Polymarket_US,6704601,9800.65
2026-03-18,Crypto.com/Nadex,17515957,350319.14
2026-03-18,ForecastEx,1617120,16171.2
2026-03-18,Polymarket_US,7840821,11949.18
2026-03-19,Crypto.com/Nadex,29858387,597167.74
2026-03-19,ForecastEx,1277841,12778.41
2026-03-19,Polymarket_US,21497455,23021.72
2026-03-20,Crypto.com/Nadex,32106216,642124.32
2026-03-20,ForecastEx,1684886,16848.86
2026-03-20,Polymarket_US,57994875,66632.43
2026-03-21,ForecastEx,716342,7163.42
2026-03-21,Polymarket_US,55253220,62239.7
2026-03-22,ForecastEx,781064,7810.64
2026-03-22,Polymarket_US,60092116,72635.27
2026-03-23,Crypto.com/Nadex,21026277,420525.54
2026-03-23,ForecastEx,1150895,11508.95
2026-03-23,Polymarket_US,48879795,61898
2026-03-24,Crypto.com/Nadex,13417344,268346.88
2026-03-24,ForecastEx,1102499,11024.99
2026-03-24,Polymarket_US,26421212,37177.38
2026-03-25,Crypto.com/Nadex,11454178,229083.56
2026-03-25,ForecastEx,1050050,10500.5
2026-03-25,Polymarket_US,17857584,23912.68
2026-03-26,Crypto.com/Nadex,17977938,359558.76
2026-03-26,ForecastEx,1069830,10698.3
2026-03-26,Polymarket_US,32496627,44702.87
2026-03-27,Crypto.com/Nadex,19735797,394715.94
2026-03-27,ForecastEx,1514945,15149.45
2026-03-27,Polymarket_US,36502655,43571.95
2026-03-28,ForecastEx,944792,9447.92
2026-03-28,Polymarket_US,48284848,58120.04
2026-03-29,ForecastEx,825402,8254.02
2026-03-29,Polymarket_US,38653144,51894.45
2026-03-30,Crypto.com/Nadex,15316126,306322.52
2026-03-30,ForecastEx,1106193,11061.93
2026-03-30,Polymarket_US,26430198,30819.42
2026-03-31,Crypto.com/Nadex,16310712,326214.24
2026-03-31,ForecastEx,1044316,10443.16
2026-03-31,Polymarket_US,33366167,46856.81
2026-04-01,Crypto.com/Nadex,18947532,378950.64
2026-04-01,ForecastEx,1034363,10343.63
2026-04-01,Polymarket_US,32079560,44401.03
2026-04-02,Crypto.com/Nadex,15311801,306236.02
2026-04-02,ForecastEx,945471,9454.71
2026-04-02,Polymarket_US,20409716,34880.82
2026-04-03,Crypto.com/Nadex,19023459,380469.18
2026-04-03,ForecastEx,1140710,11407.1
2026-04-03,Polymarket_US,32202814,40606.77
2026-04-04,ForecastEx,1271637,12716.37
2026-04-04,Polymarket_US,36274450,55379.38
2026-04-05,ForecastEx,929521,9295.21
2026-04-05,Polymarket_US,28521153,42058.5
2026-04-06,Crypto.com/Nadex,20676561,413531.22
2026-04-06,ForecastEx,1129485,11294.85
2026-04-06,Polymarket_US,36573774,42560.61
2026-04-07,Crypto.com/Nadex,22954236,459084.72
2026-04-07,ForecastEx,1355395,13553.95
2026-04-07,Polymarket_US,86033644,53450.7
2026-04-08,Crypto.com/Nadex,24401842,488036.84
2026-04-08,ForecastEx,1351357,13513.57
2026-04-08,Polymarket_US,46354499,54300.47
2026-04-09,Crypto.com/Nadex,23886999,477739.98
2026-04-09,ForecastEx,1378626,13786.26
2026-04-09,Polymarket_US,85086890,38434.62
2026-04-10,Crypto.com/Nadex,20161494,403229.88
2026-04-10,ForecastEx,1022745,10227.45
2026-04-10,Polymarket_US,97949882,33625.1
2026-04-11,ForecastEx,929813,9298.13
2026-04-11,Polymarket_US,59218593,40308.93
2026-04-12,ForecastEx,912723,9127.23
2026-04-12,Polymarket_US,71203838,40388.7
2026-04-13,Crypto.com/Nadex,17273543,345470.86
2026-04-13,ForecastEx,805330,8053.3
2026-04-13,Polymarket_US,29599559,32614.58
2026-04-14,Crypto.com/Nadex,14952022,299040.44
2026-04-14,ForecastEx,1133934,11339.34
2026-04-14,Polymarket_US,20198333,26932.37
2026-04-15,Crypto.com/Nadex,21336820,426736.4
2026-04-15,ForecastEx,1301034,13010.34
2026-04-15,Polymarket_US,28890638,39056.71
2026-04-16,Crypto.com/Nadex,21801818,436036.36
2026-04-16,ForecastEx,1831974,18319.74
2026-04-16,Polymarket_US,35144980,29247.08
2026-04-17,Crypto.com/Nadex,16948285,338965.7
2026-04-17,ForecastEx,1476516,14765.16
2026-04-17,Polymarket_US,24049188,25417.94
2026-04-18,ForecastEx,1338788,13387.88
2026-04-18,Polymarket_US,35299228,34557.27
2026-04-19,ForecastEx,808939,8089.39
2026-04-19,Polymarket_US,33716022,40937.43
2026-04-20,Crypto.com/Nadex,18174786,363495.72
2026-04-20,ForecastEx,1204817,12048.17
2026-04-20,Polymarket_US,23507239,32302.71
2026-04-21,Crypto.com/Nadex,19422920,388458.4
2026-04-21,ForecastEx,1109897,11098.97
2026-04-21,Polymarket_US,27293415,37346.71
2026-04-22,Crypto.com/Nadex,27199752,543995.04
2026-04-22,ForecastEx,1251650,12516.5
2026-04-22,Polymarket_US,37198614,50726.64
2026-04-23,Crypto.com/Nadex,25253335,505066.7
2026-04-23,ForecastEx,1033614,10336.14
2026-04-23,Polymarket_US,32578906,37759.54
2026-04-24,Crypto.com/Nadex,23987159,479743.18
2026-04-24,ForecastEx,1074929,10749.29
2026-04-24,Polymarket_US,32156379,44320.62
2026-04-25,ForecastEx,737269,7372.69
2026-04-25,Polymarket_US,45037140,68013.5
2026-04-26,ForecastEx,652759,6527.59
2026-04-26,Polymarket_US,54047358,80861.51
2026-04-27,Crypto.com/Nadex,20643016,412860.32
2026-04-27,ForecastEx,776284,7762.84
2026-04-27,Polymarket_US,30846314,43173.05
2026-04-28,Crypto.com/Nadex,21298276,425965.52
2026-04-28,ForecastEx,913121,9131.21
2026-04-28,Polymarket_US,43949313,58604.46
2026-04-29,Crypto.com/Nadex,22417618,448352.36
2026-04-29,ForecastEx,1133127,11331.27
2026-04-29,Polymarket_US,43801323,56633.48
2026-04-30,Crypto.com/Nadex,25607262,512145.24
2026-04-30,ForecastEx,997898,9978.98
2026-04-30,Polymarket_US,51939869,69836.76
2026-05-01,Crypto.com/Nadex,20081801,401636.02
2026-05-01,ForecastEx,1031181,10311.81
2026-05-01,Polymarket_US,41570652,54608.84
2026-05-02,ForecastEx,646090,6460.9
2026-05-02,Polymarket_US,49970256,68396.13
2026-05-03,ForecastEx,702159,7021.59
2026-05-03,Polymarket_US,41356956,55945.46
2026-05-04,Crypto.com/Nadex,15271967,305439.34
2026-05-04,ForecastEx,816509,8165.09
2026-05-04,Polymarket_US,34101510,41543.85
2026-05-05,Crypto.com/Nadex,18842327,376846.54
2026-05-05,ForecastEx,944309,9443.09
2026-05-05,Polymarket_US,39087546,50957.73
2026-05-06,Crypto.com/Nadex,20962305,419246.1
2026-05-06,ForecastEx,921836,9218.36
2026-05-06,Polymarket_US,47559208,54793.11
2026-05-07,Crypto.com/Nadex,22505978,450119.56
2026-05-07,ForecastEx,895531,8955.31
2026-05-07,Polymarket_US,48255078,51955.55
2026-05-08,Crypto.com/Nadex,21607876,432157.52
2026-05-08,ForecastEx,1028031,10280.31
2026-05-08,Polymarket_US,53120748,55829.18
2026-05-09,ForecastEx,654966,6549.66
2026-05-09,Polymarket_US,51495419,71164.92
2026-05-10,ForecastEx,611368,6113.68
2026-05-10,Polymarket_US,59373448,0
2026-05-11,Crypto.com/Nadex,17882964,357659.28
2026-05-11,ForecastEx,833685,8336.85
2026-05-11,Polymarket_US,41115922,0
2026-05-12,Crypto.com/Nadex,22763522,455270.44
2026-05-12,ForecastEx,911684,9116.84
2026-05-12,Polymarket_US,48041946,70556.98
2026-05-13,Crypto.com/Nadex,20640157,412803.14
2026-05-13,ForecastEx,872733,8727.33
2026-05-13,Polymarket_US,51074903,0
2026-05-14,Crypto.com/Nadex,23709693,474193.86
2026-05-14,ForecastEx,883926,8839.26
2026-05-14,Polymarket_US,70110154,63932.15
2026-05-15,Crypto.com/Nadex,17882888,357657.76
2026-05-15,ForecastEx,860853,8608.53
2026-05-15,Polymarket_US,57961729,55449.25
2026-05-16,ForecastEx,603857,6038.57
2026-05-16,Polymarket_US,78924007,79236.67
2026-05-17,ForecastEx,385511,3855.11
2026-05-17,Polymarket_US,69302933,0
2026-05-18,Crypto.com/Nadex,9431589,188631.78
2026-05-18,ForecastEx,819883,8198.83
2026-05-18,Polymarket_US,38854831,0
2026-05-19,ForecastEx,881090,8810.9
2026-05-19,Polymarket_US,67944869,0
2026-05-20,ForecastEx,808268,8082.68
2026-05-20,Polymarket_US,65232299,0
2026-05-21,ForecastEx,855901,8559.01
2026-05-21,Polymarket_US,65446570,0
2026-05-22,ForecastEx,858042,8580.42
2026-05-22,Polymarket_US,57655265,0
