date,platform,contracts,fees
2021-06-30,Kalshi,5,0.08
2021-07-01,Kalshi,2529,67.12
2021-07-02,Kalshi,1342,21.71
2021-07-04,Kalshi,181,3.67
2021-07-05,Kalshi,941,8.9
2021-07-06,Kalshi,717,9.84
2021-07-07,Kalshi,1402,27.41
2021-07-08,Kalshi,14750,141.99
2021-07-09,Kalshi,6510,46.86
2021-07-10,Kalshi,5671,13.74
2021-07-11,Kalshi,1602,30.68
2021-07-12,Kalshi,3823,34.7
2021-07-13,Kalshi,12325,110.65
2021-07-14,Kalshi,3303,52.7
2021-07-15,Kalshi,7496,112
2021-07-16,Kalshi,6346,122.31
2021-07-17,Kalshi,9361,82.9
2021-07-18,Kalshi,7507,78.64
2021-07-19,Kalshi,13332,151.97
2021-07-20,Kalshi,24303,262.33
2021-07-21,Kalshi,11003,132.59
2021-07-22,Kalshi,21820,218.5
2021-07-23,Kalshi,10619,197.7
2021-07-24,Kalshi,29530,315.6
2021-07-25,Kalshi,10396,90.79
2021-07-26,Kalshi,21404,288
2021-07-27,Kalshi,21242,221.9
2021-07-28,Kalshi,12998,145.5
2021-07-29,Kalshi,27129,412.17
2021-07-30,Kalshi,30172,392.8
2021-07-31,Kalshi,28025,297.92
2021-08-01,Kalshi,33086,533.93
2021-08-02,Kalshi,25664,321.41
2021-08-03,Kalshi,48918,689.29
2021-08-04,Kalshi,87876,1063.36
2021-08-05,Kalshi,80019,987.04
2021-08-06,Kalshi,90554,895.41
2021-08-07,Kalshi,50105,618.48
2021-08-08,Kalshi,33774,498.53
2021-08-09,Kalshi,86624,1049.46
2021-08-10,Kalshi,79820,1228.72
2021-08-11,Kalshi,87803,1078.37
2021-08-12,Kalshi,61470,872.2
2021-08-13,Kalshi,91131,1297.29
2021-08-14,Kalshi,31871,430.85
2021-08-15,Kalshi,67325,416.36
2021-08-16,Kalshi,31181,388.7
2021-08-17,Kalshi,79460,694.27
2021-08-18,Kalshi,51525,838.2
2021-08-19,Kalshi,60582,803.96
2021-08-20,Kalshi,74500,1159.74
2021-08-21,Kalshi,60178,788.93
2021-08-22,Kalshi,104766,1325.67
2021-08-23,Kalshi,42422,403.55
2021-08-24,Kalshi,76878,1191.89
2021-08-25,Kalshi,72343,905.46
2021-08-26,Kalshi,66374,717.67
2021-08-27,Kalshi,102320,1084.36
2021-08-28,Kalshi,53494,514.46
2021-08-29,Kalshi,73089,670.24
2021-08-30,Kalshi,53405,868.08
2021-08-31,Kalshi,65926,838.2
2021-09-01,Kalshi,127954,1297.05
2021-09-02,Kalshi,29666,400.44
2021-09-03,Kalshi,65368,944.72
2021-09-04,Kalshi,61099,890.32
2021-09-05,Kalshi,38107,312.47
2021-09-06,Kalshi,35063,242.09
2021-09-07,Kalshi,34211,435.29
2021-09-08,Kalshi,54694,886.64
2021-09-09,Kalshi,45528,574.26
2021-09-10,Kalshi,53404,793.3
2021-09-11,Kalshi,27444,307.51
2021-09-12,Kalshi,27722,455.73
2021-09-13,Kalshi,51982,719.55
2021-09-14,Kalshi,68389,766.95
2021-09-15,Kalshi,69756,796.94
2021-09-16,Kalshi,8585,107.57
2021-09-17,Kalshi,41810,392.18
2021-09-18,Kalshi,6005,35.69
2021-09-19,Kalshi,4608,58.34
2021-09-20,Kalshi,6972,99.14
2021-09-21,Kalshi,58298,703.82
2021-09-22,Kalshi,48047,607.02
2021-09-23,Kalshi,45841,490.27
2021-09-24,Kalshi,58428,684.74
2021-09-25,Kalshi,42734,433.51
2021-09-26,Kalshi,33907,501.92
2021-09-27,Kalshi,52048,525.74
2021-09-28,Kalshi,111686,1450.77
2021-09-29,Kalshi,76867,747.68
2021-09-30,Kalshi,100176,1041.22
2021-10-01,Kalshi,52851,765.02
2021-10-02,Kalshi,30442,375.5
2021-10-03,Kalshi,20849,267.56
2021-10-04,Kalshi,53031,782.57
2021-10-05,Kalshi,55383,905.45
2021-10-06,Kalshi,95917,1183.3
2021-10-07,Kalshi,59074,730.9
2021-10-08,Kalshi,54022,686
2021-10-09,Kalshi,15109,181.84
2021-10-10,Kalshi,17787,196.59
2021-10-11,Kalshi,29645,399.97
2021-10-12,Kalshi,45745,480.45
2021-10-13,Kalshi,68811,948.88
2021-10-14,Kalshi,50654,614.04
2021-10-15,Kalshi,31330,335.3
2021-10-16,Kalshi,20857,220.17
2021-10-17,Kalshi,14908,144.99
2021-10-18,Kalshi,34119,530.99
2021-10-19,Kalshi,49869,870.32
2021-10-20,Kalshi,79908,1238.66
2021-10-21,Kalshi,63806,1056.75
2021-10-22,Kalshi,41461,509.57
2021-10-23,Kalshi,20566,216.99
2021-10-24,Kalshi,18948,244.71
2021-10-25,Kalshi,53338,673.96
2021-10-26,Kalshi,58467,712.78
2021-10-27,Kalshi,67767,1017.98
2021-10-28,Kalshi,95657,1405.12
2021-10-29,Kalshi,57114,669.2
2021-10-30,Kalshi,45770,531.12
2021-10-31,Kalshi,27240,275.69
2021-11-01,Kalshi,74103,1163.35
2021-11-02,Kalshi,87079,1260.02
2021-11-03,Kalshi,160846,2520.11
2021-11-04,Kalshi,106359,1624.29
2021-11-05,Kalshi,207166,3411.61
2021-11-06,Kalshi,78642,1056.39
2021-11-07,Kalshi,38527,554.36
2021-11-08,Kalshi,108273,1184.52
2021-11-09,Kalshi,71663,1040.57
2021-11-10,Kalshi,69621,796.96
2021-11-11,Kalshi,57140,831.32
2021-11-12,Kalshi,39870,446.15
2021-11-13,Kalshi,30902,426.25
2021-11-14,Kalshi,45029,582.36
2021-11-15,Kalshi,55386,881.95
2021-11-16,Kalshi,69894,1171.37
2021-11-17,Kalshi,73349,1173.93
2021-11-18,Kalshi,106026,957.1
2021-11-19,Kalshi,70979,792.05
2021-11-20,Kalshi,29439,423.13
2021-11-21,Kalshi,22131,321.37
2021-11-22,Kalshi,71977,679.66
2021-11-23,Kalshi,75437,1082.05
2021-11-24,Kalshi,64683,654.54
2021-11-25,Kalshi,44731,708.91
2021-11-26,Kalshi,64710,1311.78
2021-11-27,Kalshi,40880,597.38
2021-11-28,Kalshi,31863,381.22
2021-11-29,Kalshi,80264,1018.24
2021-11-30,Kalshi,110298,1401.06
2021-12-01,Kalshi,90155,1335.36
2021-12-02,Kalshi,124916,1606.31
2021-12-03,Kalshi,71003,856.82
2021-12-04,Kalshi,39035,478.51
2021-12-05,Kalshi,37119,549.08
2021-12-06,Kalshi,67318,982.73
2021-12-07,Kalshi,100953,1535.02
2021-12-08,Kalshi,59577,973.47
2021-12-09,Kalshi,111103,1773.62
2021-12-10,Kalshi,99448,1167.93
2021-12-11,Kalshi,46303,668.54
2021-12-12,Kalshi,40849,536.15
2021-12-13,Kalshi,97793,1376.9
2021-12-14,Kalshi,244595,3142.5
2021-12-15,Kalshi,153930,2116.07
2021-12-16,Kalshi,108344,1161.29
2021-12-17,Kalshi,104264,1544.84
2021-12-18,Kalshi,39194,500.03
2021-12-19,Kalshi,57304,751.87
2021-12-20,Kalshi,160962,2136.86
2021-12-21,Kalshi,125343,1510.37
2021-12-22,Kalshi,116197,1266.32
2021-12-23,Kalshi,70350,959.25
2021-12-24,Kalshi,90499,1233.66
2021-12-25,Kalshi,36799,449.9
2021-12-26,Kalshi,26915,291.43
2021-12-27,Kalshi,58479,736.26
2021-12-28,Kalshi,205326,2632.84
2021-12-29,Kalshi,135613,1363.16
2021-12-30,Kalshi,70391,952.29
2021-12-31,Kalshi,94052,1168.43
2022-01-01,Kalshi,43452,554.22
2022-01-02,Kalshi,39249,579.02
2022-01-03,Kalshi,106359,1512.03
2022-01-04,Kalshi,206436,2015.55
2022-01-05,Kalshi,163458,2012.58
2022-01-06,Kalshi,78687,1064.97
2022-01-07,Kalshi,180867,2209.96
2022-01-08,Kalshi,65586,719.6
2022-01-09,Kalshi,61070,656.13
2022-01-10,Kalshi,183543,2514.89
2022-01-11,Kalshi,245892,2890.67
2022-01-12,Kalshi,109310,1688.69
2022-01-13,Kalshi,181734,2596.62
2022-01-14,Kalshi,141327,1437.53
2022-01-15,Kalshi,105482,757.73
2022-01-16,Kalshi,62070,651.04
2022-01-17,Kalshi,96211,1612.18
2022-01-18,Kalshi,149350,1786.55
2022-01-19,Kalshi,93038,1125.49
2022-01-20,Kalshi,102328,1050.33
2022-01-21,Kalshi,64192,706.57
2022-01-22,Kalshi,57001,652.39
2022-01-23,Kalshi,43375,452.6
2022-01-24,Kalshi,71091,925.15
2022-01-25,Kalshi,70281,719.66
2022-01-26,Kalshi,126389,1496.54
2022-01-27,Kalshi,73760,974.95
2022-01-28,Kalshi,90883,1099.25
2022-01-29,Kalshi,61605,497.54
2022-01-30,Kalshi,32429,386
2022-01-31,Kalshi,86074,768.01
2022-02-01,Kalshi,78201,1172.57
2022-02-02,Kalshi,79924,962.84
2022-02-03,Kalshi,97452,1237.03
2022-02-04,Kalshi,108460,1460.24
2022-02-05,Kalshi,40032,568.46
2022-02-06,Kalshi,56890,655.44
2022-02-07,Kalshi,73321,943.29
2022-02-08,Kalshi,138532,1553.8
2022-02-09,Kalshi,87110,1058.93
2022-02-10,Kalshi,164614,2666.32
2022-02-11,Kalshi,117004,1667.26
2022-02-12,Kalshi,46122,728.11
2022-02-13,Kalshi,65466,921.96
2022-02-14,Kalshi,74741,1014.88
2022-02-15,Kalshi,141937,1351.86
2022-02-16,Kalshi,107639,1493.72
2022-02-17,Kalshi,105045,993.54
2022-02-18,Kalshi,73951,1070.09
2022-02-19,Kalshi,25177,319.73
2022-02-20,Kalshi,34664,467.39
2022-02-21,Kalshi,50725,721.43
2022-02-22,Kalshi,100565,1083.52
2022-02-23,Kalshi,108611,1485.99
2022-02-24,Kalshi,124120,1394.59
2022-02-25,Kalshi,137864,1003.12
2022-02-26,Kalshi,27660,346.21
2022-02-27,Kalshi,53974,795.77
2022-02-28,Kalshi,74825,884.37
2022-03-01,Kalshi,105911,1279.49
2022-03-02,Kalshi,119039,1105.68
2022-03-03,Kalshi,69112,784.46
2022-03-04,Kalshi,67991,863.11
2022-03-05,Kalshi,25574,381.73
2022-03-06,Kalshi,33050,463.63
2022-03-07,Kalshi,79146,1008.94
2022-03-08,Kalshi,126696,1701.84
2022-03-09,Kalshi,123614,1854
2022-03-10,Kalshi,121011,1674.05
2022-03-11,Kalshi,73628,1169.03
2022-03-12,Kalshi,31934,463.01
2022-03-13,Kalshi,50171,785.61
2022-03-14,Kalshi,108989,1508.04
2022-03-15,Kalshi,81331,997.48
2022-03-16,Kalshi,111388,1347.21
2022-03-17,Kalshi,77387,1170.65
2022-03-18,Kalshi,71571,1212
2022-03-19,Kalshi,41162,541.01
2022-03-20,Kalshi,75930,913.86
2022-03-21,Kalshi,91825,1470.21
2022-03-22,Kalshi,105660,1876.97
2022-03-23,Kalshi,74456,1149.64
2022-03-24,Kalshi,63922,1063.8
2022-03-25,Kalshi,117921,1274.13
2022-03-26,Kalshi,26301,415.83
2022-03-27,Kalshi,128697,1381.51
2022-03-28,Kalshi,85505,1267.67
2022-03-29,Kalshi,65826,965.62
2022-03-30,Kalshi,56493,851.77
2022-03-31,Kalshi,69176,1138.44
2022-04-01,Kalshi,77086,931.09
2022-04-02,Kalshi,31047,317.85
2022-04-03,Kalshi,159122,1736.36
2022-04-04,Kalshi,59198,814.22
2022-04-05,Kalshi,91845,1162.26
2022-04-06,Kalshi,90483,976.37
2022-04-07,Kalshi,51785,644.07
2022-04-08,Kalshi,39737,417.55
2022-04-09,Kalshi,24136,346.84
2022-04-10,Kalshi,27645,364.39
2022-04-11,Kalshi,81946,1448.48
2022-04-12,Kalshi,124756,1332.11
2022-04-13,Kalshi,117686,1289.5
2022-04-14,Kalshi,66920,1047.09
2022-04-15,Kalshi,49967,784.21
2022-04-16,Kalshi,24853,232.08
2022-04-17,Kalshi,18045,248.43
2022-04-18,Kalshi,120543,1247.73
2022-04-19,Kalshi,106842,1424.22
2022-04-20,Kalshi,89173,1203.86
2022-04-21,Kalshi,87554,1122.78
2022-04-22,Kalshi,91048,854.38
2022-04-23,Kalshi,45073,501.84
2022-04-24,Kalshi,48182,523.65
2022-04-25,Kalshi,129105,968.55
2022-04-26,Kalshi,140114,1553.45
2022-04-27,Kalshi,176242,2154.35
2022-04-28,Kalshi,331904,3434.18
2022-04-29,Kalshi,367035,4880.96
2022-04-30,Kalshi,60634,709.74
2022-05-01,Kalshi,73689,587.85
2022-05-02,Kalshi,329185,4220.47
2022-05-03,Kalshi,421719,5589.18
2022-05-04,Kalshi,558283,5681.07
2022-05-05,Kalshi,530362,4703.57
2022-05-06,Kalshi,438913,5270.92
2022-05-07,Kalshi,59888,712.18
2022-05-08,Kalshi,88312,997.59
2022-05-09,Kalshi,342013,4165.72
2022-05-10,Kalshi,449034,4560.03
2022-05-11,Kalshi,553457,5709.98
2022-05-12,Kalshi,366060,3497.44
2022-05-13,Kalshi,235664,2815
2022-05-14,Kalshi,35167,444.86
2022-05-15,Kalshi,51045,682.37
2022-05-16,Kalshi,270107,2753.84
2022-05-17,Kalshi,276392,3266.74
2022-05-18,Kalshi,311154,3224.63
2022-05-19,Kalshi,414810,4665.96
2022-05-20,Kalshi,235539,3140.46
2022-05-21,Kalshi,56126,486.48
2022-05-22,Kalshi,91319,896.77
2022-05-23,Kalshi,297257,2742.06
2022-05-24,Kalshi,326492,3823.41
2022-05-25,Kalshi,328680,3535.81
2022-05-26,Kalshi,226775,2304.1
2022-05-27,Kalshi,213984,2731.15
2022-05-28,Kalshi,35152,450.21
2022-05-29,Kalshi,74279,531.49
2022-05-30,Kalshi,52234,582.3
2022-05-31,Kalshi,291010,2764.47
2022-06-01,Kalshi,329806,3729.96
2022-06-02,Kalshi,329836,3505.23
2022-06-03,Kalshi,311595,2893.89
2022-06-04,Kalshi,53745,576.69
2022-06-05,Kalshi,60467,573.96
2022-06-06,Kalshi,354671,3126.8
2022-06-07,Kalshi,401599,3917.32
2022-06-08,Kalshi,349034,3385.45
2022-06-09,Kalshi,387970,4858.27
2022-06-10,Kalshi,562616,7227.3
2022-06-11,Kalshi,68409,854.45
2022-06-12,Kalshi,238423,1646.03
2022-06-13,Kalshi,511244,7211.57
2022-06-14,Kalshi,536208,6214.25
2022-06-15,Kalshi,537681,5813.01
2022-06-16,Kalshi,311671,3964.93
2022-06-17,Kalshi,479062,6236.7
2022-06-18,Kalshi,131475,1182.38
2022-06-19,Kalshi,131326,978.95
2022-06-20,Kalshi,145097,1512.99
2022-06-21,Kalshi,276000,3569.32
2022-06-22,Kalshi,408961,4949.48
2022-06-23,Kalshi,363898,4561.47
2022-06-24,Kalshi,215763,2738.83
2022-06-25,Kalshi,42168,416.11
2022-06-26,Kalshi,106583,1148.37
2022-06-27,Kalshi,323909,3642.73
2022-06-28,Kalshi,355335,4035.83
2022-06-29,Kalshi,393273,3987.16
2022-06-30,Kalshi,639364,8196.41
2022-07-01,Kalshi,445290,5369.61
2022-07-02,Kalshi,85120,832.84
2022-07-03,Kalshi,93136,857.24
2022-07-04,Kalshi,54976,627.63
2022-07-05,Kalshi,406291,4383.38
2022-07-06,Kalshi,325699,4012.17
2022-07-07,Kalshi,217075,3104.83
2022-07-08,Kalshi,378244,4683.03
2022-07-09,Kalshi,99919,1076.57
2022-07-10,Kalshi,73054,820.11
2022-07-11,Kalshi,316567,3457.73
2022-07-12,Kalshi,458376,5242.52
2022-07-13,Kalshi,800671,10168.05
2022-07-14,Kalshi,461409,5801.14
2022-07-15,Kalshi,266221,3551.31
2022-07-16,Kalshi,67221,718.14
2022-07-17,Kalshi,64802,855.51
2022-07-18,Kalshi,247439,3027.7
2022-07-19,Kalshi,303993,3833.98
2022-07-20,Kalshi,317374,3669.04
2022-07-21,Kalshi,216961,2671.75
2022-07-22,Kalshi,331593,4377.74
2022-07-23,Kalshi,61183,712.74
2022-07-24,Kalshi,74577,833.15
2022-07-25,Kalshi,239580,3116.65
2022-07-26,Kalshi,322934,3534.05
2022-07-27,Kalshi,431688,5100.38
2022-07-28,Kalshi,405373,5109.46
2022-07-29,Kalshi,520863,4191.83
2022-07-30,Kalshi,51929,704.01
2022-07-31,Kalshi,45511,415.43
2022-08-01,Kalshi,280872,2984.3
2022-08-02,Kalshi,344941,4187.8
2022-08-03,Kalshi,293164,3624.25
2022-08-04,Kalshi,312822,4125.37
2022-08-05,Kalshi,369546,4610.02
2022-08-06,Kalshi,69901,807.4
2022-08-07,Kalshi,96739,974.64
2022-08-08,Kalshi,492767,5803.77
2022-08-09,Kalshi,438859,5037.9
2022-08-10,Kalshi,521248,5629.04
2022-08-11,Kalshi,456807,5702.82
2022-08-12,Kalshi,352904,4114.26
2022-08-13,Kalshi,93344,926.08
2022-08-14,Kalshi,65804,640.82
2022-08-15,Kalshi,565301,6484.05
2022-08-16,Kalshi,453023,5567.03
2022-08-17,Kalshi,423897,5217.24
2022-08-18,Kalshi,382683,4187.66
2022-08-19,Kalshi,341576,3252.79
2022-08-20,Kalshi,44171,419.74
2022-08-21,Kalshi,115294,996.22
2022-08-22,Kalshi,319416,3911.47
2022-08-23,Kalshi,464073,5409.37
2022-08-24,Kalshi,476607,6801.7
2022-08-25,Kalshi,461814,5550.89
2022-08-26,Kalshi,643451,8785.07
2022-08-27,Kalshi,107143,725.97
2022-08-28,Kalshi,91826,709.74
2022-08-29,Kalshi,429083,5800.51
2022-08-30,Kalshi,462472,5146.31
2022-08-31,Kalshi,305605,4028.09
2022-09-01,Kalshi,312484,4182.19
2022-09-02,Kalshi,404458,5835.87
2022-09-03,Kalshi,55547,455.42
2022-09-04,Kalshi,49572,451.03
2022-09-05,Kalshi,74205,588.86
2022-09-06,Kalshi,540683,7075.11
2022-09-07,Kalshi,422537,5958.69
2022-09-08,Kalshi,386711,5212.56
2022-09-09,Kalshi,266370,3158.87
2022-09-10,Kalshi,92108,760.08
2022-09-11,Kalshi,76060,685.44
2022-09-12,Kalshi,371977,4525.48
2022-09-13,Kalshi,746002,7128.23
2022-09-14,Kalshi,378648,4868.67
2022-09-15,Kalshi,327837,4267.32
2022-09-16,Kalshi,347298,4794.82
2022-09-17,Kalshi,71840,682.41
2022-09-18,Kalshi,69894,663.52
2022-09-19,Kalshi,271643,2945.93
2022-09-20,Kalshi,427338,4982.75
2022-09-21,Kalshi,388227,4427.88
2022-09-22,Kalshi,350284,4056.22
2022-09-23,Kalshi,363727,4485.11
2022-09-24,Kalshi,102728,1063.81
2022-09-25,Kalshi,62053,599.7
2022-09-26,Kalshi,291186,3743.98
2022-09-27,Kalshi,413862,5214.95
2022-09-28,Kalshi,377582,5044.4
2022-09-29,Kalshi,345175,4498.74
2022-09-30,Kalshi,290317,3632.55
2022-10-01,Kalshi,49875,472.16
2022-10-02,Kalshi,99108,802.28
2022-10-03,Kalshi,317636,4144.15
2022-10-04,Kalshi,334541,3952.62
2022-10-05,Kalshi,326528,3659.78
2022-10-06,Kalshi,351859,4765.58
2022-10-07,Kalshi,305481,3230.17
2022-10-08,Kalshi,64371,570.81
2022-10-09,Kalshi,72713,883.87
2022-10-10,Kalshi,292418,3943.46
2022-10-11,Kalshi,300165,3579.65
2022-10-12,Kalshi,411296,4731.43
2022-10-13,Kalshi,546459,6131.49
2022-10-14,Kalshi,269982,3194.19
2022-10-15,Kalshi,55908,547.26
2022-10-16,Kalshi,83231,817.59
2022-10-17,Kalshi,303348,3643.89
2022-10-18,Kalshi,351141,4201.17
2022-10-19,Kalshi,296455,3501.54
2022-10-20,Kalshi,371295,4403.49
2022-10-21,Kalshi,376659,4583.37
2022-10-22,Kalshi,50612,448.52
2022-10-23,Kalshi,78291,704.1
2022-10-24,Kalshi,328705,3631.43
2022-10-25,Kalshi,285553,3569.81
2022-10-26,Kalshi,348902,4553.96
2022-10-27,Kalshi,407670,4806.18
2022-10-28,Kalshi,252049,2951.61
2022-10-29,Kalshi,51516,404.64
2022-10-30,Kalshi,61474,683.8
2022-10-31,Kalshi,383960,4481.51
2022-11-01,Kalshi,282559,3838.83
2022-11-02,Kalshi,453219,5581.13
2022-11-03,Kalshi,285781,3768.97
2022-11-04,Kalshi,348856,4273.9
2022-11-05,Kalshi,95871,953.99
2022-11-06,Kalshi,89766,661.04
2022-11-07,Kalshi,337670,3997.34
2022-11-08,Kalshi,277319,3789.06
2022-11-09,Kalshi,265149,4094.77
2022-11-10,Kalshi,327696,3611.74
2022-11-11,Kalshi,265097,2982.02
2022-11-12,Kalshi,55948,518.56
2022-11-13,Kalshi,60123,477.69
2022-11-14,Kalshi,331937,4836.42
2022-11-15,Kalshi,438042,6043.34
2022-11-16,Kalshi,239626,2728.57
2022-11-17,Kalshi,251874,3360.75
2022-11-18,Kalshi,280945,4002.82
2022-11-19,Kalshi,33440,468.78
2022-11-20,Kalshi,90406,1068.69
2022-11-21,Kalshi,241447,4036.26
2022-11-22,Kalshi,302516,3884.34
2022-11-23,Kalshi,267404,3481.11
2022-11-24,Kalshi,95171,1145.49
2022-11-25,Kalshi,135617,1612.64
2022-11-26,Kalshi,37037,482.95
2022-11-27,Kalshi,93697,786.2
2022-11-28,Kalshi,235898,3389.69
2022-11-29,Kalshi,336251,4806.69
2022-11-30,Kalshi,380260,4930.8
2022-12-01,Kalshi,196090,2030.99
2022-12-02,Kalshi,304785,3842.43
2022-12-03,Kalshi,64962,628.23
2022-12-04,Kalshi,46007,491.57
2022-12-05,Kalshi,232003,3281.15
2022-12-06,Kalshi,241130,3303.34
2022-12-07,Kalshi,299782,3770.85
2022-12-08,Kalshi,293287,4008.61
2022-12-09,Kalshi,298171,3863.81
2022-12-10,Kalshi,47282,390.46
2022-12-11,Kalshi,69376,1131.74
2022-12-12,Kalshi,337977,4685.29
2022-12-13,Kalshi,546431,5991.2
2022-12-14,Kalshi,301862,3630.03
2022-12-15,Kalshi,303512,4822.5
2022-12-16,Kalshi,247754,3617.22
2022-12-17,Kalshi,36810,344.11
2022-12-18,Kalshi,33729,334.15
2022-12-19,Kalshi,245764,3466.27
2022-12-20,Kalshi,294739,3362.56
2022-12-21,Kalshi,208774,2359.54
2022-12-22,Kalshi,270908,4002.29
2022-12-23,Kalshi,226559,2967.87
2022-12-24,Kalshi,36934,234.9
2022-12-25,Kalshi,28334,323.57
2022-12-26,Kalshi,43109,411.71
2022-12-27,Kalshi,167708,1875.82
2022-12-28,Kalshi,249334,4110.76
2022-12-29,Kalshi,180368,2866.26
2022-12-30,Kalshi,218026,3400.89
2022-12-31,Kalshi,26659,283.43
2023-01-01,Kalshi,24975,268.75
2023-01-02,Kalshi,65490,487.89
2023-01-03,Kalshi,215278,3235.53
2023-01-04,Kalshi,228202,2994.12
2023-01-05,Kalshi,216076,3085.74
2023-01-06,Kalshi,294632,3416.28
2023-01-07,Kalshi,42102,365.35
2023-01-08,Kalshi,52469,611.7
2023-01-09,Kalshi,215884,3097.58
2023-01-10,Kalshi,201848,2796.59
2023-01-11,Kalshi,209839,2933.98
2023-01-12,Kalshi,283688,3329.96
2023-01-13,Kalshi,179879,2396.2
2023-01-14,Kalshi,18444,172.53
2023-01-15,Kalshi,16033,133.53
2023-01-16,Kalshi,51963,509.86
2023-01-17,Kalshi,75230,942.74
2023-01-18,Kalshi,215767,3065.1
2023-01-19,Kalshi,179084,2855.64
2023-01-20,Kalshi,193611,2435.9
2023-01-21,Kalshi,29928,218.82
2023-01-22,Kalshi,51279,416.18
2023-01-23,Kalshi,176290,2348.36
2023-01-24,Kalshi,168124,2578.89
2023-01-25,Kalshi,314035,3484.84
2023-01-26,Kalshi,231494,3060.1
2023-01-27,Kalshi,226366,2562.5
2023-01-28,Kalshi,32412,337.48
2023-01-29,Kalshi,43368,428.19
2023-01-30,Kalshi,194006,2394.74
2023-01-31,Kalshi,199409,2674.61
2023-02-01,Kalshi,252158,1822.59
2023-02-02,Kalshi,362031,5110.4
2023-02-03,Kalshi,332884,4261.71
2023-02-04,Kalshi,37835,265.47
2023-02-05,Kalshi,66941,512.56
2023-02-06,Kalshi,183061,2430.37
2023-02-07,Kalshi,223330,3240.02
2023-02-08,Kalshi,196400,2208.01
2023-02-09,Kalshi,171214,2272.08
2023-02-10,Kalshi,195871,2467.49
2023-02-11,Kalshi,34116,495.16
2023-02-12,Kalshi,31486,322.8
2023-02-13,Kalshi,188148,2591.94
2023-02-14,Kalshi,370916,4492.24
2023-02-15,Kalshi,261781,2913.11
2023-02-16,Kalshi,236476,2562.81
2023-02-17,Kalshi,139360,1621.29
2023-02-18,Kalshi,17382,277.94
2023-02-19,Kalshi,38942,388.71
2023-02-20,Kalshi,67234,633.13
2023-02-21,Kalshi,155642,2164.51
2023-02-22,Kalshi,185609,2247.35
2023-02-23,Kalshi,162990,2215.39
2023-02-24,Kalshi,227135,2563.88
2023-02-25,Kalshi,31769,309.91
2023-02-26,Kalshi,76642,633.78
2023-02-27,Kalshi,274386,4087.14
2023-02-28,Kalshi,351936,4670.56
2023-03-01,Kalshi,376412,6575.11
2023-03-02,Kalshi,261060,4057.17
2023-03-03,Kalshi,226819,3116.24
2023-03-04,Kalshi,43733,363.43
2023-03-05,Kalshi,37272,494.34
2023-03-06,Kalshi,296060,5402.44
2023-03-07,Kalshi,423763,6280.06
2023-03-08,Kalshi,412755,6944.53
2023-03-09,Kalshi,668775,11543.06
2023-03-10,Kalshi,559788,7909.65
2023-03-11,Kalshi,56412,621.02
2023-03-12,Kalshi,193569,1677.8
2023-03-13,Kalshi,706186,10611.5
2023-03-14,Kalshi,527391,8203.09
2023-03-15,Kalshi,697112,10932.29
2023-03-16,Kalshi,466932,7297.11
2023-03-17,Kalshi,378653,5555.94
2023-03-18,Kalshi,49308,526.31
2023-03-19,Kalshi,85752,911.65
2023-03-20,Kalshi,330767,4914.72
2023-03-21,Kalshi,425694,5565.13
2023-03-22,Kalshi,500425,6687.76
2023-03-23,Kalshi,531574,8003.53
2023-03-24,Kalshi,377951,4497.7
2023-03-25,Kalshi,29147,251.63
2023-03-26,Kalshi,57163,487.12
2023-03-27,Kalshi,383753,5328.57
2023-03-28,Kalshi,291679,3843.57
2023-03-29,Kalshi,375726,4493.86
2023-03-30,Kalshi,360923,5954.33
2023-03-31,Kalshi,373903,4147.77
2023-04-01,Kalshi,63079,542.74
2023-04-02,Kalshi,34378,334.95
2023-04-03,Kalshi,338310,4903.42
2023-04-04,Kalshi,480984,8338.43
2023-04-05,Kalshi,564018,7542.97
2023-04-06,Kalshi,544373,7220.18
2023-04-07,Kalshi,429490,2020.54
2023-04-08,Kalshi,237256,825.95
2023-04-09,Kalshi,395507,1311.34
2023-04-10,Kalshi,588974,7370.75
2023-04-11,Kalshi,391039,4901.7
2023-04-12,Kalshi,588052,6890.96
2023-04-13,Kalshi,387253,5317.59
2023-04-14,Kalshi,526810,5200.75
2023-04-15,Kalshi,93606,420.65
2023-04-16,Kalshi,70229,670.12
2023-04-17,Kalshi,381047,3825.61
2023-04-18,Kalshi,493561,5941.84
2023-04-19,Kalshi,601627,5690.21
2023-04-20,Kalshi,544058,5325.73
2023-04-21,Kalshi,392772,2990.43
2023-04-22,Kalshi,148345,719.18
2023-04-23,Kalshi,187207,1282.42
2023-04-24,Kalshi,465816,3840.24
2023-04-25,Kalshi,652108,6595.32
2023-04-26,Kalshi,501308,5864.16
2023-04-27,Kalshi,538365,4859.61
2023-04-28,Kalshi,425229,4292.2
2023-04-29,Kalshi,240813,1084.36
2023-04-30,Kalshi,190857,1090.44
2023-05-01,Kalshi,498535,4461.42
2023-05-02,Kalshi,978372,7840.49
2023-05-03,Kalshi,1198725,10668.94
2023-05-04,Kalshi,785221,8120.5
2023-05-05,Kalshi,660159,5488.62
2023-05-06,Kalshi,87023,425.95
2023-05-07,Kalshi,118785,742.41
2023-05-08,Kalshi,391339,4151.32
2023-05-09,Kalshi,406381,5032.37
2023-05-10,Kalshi,546328,6097.56
2023-05-11,Kalshi,363049,4115.54
2023-05-12,Kalshi,336623,4109.9
2023-05-13,Kalshi,59951,281.38
2023-05-14,Kalshi,78256,598.7
2023-05-15,Kalshi,489226,6416.9
2023-05-16,Kalshi,659543,7447.13
2023-05-17,Kalshi,740884,9486.15
2023-05-18,Kalshi,872986,10894.35
2023-05-19,Kalshi,810313,9218.84
2023-05-20,Kalshi,213064,1356
2023-05-21,Kalshi,244428,1868.79
2023-05-22,Kalshi,861540,8612.26
2023-05-23,Kalshi,1053122,12734.89
2023-05-24,Kalshi,1170285,13629.19
2023-05-25,Kalshi,1334612,17235.61
2023-05-26,Kalshi,912250,10782.06
2023-05-27,Kalshi,270029,1813.92
2023-05-28,Kalshi,307424,1352.38
2023-05-29,Kalshi,329105,1366.67
2023-05-30,Kalshi,1045289,10489.62
2023-05-31,Kalshi,1153571,11098.73
2023-06-01,Kalshi,1098139,11812.04
2023-06-02,Kalshi,1053247,9183.22
2023-06-03,Kalshi,133831,690.24
2023-06-04,Kalshi,178910,1127.98
2023-06-05,Kalshi,924428,10467.56
2023-06-06,Kalshi,803788,9686.92
2023-06-07,Kalshi,883181,11154.05
2023-06-08,Kalshi,725001,7941.95
2023-06-09,Kalshi,670020,8440.7
2023-06-10,Kalshi,181781,972.15
2023-06-11,Kalshi,191155,1145.89
2023-06-12,Kalshi,622837,6401.64
2023-06-13,Kalshi,1214558,11102.97
2023-06-14,Kalshi,1265029,11028.47
2023-06-15,Kalshi,821042,8932.27
2023-06-16,Kalshi,719336,8331.95
2023-06-17,Kalshi,173896,947.71
2023-06-18,Kalshi,276197,1490.54
2023-06-19,Kalshi,224352,1435.23
2023-06-20,Kalshi,716990,8515.98
2023-06-21,Kalshi,1172532,13056.17
2023-06-22,Kalshi,888110,9754.11
2023-06-23,Kalshi,802807,9809.03
2023-06-24,Kalshi,193684,730.29
2023-06-25,Kalshi,173106,757.51
2023-06-26,Kalshi,1200289,12961.36
2023-06-27,Kalshi,1109973,12568.18
2023-06-28,Kalshi,967779,11363.75
2023-06-29,Kalshi,1073951,13092.81
2023-06-30,Kalshi,735343,7475.59
2023-07-01,Kalshi,176869,702.27
2023-07-02,Kalshi,138248,920.43
2023-07-03,Kalshi,684585,6094.21
2023-07-04,Kalshi,233391,994.17
2023-07-05,Kalshi,821355,6602.36
2023-07-06,Kalshi,1052637,8088.93
2023-07-07,Kalshi,946164,7903.65
2023-07-08,Kalshi,217385,829.21
2023-07-09,Kalshi,194318,957.48
2023-07-10,Kalshi,864197,6473.72
2023-07-11,Kalshi,632668,5133.28
2023-07-12,Kalshi,993666,8689.23
2023-07-13,Kalshi,717809,5631.54
2023-07-14,Kalshi,673284,5498.31
2023-07-15,Kalshi,177969,1003.5
2023-07-16,Kalshi,155972,1039.47
2023-07-17,Kalshi,681003,5464.17
2023-07-18,Kalshi,750881,5191.21
2023-07-19,Kalshi,878867,7384.02
2023-07-20,Kalshi,862132,7196
2023-07-21,Kalshi,757768,5289.94
2023-07-22,Kalshi,122612,493.99
2023-07-23,Kalshi,298877,1059.43
2023-07-24,Kalshi,803302,6258.65
2023-07-25,Kalshi,744761,5980.15
2023-07-26,Kalshi,760643,6532.6
2023-07-27,Kalshi,968368,8776.33
2023-07-28,Kalshi,721506,5153.89
2023-07-29,Kalshi,180477,656.91
2023-07-30,Kalshi,156308,894.62
2023-07-31,Kalshi,567129,4368.54
2023-08-01,Kalshi,566613,3843.9
2023-08-02,Kalshi,825201,5780.25
2023-08-03,Kalshi,527053,4950.08
2023-08-04,Kalshi,1031873,8570.11
2023-08-05,Kalshi,218609,1140.5
2023-08-06,Kalshi,138477,847.69
2023-08-07,Kalshi,911863,5426.63
2023-08-08,Kalshi,738513,5418.44
2023-08-09,Kalshi,995781,6850.83
2023-08-10,Kalshi,740216,6110.18
2023-08-11,Kalshi,660275,4495.65
2023-08-12,Kalshi,166987,838.38
2023-08-13,Kalshi,226952,913.66
2023-08-14,Kalshi,534098,3767.76
2023-08-15,Kalshi,624062,4880.17
2023-08-16,Kalshi,716295,5915.64
2023-08-17,Kalshi,582665,4614.07
2023-08-18,Kalshi,614589,4127.88
2023-08-19,Kalshi,96706,398.94
2023-08-20,Kalshi,129770,602.46
2023-08-21,Kalshi,498217,3657.88
2023-08-22,Kalshi,502229,3861.88
2023-08-23,Kalshi,520574,3917.15
2023-08-24,Kalshi,668445,4781.78
2023-08-25,Kalshi,781209,5837.8
2023-08-26,Kalshi,115005,503.81
2023-08-27,Kalshi,165492,758.32
2023-08-28,Kalshi,445055,2934.54
2023-08-29,Kalshi,497862,3605.24
2023-08-30,Kalshi,644293,4198.02
2023-08-31,Kalshi,576698,3712.14
2023-09-01,Kalshi,626537,3582.23
2023-09-02,Kalshi,258987,736.31
2023-09-03,Kalshi,317327,874.07
2023-09-04,Kalshi,208081,766.61
2023-09-05,Kalshi,510130,2959.43
2023-09-06,Kalshi,1058324,4883.6
2023-09-07,Kalshi,784634,4290.43
2023-09-08,Kalshi,506253,3284.99
2023-09-09,Kalshi,262783,838.6
2023-09-10,Kalshi,145688,692.53
2023-09-11,Kalshi,482490,3046.68
2023-09-12,Kalshi,666238,5237.32
2023-09-13,Kalshi,822671,6519.35
2023-09-14,Kalshi,775063,6411.09
2023-09-15,Kalshi,527810,4231.99
2023-09-16,Kalshi,340477,999.52
2023-09-17,Kalshi,162245,597.79
2023-09-18,Kalshi,559102,3999.43
2023-09-19,Kalshi,542847,3477.42
2023-09-20,Kalshi,856663,5966.74
2023-09-21,Kalshi,620809,4411.97
2023-09-22,Kalshi,584188,4207.56
2023-09-23,Kalshi,211227,857.98
2023-09-24,Kalshi,405808,2005.29
2023-09-25,Kalshi,957297,5860.31
2023-09-26,Kalshi,607254,4532.04
2023-09-27,Kalshi,802223,5951
2023-09-28,Kalshi,737259,5672.73
2023-09-29,Kalshi,1064468,6718.02
2023-09-30,Kalshi,453677,1995.57
2023-10-01,Kalshi,241366,1297.86
2023-10-02,Kalshi,1236217,8410.01
2023-10-03,Kalshi,948144,6066.78
2023-10-04,Kalshi,1303726,7518.32
2023-10-05,Kalshi,809131,5191.29
2023-10-06,Kalshi,981594,6670.15
2023-10-07,Kalshi,598324,1767.35
2023-10-08,Kalshi,496486,1670.86
2023-10-09,Kalshi,921768,5714.84
2023-10-10,Kalshi,741780,4896.2
2023-10-11,Kalshi,1244400,7264.75
2023-10-12,Kalshi,831688,5810.78
2023-10-13,Kalshi,964284,7307
2023-10-14,Kalshi,549754,1651.22
2023-10-15,Kalshi,337535,1276.47
2023-10-16,Kalshi,791952,6366.13
2023-10-17,Kalshi,1123003,8397.09
2023-10-18,Kalshi,807126,6891.22
2023-10-19,Kalshi,949119,7821.22
2023-10-20,Kalshi,1126480,6692.47
2023-10-21,Kalshi,1109601,3231.07
2023-10-22,Kalshi,375016,1437.44
2023-10-23,Kalshi,876731,6020.78
2023-10-24,Kalshi,1421925,8382.6
2023-10-25,Kalshi,1248776,7876.89
2023-10-26,Kalshi,848462,7177
2023-10-27,Kalshi,902644,6985.76
2023-10-28,Kalshi,298765,1068.49
2023-10-29,Kalshi,218789,842.98
2023-10-30,Kalshi,857738,5870.99
2023-10-31,Kalshi,913421,7361.54
2023-11-01,Kalshi,1088636,6331.92
2023-11-02,Kalshi,725503,4950.12
2023-11-03,Kalshi,1151417,6952.77
2023-11-04,Kalshi,428648,1418.49
2023-11-05,Kalshi,563184,1854.16
2023-11-06,Kalshi,1071594,5664.24
2023-11-07,Kalshi,1038905,5758.24
2023-11-08,Kalshi,798560,4856.92
2023-11-09,Kalshi,1147839,9591.33
2023-11-10,Kalshi,827061,5562.24
2023-11-11,Kalshi,314677,1169.07
2023-11-12,Kalshi,258876,1016.69
2023-11-13,Kalshi,580352,4253.86
2023-11-14,Kalshi,1161990,6581.55
2023-11-15,Kalshi,628873,4493.31
2023-11-16,Kalshi,767681,6409.57
2023-11-17,Kalshi,666131,5104.72
2023-11-18,Kalshi,433660,1397.55
2023-11-19,Kalshi,327123,1227.53
2023-11-20,Kalshi,644697,4957.94
2023-11-21,Kalshi,680117,5328.7
2023-11-22,Kalshi,814914,6368.91
2023-11-23,Kalshi,156786,982.21
2023-11-24,Kalshi,220446,1480.64
2023-11-25,Kalshi,73234,418.77
2023-11-26,Kalshi,100465,530.97
2023-11-27,Kalshi,654523,5249.45
2023-11-28,Kalshi,822323,6662.91
2023-11-29,Kalshi,826896,5464.18
2023-11-30,Kalshi,1095175,6197.09
2023-12-01,Kalshi,765509,6575.42
2023-12-02,Kalshi,74707,451.83
2023-12-03,Kalshi,94456,639.31
2023-12-04,Kalshi,646972,4972.58
2023-12-05,Kalshi,750547,6612.83
2023-12-06,Kalshi,843028,7651.67
2023-12-07,Kalshi,523096,4288.05
2023-12-08,Kalshi,772620,7025.45
2023-12-09,Kalshi,148696,837.77
2023-12-10,Kalshi,87993,953.71
2023-12-11,Kalshi,592003,5485.56
2023-12-12,Kalshi,570841,5161.59
2023-12-13,Kalshi,1034006,8155.15
2023-12-14,Kalshi,802389,6352.19
2023-12-15,Kalshi,786362,7451.91
2023-12-16,Kalshi,179367,1409.06
2023-12-17,Kalshi,154252,772.07
2023-12-18,Kalshi,467625,4120.8
2023-12-19,Kalshi,502167,4810.8
2023-12-20,Kalshi,793555,8218.18
2023-12-21,Kalshi,588818,5735.47
2023-12-22,Kalshi,580610,4687.09
2023-12-23,Kalshi,44714,335.47
2023-12-24,Kalshi,35309,432.04
2023-12-25,Kalshi,116024,713.48
2023-12-26,Kalshi,384381,3519.06
2023-12-27,Kalshi,470483,4373.92
2023-12-28,Kalshi,370680,2692.36
2023-12-29,Kalshi,564901,4663.16
2023-12-30,Kalshi,288225,1116.53
2023-12-31,Kalshi,164731,602.94
2024-01-01,Kalshi,152546,836.99
2024-01-02,Kalshi,821074,6578.13
2024-01-03,Kalshi,947517,9057.04
2024-01-04,Kalshi,523084,4349.42
2024-01-05,Kalshi,847568,8640.1
2024-01-06,Kalshi,92759,436.54
2024-01-07,Kalshi,100286,998.53
2024-01-08,Kalshi,520901,4079.35
2024-01-09,Kalshi,694363,7355.63
2024-01-10,Kalshi,780563,6669.17
2024-01-11,Kalshi,1085022,9804.61
2024-01-12,Kalshi,838863,8726.49
2024-01-13,Kalshi,81787,606
2024-01-14,Kalshi,126418,850.06
2024-01-15,Kalshi,256083,1521.92
2024-01-16,Kalshi,870795,9259.22
2024-01-17,Kalshi,680209,5789.3
2024-01-18,Kalshi,634430,5624.69
2024-01-19,Kalshi,547552,4960.06
2024-01-20,Kalshi,274386,1357.72
2024-01-21,Kalshi,131165,647.73
2024-01-22,Kalshi,777673,6729.3
2024-01-23,Kalshi,622652,4525.9
2024-01-24,Kalshi,723477,6381.96
2024-01-25,Kalshi,769130,7038.8
2024-01-26,Kalshi,610268,5863.62
2024-01-27,Kalshi,100404,681.41
2024-01-28,Kalshi,93350,666.04
2024-01-29,Kalshi,661083,6786.78
2024-01-30,Kalshi,653195,6928.26
2024-01-31,Kalshi,1392543,11455.33
2024-02-01,Kalshi,998126,9003.77
2024-02-02,Kalshi,1137505,9013.91
2024-02-03,Kalshi,74618,682.69
2024-02-04,Kalshi,277016,2331.3
2024-02-05,Kalshi,682354,6704.97
2024-02-06,Kalshi,716724,6234.93
2024-02-07,Kalshi,589130,5175.7
2024-02-08,Kalshi,662497,5922
2024-02-09,Kalshi,512595,4747.14
2024-02-10,Kalshi,165306,1131.42
2024-02-11,Kalshi,97345,711.62
2024-02-12,Kalshi,763124,7009.65
2024-02-13,Kalshi,1350974,11772.77
2024-02-14,Kalshi,977679,7074.24
2024-02-15,Kalshi,661061,5870.84
2024-02-16,Kalshi,993581,8594.34
2024-02-17,Kalshi,122403,706.42
2024-02-18,Kalshi,121118,868.77
2024-02-19,Kalshi,156507,1044.36
2024-02-20,Kalshi,823597,7538.61
2024-02-21,Kalshi,828668,6930.07
2024-02-22,Kalshi,824423,7295.09
2024-02-23,Kalshi,936238,8396.5
2024-02-24,Kalshi,155313,1455.22
2024-02-25,Kalshi,119218,1188.03
2024-02-26,Kalshi,644500,6435.86
2024-02-27,Kalshi,735480,7119.25
2024-02-28,Kalshi,854499,7860.63
2024-02-29,Kalshi,964603,8413.68
2024-03-01,Kalshi,803751,7461.06
2024-03-02,Kalshi,90896,959.24
2024-03-03,Kalshi,135778,1033.7
2024-03-04,Kalshi,1049118,9339.59
2024-03-05,Kalshi,1355268,11260.81
2024-03-06,Kalshi,1714705,14460.11
2024-03-07,Kalshi,1078341,8510.35
2024-03-08,Kalshi,1763284,14382.32
2024-03-09,Kalshi,230988,1904.96
2024-03-10,Kalshi,361160,2741.04
2024-03-11,Kalshi,1671216,11820.97
2024-03-12,Kalshi,952973,8327.87
2024-03-13,Kalshi,1214124,8552.92
2024-03-14,Kalshi,796826,6983.24
2024-03-15,Kalshi,1392889,9854.41
2024-03-16,Kalshi,163318,882.22
2024-03-17,Kalshi,645294,3116.76
2024-03-18,Kalshi,1854192,11368.71
2024-03-19,Kalshi,1569282,15111.33
2024-03-20,Kalshi,1430508,13193.94
2024-03-21,Kalshi,1363749,12627.23
2024-03-22,Kalshi,1424829,10640.56
2024-03-23,Kalshi,220665,1436.76
2024-03-24,Kalshi,274606,2028.65
2024-03-25,Kalshi,1266590,9633.79
2024-03-26,Kalshi,1254398,9933.85
2024-03-27,Kalshi,1420878,12131.42
2024-03-28,Kalshi,1097816,9368.34
2024-03-29,Kalshi,277051,1690.47
2024-03-30,Kalshi,607133,2646.91
2024-03-31,Kalshi,757609,3481.33
2024-04-01,Kalshi,1641073,11026.93
2024-04-02,Kalshi,829717,7953.55
2024-04-03,Kalshi,1680445,12834.08
2024-04-04,Kalshi,2587982,22691.64
2024-04-05,Kalshi,1629270,12939.51
2024-04-06,Kalshi,272208,1209.4
2024-04-07,Kalshi,831536,3871.01
2024-04-08,Kalshi,1252164,8114.43
2024-04-09,Kalshi,1270611,10364.28
2024-04-10,Kalshi,1581541,12231.21
2024-04-11,Kalshi,1053842,8925.29
2024-04-12,Kalshi,1050793,7900.59
2024-04-13,Kalshi,114451,759.72
2024-04-14,Kalshi,421699,2071.94
2024-04-15,Kalshi,1519369,9734.71
2024-04-16,Kalshi,1179174,8307.12
2024-04-17,Kalshi,1111731,8811.36
2024-04-18,Kalshi,1060126,8461.36
2024-04-19,Kalshi,1141241,7585.86
2024-04-20,Kalshi,163090,1232.05
2024-04-21,Kalshi,1590415,7102.34
2024-04-22,Kalshi,1499082,11609.03
2024-04-23,Kalshi,962949,7053.55
2024-04-24,Kalshi,793709,7176.07
2024-04-25,Kalshi,876099,7561.41
2024-04-26,Kalshi,918112,6351.89
2024-04-27,Kalshi,740581,3347.18
2024-04-28,Kalshi,347184,1926.26
2024-04-29,Kalshi,1245742,8255.22
2024-04-30,Kalshi,1471676,9531.47
2024-05-01,Kalshi,826970,7062.58
2024-05-02,Kalshi,882702,7067.82
2024-05-03,Kalshi,1365291,11770.39
2024-05-04,Kalshi,434036,2083.55
2024-05-05,Kalshi,643911,3060.27
2024-05-06,Kalshi,1388141,8147.56
2024-05-07,Kalshi,874583,6929.59
2024-05-08,Kalshi,827475,7068.64
2024-05-09,Kalshi,929476,7147.06
2024-05-10,Kalshi,1137585,9680.88
2024-05-11,Kalshi,237457,1389.73
2024-05-12,Kalshi,172891,1067.33
2024-05-13,Kalshi,1082652,10042.91
2024-05-14,Kalshi,2372101,14460.32
2024-05-15,Kalshi,2449766,13609.93
2024-05-16,Kalshi,1120942,10091.12
2024-05-17,Kalshi,1117679,9211.95
2024-05-18,Kalshi,345962,1938.77
2024-05-19,Kalshi,957213,4309.48
2024-05-20,Kalshi,1060575,8560.06
2024-05-21,Kalshi,1329460,9343.95
2024-05-22,Kalshi,1037766,9195.63
2024-05-23,Kalshi,856561,6688.19
2024-05-24,Kalshi,974446,7082.98
2024-05-25,Kalshi,259654,1448.6
2024-05-26,Kalshi,482838,2226.44
2024-05-27,Kalshi,135052,1053.15
2024-05-28,Kalshi,766369,7845.41
2024-05-29,Kalshi,1287020,7946.74
2024-05-30,Kalshi,1634872,10260.84
2024-05-31,Kalshi,1095225,8082.08
2024-06-01,Kalshi,166405,1170.06
2024-06-02,Kalshi,1117839,4971.07
2024-06-03,Kalshi,833720,7279.55
2024-06-04,Kalshi,1469439,11985.12
2024-06-05,Kalshi,1393032,10335.34
2024-06-06,Kalshi,960256,8645.75
2024-06-07,Kalshi,1257816,10104.77
2024-06-08,Kalshi,250167,1148.33
2024-06-09,Kalshi,897555,3918.57
2024-06-10,Kalshi,1115077,8216.03
2024-06-11,Kalshi,1206823,8583.33
2024-06-12,Kalshi,2369609,18605.23
2024-06-13,Kalshi,1080433,9108.01
2024-06-14,Kalshi,1006679,7675.38
2024-06-15,Kalshi,604832,2708.6
2024-06-16,Kalshi,1665419,7159.28
2024-06-17,Kalshi,980381,7266.98
2024-06-18,Kalshi,954082,7390.38
2024-06-19,Kalshi,377988,2329.15
2024-06-20,Kalshi,1445414,10094.5
2024-06-21,Kalshi,706751,5711.84
2024-06-22,Kalshi,165614,1010.88
2024-06-23,Kalshi,900876,4168.3
2024-06-24,Kalshi,722812,6170.49
2024-06-25,Kalshi,940603,5236.36
2024-06-26,Kalshi,935962,8182.69
2024-06-27,Kalshi,1792251,14723.42
2024-06-28,Kalshi,1426586,13288.92
2024-06-29,Kalshi,585843,3094.91
2024-06-30,Kalshi,1278961,5946.35
2024-07-01,Kalshi,1425699,11823.74
2024-07-02,Kalshi,1005411,9127.38
2024-07-03,Kalshi,897980,7327.45
2024-07-04,Kalshi,370379,2266.06
2024-07-05,Kalshi,1191128,8647.84
2024-07-06,Kalshi,311974,1962.82
2024-07-07,Kalshi,1509055,6618.65
2024-07-08,Kalshi,723019,6082.54
2024-07-09,Kalshi,850693,7229.23
2024-07-10,Kalshi,778340,6166.38
2024-07-11,Kalshi,1412884,12678.4
2024-07-12,Kalshi,1513805,15800.29
2024-07-13,Kalshi,161058,1426
2024-07-14,Kalshi,1173172,5306.1
2024-07-15,Kalshi,1509847,11737.76
2024-07-16,Kalshi,989157,7675.35
2024-07-17,Kalshi,1050526,7232.73
2024-07-18,Kalshi,977011,7205.24
2024-07-19,Kalshi,838926,6662.46
2024-07-20,Kalshi,102601,916.96
2024-07-21,Kalshi,708121,4132.92
2024-07-22,Kalshi,1312584,8720.27
2024-07-23,Kalshi,1250340,9352.09
2024-07-24,Kalshi,925751,6584.48
2024-07-25,Kalshi,1202065,9616.27
2024-07-26,Kalshi,1075159,8634.12
2024-07-27,Kalshi,151700,1121.42
2024-07-28,Kalshi,143652,1133.49
2024-07-29,Kalshi,743178,7459.33
2024-07-30,Kalshi,1201029,9968.99
2024-07-31,Kalshi,1445539,12455.91
2024-08-01,ForecastEx,763,7.63
2024-08-01,Kalshi,1579212,12762.75
2024-08-02,ForecastEx,950,9.5
2024-08-02,Kalshi,1667897,14275.77
2024-08-03,Kalshi,235713,1852.11
2024-08-04,Kalshi,261346,1477.39
2024-08-05,ForecastEx,123,1.23
2024-08-05,Kalshi,1404874,11358.83
2024-08-06,ForecastEx,129,1.29
2024-08-06,Kalshi,1147337,9547.95
2024-08-07,ForecastEx,205,2.05
2024-08-07,Kalshi,1004835,8645.11
2024-08-08,ForecastEx,432,4.32
2024-08-08,Kalshi,1154993,11120.14
2024-08-09,ForecastEx,635,6.35
2024-08-09,Kalshi,990262,9137.61
2024-08-10,Kalshi,125568,1135.48
2024-08-11,Kalshi,97439,891.04
2024-08-12,ForecastEx,579,5.79
2024-08-12,Kalshi,801489,7774.8
2024-08-13,ForecastEx,246,2.46
2024-08-13,Kalshi,1249472,11421.63
2024-08-14,ForecastEx,252,2.52
2024-08-14,Kalshi,1489468,13613.86
2024-08-15,ForecastEx,445,4.45
2024-08-15,Kalshi,1299607,11112.9
2024-08-16,ForecastEx,450,4.5
2024-08-16,Kalshi,744976,6999.33
2024-08-17,Kalshi,171043,1228.59
2024-08-18,Kalshi,120659,973.54
2024-08-19,ForecastEx,1016,10.16
2024-08-19,Kalshi,993327,8979.52
2024-08-20,ForecastEx,230,2.3
2024-08-20,Kalshi,684194,5862.22
2024-08-21,ForecastEx,535,5.35
2024-08-21,Kalshi,867852,8044.05
2024-08-22,ForecastEx,180,1.8
2024-08-22,Kalshi,825055,6844.63
2024-08-23,ForecastEx,166,1.66
2024-08-23,Kalshi,1007588,7869.24
2024-08-24,Kalshi,132591,1063.76
2024-08-25,Kalshi,112316,1076.53
2024-08-26,ForecastEx,235,2.35
2024-08-26,Kalshi,684864,5687.25
2024-08-27,ForecastEx,330,3.3
2024-08-27,Kalshi,774467,7392.98
2024-08-28,ForecastEx,66,0.66
2024-08-28,Kalshi,824776,8811.06
2024-08-29,ForecastEx,1148,11.48
2024-08-29,Kalshi,998426,9784.6
2024-08-30,ForecastEx,389,3.89
2024-08-30,Kalshi,609934,5793.05
2024-08-31,Kalshi,105027,981.68
2024-09-01,Kalshi,89283,909.28
2024-09-02,ForecastEx,235,2.35
2024-09-02,Kalshi,86948,894.02
2024-09-03,ForecastEx,30,0.3
2024-09-03,Kalshi,847252,7836.2
2024-09-04,ForecastEx,486,4.86
2024-09-04,Kalshi,962511,8709.5
2024-09-05,ForecastEx,1915,19.15
2024-09-05,Kalshi,741070,6610.69
2024-09-06,ForecastEx,476,4.76
2024-09-06,Kalshi,1416522,13757.97
2024-09-07,Kalshi,118187,1137.62
2024-09-08,Kalshi,186653,1940.7
2024-09-09,ForecastEx,1015,10.15
2024-09-09,Kalshi,741554,6558.37
2024-09-10,ForecastEx,557,5.57
2024-09-10,Kalshi,961223,7093.86
2024-09-11,ForecastEx,757,7.57
2024-09-11,Kalshi,1185375,10059.97
2024-09-12,ForecastEx,482,4.82
2024-09-12,Kalshi,1470288,14240.87
2024-09-13,ForecastEx,590,5.9
2024-09-13,Kalshi,1144607,12603.7
2024-09-14,Kalshi,241362,1484.17
2024-09-15,Kalshi,142067,1460.48
2024-09-16,ForecastEx,2975,29.75
2024-09-16,Kalshi,842469,9890.83
2024-09-17,ForecastEx,4290,42.9
2024-09-17,Kalshi,1005439,9451.97
2024-09-18,ForecastEx,21641,216.41
2024-09-18,Kalshi,1958545,17992.95
2024-09-19,ForecastEx,770,7.7
2024-09-19,Kalshi,798990,8050.63
2024-09-20,ForecastEx,421,4.21
2024-09-20,Kalshi,808630,8316.29
2024-09-21,Kalshi,209125,2090.23
2024-09-22,Kalshi,137001,1292.87
2024-09-23,ForecastEx,676,6.76
2024-09-23,Kalshi,504805,4862.59
2024-09-24,ForecastEx,458,4.58
2024-09-24,Kalshi,712251,7282.11
2024-09-25,ForecastEx,648,6.48
2024-09-25,Kalshi,929070,9570.98
2024-09-26,ForecastEx,389,3.89
2024-09-26,Kalshi,900161,8490.66
2024-09-27,ForecastEx,1323,13.23
2024-09-27,Kalshi,1102952,12672.6
2024-09-28,Kalshi,86189,851.48
2024-09-29,Kalshi,76535,706.75
2024-09-30,ForecastEx,531,5.31
2024-09-30,Kalshi,1073650,11430.7
2024-10-01,ForecastEx,421,4.21
2024-10-01,Kalshi,927381,7914.52
2024-10-02,ForecastEx,2337,23.37
2024-10-02,Kalshi,1044141,9025.41
2024-10-03,ForecastEx,2773,27.73
2024-10-03,Kalshi,704463,7001.93
2024-10-04,ForecastEx,778903,7789.03
2024-10-04,Kalshi,1197001,15531.93
2024-10-05,Kalshi,167357,1997.93
2024-10-06,Kalshi,176389,1854.25
2024-10-07,ForecastEx,745110,7451.1
2024-10-07,Kalshi,1506645,20127.24
2024-10-08,ForecastEx,564588,5645.88
2024-10-08,Kalshi,1749549,25862.82
2024-10-09,ForecastEx,827105,8271.05
2024-10-09,Kalshi,2487557,34752.89
2024-10-10,ForecastEx,1101345,11013.45
2024-10-10,Kalshi,2923658,40689.05
2024-10-11,ForecastEx,1043933,10439.33
2024-10-11,Kalshi,3114107,42578.16
2024-10-12,Kalshi,988474,12240.64
2024-10-13,Kalshi,970148,8727.14
2024-10-14,ForecastEx,1187881,11878.81
2024-10-14,Kalshi,1885287,23331.07
2024-10-15,ForecastEx,946028,9460.28
2024-10-15,Kalshi,9760859,142184.32
2024-10-16,ForecastEx,1089659,10896.59
2024-10-16,Kalshi,7839381,111677.31
2024-10-17,ForecastEx,2008272,20082.72
2024-10-17,Kalshi,10775917,159413.04
2024-10-18,ForecastEx,1166140,11661.4
2024-10-18,Kalshi,10599783,158686.61
2024-10-19,Kalshi,3424683,43431.04
2024-10-20,Kalshi,3151586,37892.72
2024-10-21,ForecastEx,1900502,19005.02
2024-10-21,Kalshi,16274855,231615.43
2024-10-22,ForecastEx,1614750,16147.5
2024-10-22,Kalshi,15608692,209762.47
2024-10-23,ForecastEx,1913248,19132.48
2024-10-23,Kalshi,16136595,203778.97
2024-10-24,ForecastEx,1547945,15479.45
2024-10-24,Kalshi,20010343,269708.17
2024-10-25,ForecastEx,2244781,22447.81
2024-10-25,Kalshi,18525931,236046.66
2024-10-26,ForecastEx,265626,2656.26
2024-10-26,Kalshi,6876900,70141.74
2024-10-27,ForecastEx,229736,2297.36
2024-10-27,Kalshi,7543596,90175.76
2024-10-28,ForecastEx,1932935,19329.35
2024-10-28,Kalshi,11639837,138335.02
2024-10-29,ForecastEx,10943585,109435.85
2024-10-29,Kalshi,26243329,339425.56
2024-10-30,ForecastEx,21820571,218205.71
2024-10-30,Kalshi,25932899,331397.9
2024-10-31,ForecastEx,32815616,328156.16
2024-10-31,Kalshi,49903529,616323.16
2024-11-01,ForecastEx,25669676,256696.76
2024-11-01,Kalshi,49313189,611132.5
2024-11-02,ForecastEx,7134392,71343.92
2024-11-02,Kalshi,40587253,459522.95
2024-11-03,ForecastEx,30395835,303958.35
2024-11-03,Kalshi,34644392,409962.83
2024-11-04,ForecastEx,71933536,719335.36
2024-11-04,Kalshi,107003957,1268593.74
2024-11-05,ForecastEx,89402602,894026.02
2024-11-05,Kalshi,245472270,2393506.61
2024-11-06,ForecastEx,262182993,2621829.93
2024-11-06,Kalshi,209645373,783471.56
2024-11-07,ForecastEx,8450606,84506.06
2024-11-07,Kalshi,76663470,348570.5
2024-11-08,ForecastEx,4853471,48534.71
2024-11-08,Kalshi,46065082,279150.31
2024-11-09,Kalshi,34221398,177051.01
2024-11-10,Kalshi,30888754,170868.18
2024-11-11,ForecastEx,6847274,68472.74
2024-11-11,Kalshi,37801010,217184.36
2024-11-12,ForecastEx,3927330,39273.3
2024-11-12,Kalshi,38474934,247601.95
2024-11-13,ForecastEx,3765664,37656.64
2024-11-13,Kalshi,42171295,248816.22
2024-11-14,ForecastEx,1969034,19690.34
2024-11-14,Kalshi,31626159,208257.05
2024-11-15,ForecastEx,1443127,14431.27
2024-11-15,Kalshi,25105863,133141.61
2024-11-16,Kalshi,9686192,67919.17
2024-11-17,Kalshi,16205540,117214.78
2024-11-18,ForecastEx,1581843,15818.43
2024-11-18,Kalshi,28954908,181625.09
2024-11-19,ForecastEx,674470,6744.7
2024-11-19,Kalshi,25690936,151340.69
2024-11-20,ForecastEx,680712,6807.12
2024-11-20,Kalshi,17087322,130397.13
2024-11-21,ForecastEx,707887,7078.87
2024-11-21,Kalshi,23792440,159988
2024-11-22,ForecastEx,558190,5581.9
2024-11-22,Kalshi,17618395,144628.92
2024-11-23,Kalshi,7460422,54109.46
2024-11-24,Kalshi,6592328,45355.15
2024-11-25,ForecastEx,744238,7442.38
2024-11-25,Kalshi,13729065,113190.83
2024-11-26,ForecastEx,497575,4975.75
2024-11-26,Kalshi,25107543,129051.58
2024-11-27,ForecastEx,377787,3777.87
2024-11-27,Kalshi,10290713,73141.77
2024-11-28,ForecastEx,553040,5530.4
2024-11-28,Kalshi,5338509,30466.5
2024-11-29,ForecastEx,211478,2114.78
2024-11-29,Kalshi,6821611,59001.89
2024-11-30,Kalshi,6673264,57119.96
2024-12-01,Kalshi,5386133,39417.82
2024-12-02,ForecastEx,453909,4539.09
2024-12-02,Kalshi,9036703,79210.53
2024-12-03,ForecastEx,39501,395.01
2024-12-03,Kalshi,18497743,94039.8
2024-12-04,ForecastEx,274068,2740.68
2024-12-04,Kalshi,12581071,97197.07
2024-12-05,ForecastEx,217292,2172.92
2024-12-05,Kalshi,19158728,85190.81
2024-12-06,ForecastEx,218372,2183.72
2024-12-06,Kalshi,10608311,87373.12
2024-12-07,Kalshi,4823453,39900.74
2024-12-08,Kalshi,4383246,29104.71
2024-12-09,ForecastEx,322286,3222.86
2024-12-09,Kalshi,9775870,85949.84
2024-12-10,ForecastEx,273058,2730.58
2024-12-10,Kalshi,7832756,58114.29
2024-12-11,ForecastEx,168525,1685.25
2024-12-11,Kalshi,10023586,63965.86
2024-12-12,ForecastEx,216196,2161.96
2024-12-12,Kalshi,7990508,65339.68
2024-12-13,ForecastEx,106663,1066.63
2024-12-13,Kalshi,7518166,59409.28
2024-12-14,Kalshi,4621443,35460.33
2024-12-15,Kalshi,4536646,34476.39
2024-12-16,ForecastEx,185298,1852.98
2024-12-16,Kalshi,6361350,49993.04
2024-12-17,ForecastEx,139233,1392.33
2024-12-17,Kalshi,9583720,53448.23
2024-12-18,ForecastEx,160016,1600.16
2024-12-18,Kalshi,9288060,61293.94
2024-12-19,ForecastEx,191918,1919.18
2024-12-19,Kalshi,7460600,60276.1
2024-12-20,ForecastEx,216766,2167.66
2024-12-20,Kalshi,8568868,74184.35
2024-12-21,Kalshi,4112168,25593.95
2024-12-22,Kalshi,3624049,24385.88
2024-12-23,Crypto.com/Nadex,1504,
2024-12-23,ForecastEx,113405,1134.05
2024-12-23,Kalshi,5708821,34182.19
2024-12-24,Crypto.com/Nadex,3511,
2024-12-24,ForecastEx,92117,921.17
2024-12-24,Kalshi,3736499,29450.47
2024-12-25,Crypto.com/Nadex,2887,
2024-12-25,ForecastEx,22010,220.1
2024-12-25,Kalshi,3456143,22013.45
2024-12-26,Crypto.com/Nadex,2438,
2024-12-26,ForecastEx,141923,1419.23
2024-12-26,Kalshi,4055746,33212.58
2024-12-27,Crypto.com/Nadex,2597,
2024-12-27,ForecastEx,117178,1171.78
2024-12-27,Kalshi,4551912,34069.27
2024-12-28,Kalshi,2920304,20569.73
2024-12-29,Kalshi,3640372,23668.12
2024-12-30,Crypto.com/Nadex,1844,
2024-12-30,ForecastEx,258518,2585.18
2024-12-30,Kalshi,4473170,32517.22
2024-12-31,Crypto.com/Nadex,1599,
2024-12-31,ForecastEx,99330,993.3
2024-12-31,Kalshi,7818218,31370.7
2025-01-01,Crypto.com/Nadex,1580,
2025-01-01,ForecastEx,58699,586.99
2025-01-01,Kalshi,3345610,24278.46
2025-01-02,Crypto.com/Nadex,3918,
2025-01-02,ForecastEx,161438,1614.38
2025-01-02,Kalshi,4286823,33822.17
2025-01-03,Crypto.com/Nadex,3040,
2025-01-03,ForecastEx,198251,1982.51
2025-01-03,Kalshi,6651940,50152.16
2025-01-04,Kalshi,3066040,24065.03
2025-01-05,Kalshi,4330924,32900.67
2025-01-06,Crypto.com/Nadex,3211,
2025-01-06,ForecastEx,21956,219.56
2025-01-06,Kalshi,7104317,45337.9
2025-01-07,Crypto.com/Nadex,3162,
2025-01-07,ForecastEx,2761,27.61
2025-01-07,Kalshi,5332330,44187.49
2025-01-08,Crypto.com/Nadex,3191,
2025-01-08,ForecastEx,2073,20.73
2025-01-08,Kalshi,4872863,39103.07
2025-01-09,Crypto.com/Nadex,3934,
2025-01-09,ForecastEx,3737,37.37
2025-01-09,Kalshi,4035366,30492.35
2025-01-10,Crypto.com/Nadex,3592,
2025-01-10,ForecastEx,3836,38.36
2025-01-10,Kalshi,4830804,36119.09
2025-01-11,Kalshi,2647656,17151.28
2025-01-12,Kalshi,2680637,17220.41
2025-01-13,Crypto.com/Nadex,2403,
2025-01-13,ForecastEx,4483,44.83
2025-01-13,Kalshi,4304212,37026.27
2025-01-14,Crypto.com/Nadex,1554,
2025-01-14,ForecastEx,2700,27
2025-01-14,Kalshi,5014075,37956.02
2025-01-15,Crypto.com/Nadex,2188,
2025-01-15,ForecastEx,8994,89.94
2025-01-15,Kalshi,5182384,42779.65
2025-01-16,Crypto.com/Nadex,3772,
2025-01-16,ForecastEx,5922,59.22
2025-01-16,Kalshi,5688829,45213.16
2025-01-17,Crypto.com/Nadex,3138,
2025-01-17,ForecastEx,2710,27.1
2025-01-17,Kalshi,6337451,50283.75
2025-01-18,Kalshi,4930801,33573.45
2025-01-19,Kalshi,5158983,46857.34
2025-01-20,Crypto.com/Nadex,5656,
2025-01-20,ForecastEx,5266,52.66
2025-01-20,Kalshi,17809082,134421.49
2025-01-21,Crypto.com/Nadex,2738,
2025-01-21,ForecastEx,4212,42.12
2025-01-21,Kalshi,8079006,57871.3
2025-01-22,Crypto.com/Nadex,1886,
2025-01-22,ForecastEx,4252,42.52
2025-01-22,Kalshi,7713320,60295.1
2025-01-23,Crypto.com/Nadex,2570,
2025-01-23,ForecastEx,6143,61.43
2025-01-23,Kalshi,7598851,62580.85
2025-01-24,Crypto.com/Nadex,3231,
2025-01-24,ForecastEx,11565,115.65
2025-01-24,Kalshi,7117791,58503.93
2025-01-25,Kalshi,3719597,35881.43
2025-01-26,Kalshi,6719832,69751.27
2025-01-27,Crypto.com/Nadex,3227,
2025-01-27,ForecastEx,9216,92.16
2025-01-27,Kalshi,4882214,47522.46
2025-01-28,Crypto.com/Nadex,1943,
2025-01-28,ForecastEx,6056,60.56
2025-01-28,Kalshi,4661607,43441.34
2025-01-29,Crypto.com/Nadex,2007,
2025-01-29,ForecastEx,2421,24.21
2025-01-29,Kalshi,5810800,52932
2025-01-30,Crypto.com/Nadex,1822,
2025-01-30,ForecastEx,6172,61.72
2025-01-30,Kalshi,5939526,60034.15
2025-01-31,Crypto.com/Nadex,1530,
2025-01-31,ForecastEx,4475,44.75
2025-01-31,Kalshi,5084114,50933.87
2025-02-01,Kalshi,4172923,34739.32
2025-02-02,Kalshi,6145710,52665.49
2025-02-03,Crypto.com/Nadex,1882,
2025-02-03,ForecastEx,10032,100.32
2025-02-03,Kalshi,7513738,72677.26
2025-02-04,Crypto.com/Nadex,1366,
2025-02-04,ForecastEx,8169,81.69
2025-02-04,Kalshi,7321735,54632.14
2025-02-05,Crypto.com/Nadex,1559,
2025-02-05,ForecastEx,7331,73.31
2025-02-05,Kalshi,5127936,51002.02
2025-02-06,Crypto.com/Nadex,1953,
2025-02-06,ForecastEx,5387,53.87
2025-02-06,Kalshi,6294666,61230.16
2025-02-07,Crypto.com/Nadex,4766,
2025-02-07,ForecastEx,9863,98.63
2025-02-07,Kalshi,6247983,62165.98
2025-02-08,Kalshi,4769115,54313.31
2025-02-09,Kalshi,30694235,268759.24
2025-02-10,Crypto.com/Nadex,1795,
2025-02-10,ForecastEx,8521,85.21
2025-02-10,Kalshi,6565176,52587.55
2025-02-11,Crypto.com/Nadex,1666,
2025-02-11,ForecastEx,11841,118.41
2025-02-11,Kalshi,5997381,55385.44
2025-02-12,Crypto.com/Nadex,672,
2025-02-12,ForecastEx,9494,94.94
2025-02-12,Kalshi,7338860,62932.53
2025-02-13,Crypto.com/Nadex,644,
2025-02-13,ForecastEx,9410,94.1
2025-02-13,Kalshi,7166553,60632.55
2025-02-14,Crypto.com/Nadex,364,
2025-02-14,ForecastEx,3643,36.43
2025-02-14,Kalshi,5769450,51654.65
2025-02-15,Kalshi,3931024,33089.77
2025-02-16,Kalshi,4789523,42138.14
2025-02-17,Crypto.com/Nadex,778,
2025-02-17,ForecastEx,5995,59.95
2025-02-17,Kalshi,4663684,41903.21
2025-02-18,Crypto.com/Nadex,407,
2025-02-18,ForecastEx,18014,180.14
2025-02-18,Kalshi,6327038,63001.59
2025-02-19,Crypto.com/Nadex,822,
2025-02-19,ForecastEx,8161,81.61
2025-02-19,Kalshi,5592045,54503.98
2025-02-20,Crypto.com/Nadex,491,
2025-02-20,ForecastEx,8473,84.73
2025-02-20,Kalshi,7271500,66187.1
2025-02-21,Crypto.com/Nadex,431,
2025-02-21,ForecastEx,35659,356.59
2025-02-21,Kalshi,5932220,55771.44
2025-02-22,Kalshi,3857947,30111.29
2025-02-23,Kalshi,4090966,35929.82
2025-02-24,Crypto.com/Nadex,535,
2025-02-24,ForecastEx,13794,137.94
2025-02-24,Kalshi,5533704,48858.12
2025-02-25,Crypto.com/Nadex,714,
2025-02-25,ForecastEx,8430,84.3
2025-02-25,Kalshi,5542623,49414.48
2025-02-26,Crypto.com/Nadex,616,
2025-02-26,ForecastEx,14809,148.09
2025-02-26,Kalshi,6068885,54846.35
2025-02-27,Crypto.com/Nadex,739,
2025-02-27,ForecastEx,15088,150.88
2025-02-27,Kalshi,6449315,57030.34
2025-02-28,Crypto.com/Nadex,676,
2025-02-28,ForecastEx,4502,45.02
2025-02-28,Kalshi,5357747,48050.53
2025-03-01,Kalshi,3225339,31028.19
2025-03-02,Kalshi,6902658,59817.29
2025-03-03,Crypto.com/Nadex,834,
2025-03-03,ForecastEx,8587,85.87
2025-03-03,Kalshi,6020413,57980.58
2025-03-04,Crypto.com/Nadex,655,
2025-03-04,ForecastEx,12170,121.7
2025-03-04,Kalshi,12768784,100522.03
2025-03-05,Crypto.com/Nadex,856,
2025-03-05,ForecastEx,8639,86.39
2025-03-05,Kalshi,7278980,69265.44
2025-03-06,Crypto.com/Nadex,634,
2025-03-06,ForecastEx,12565,125.65
2025-03-06,Kalshi,5217130,54805.76
2025-03-07,Crypto.com/Nadex,684,
2025-03-07,ForecastEx,10911,109.11
2025-03-07,Kalshi,5337855,52824.69
2025-03-08,Kalshi,3049560,28946.25
2025-03-09,Kalshi,2938051,26955.67
2025-03-10,Crypto.com/Nadex,412,
2025-03-10,ForecastEx,24275,242.75
2025-03-10,Kalshi,4827262,50247.48
2025-03-11,Crypto.com/Nadex,566,
2025-03-11,ForecastEx,6434,64.34
2025-03-11,Kalshi,5587371,58099.66
2025-03-12,Crypto.com/Nadex,861,
2025-03-12,ForecastEx,10277,102.77
2025-03-12,Kalshi,4462948,41419.48
2025-03-13,Crypto.com/Nadex,1161,
2025-03-13,ForecastEx,19136,191.36
2025-03-13,Kalshi,5325806,46952.72
2025-03-14,Crypto.com/Nadex,610,
2025-03-14,ForecastEx,34710,347.1
2025-03-14,Kalshi,5410790,44707.28
2025-03-15,Kalshi,3519592,32463.85
2025-03-16,Kalshi,3589750,30755.87
2025-03-17,Crypto.com/Nadex,765,
2025-03-17,ForecastEx,40741,407.41
2025-03-17,Kalshi,5012065,39500.08
2025-03-18,Crypto.com/Nadex,988,
2025-03-18,ForecastEx,23677,236.77
2025-03-18,Kalshi,7321727,73662.37
2025-03-19,Crypto.com/Nadex,1353,
2025-03-19,ForecastEx,16778,167.78
2025-03-19,Kalshi,13526536,115984.06
2025-03-20,Crypto.com/Nadex,2158,
2025-03-20,ForecastEx,14569,145.69
2025-03-20,Kalshi,37615974,371019.22
2025-03-21,Crypto.com/Nadex,2469,
2025-03-21,ForecastEx,10594,105.94
2025-03-21,Kalshi,49934117,543555.51
2025-03-22,Kalshi,51966770,585149.66
2025-03-23,Kalshi,55664767,650088.03
2025-03-24,Crypto.com/Nadex,2677,
2025-03-24,ForecastEx,10271,102.71
2025-03-24,Kalshi,17503770,171597.23
2025-03-25,Crypto.com/Nadex,2198,
2025-03-25,ForecastEx,37433,374.33
2025-03-25,Kalshi,6230148,65189.08
2025-03-26,Crypto.com/Nadex,1665,
2025-03-26,ForecastEx,26887,268.87
2025-03-26,Kalshi,6775409,70194.75
2025-03-27,Crypto.com/Nadex,1989,
2025-03-27,ForecastEx,8977,89.77
2025-03-27,Kalshi,32538304,353279.93
2025-03-28,Crypto.com/Nadex,3366,
2025-03-28,ForecastEx,13371,133.71
2025-03-28,Kalshi,44840203,520201.96
2025-03-29,Kalshi,51579234,580986.98
2025-03-30,Kalshi,35764698,356807.01
2025-03-31,Crypto.com/Nadex,3388,
2025-03-31,ForecastEx,8107,81.07
2025-03-31,Kalshi,19422798,176371.78
2025-04-01,Crypto.com/Nadex,2324,
2025-04-01,ForecastEx,9494,94.94
2025-04-01,Kalshi,11720263,105439.66
2025-04-02,Crypto.com/Nadex,2623,
2025-04-02,ForecastEx,14618,146.18
2025-04-02,Kalshi,8467194,89794.63
2025-04-03,Crypto.com/Nadex,2054,
2025-04-03,ForecastEx,10198,101.98
2025-04-03,Kalshi,7348721,80831.78
2025-04-04,Crypto.com/Nadex,2310,
2025-04-04,ForecastEx,9212,92.12
2025-04-04,Kalshi,21247754,231765.42
2025-04-05,Kalshi,47504185,588348.56
2025-04-06,Kalshi,16191041,184623.57
2025-04-07,Crypto.com/Nadex,6916,
2025-04-07,ForecastEx,40431,404.31
2025-04-07,Kalshi,34749516,496491.16
2025-04-08,Crypto.com/Nadex,6298,
2025-04-08,ForecastEx,15814,158.14
2025-04-08,Kalshi,5435689,48533.65
2025-04-09,Crypto.com/Nadex,4825,
2025-04-09,ForecastEx,32562,325.62
2025-04-09,Kalshi,16485826,116962.95
2025-04-10,Crypto.com/Nadex,5211,
2025-04-10,ForecastEx,12439,124.39
2025-04-10,Kalshi,24773660,180880.19
2025-04-11,Crypto.com/Nadex,3912,
2025-04-11,ForecastEx,26964,269.64
2025-04-11,Kalshi,18887592,144615.99
2025-04-12,Kalshi,21133089,197449.87
2025-04-13,Kalshi,32774503,317817.03
2025-04-14,Crypto.com/Nadex,1826,
2025-04-14,ForecastEx,30150,301.5
2025-04-14,Kalshi,5725074,54588.61
2025-04-15,Crypto.com/Nadex,2216,
2025-04-15,ForecastEx,8773,87.73
2025-04-15,Kalshi,7384971,72836.95
2025-04-16,Crypto.com/Nadex,4395,
2025-04-16,ForecastEx,4660,46.6
2025-04-16,Kalshi,8943655,87912.44
2025-04-17,Crypto.com/Nadex,3138,
2025-04-17,ForecastEx,9580,95.8
2025-04-17,Kalshi,7389069,61887.53
2025-04-18,Crypto.com/Nadex,2179,
2025-04-18,ForecastEx,3625,36.25
2025-04-18,Kalshi,6235959,55217.48
2025-04-19,Kalshi,11081660,125395.15
2025-04-20,Kalshi,8732254,86251.08
2025-04-21,Crypto.com/Nadex,5117,
2025-04-21,ForecastEx,11134,111.34
2025-04-21,Kalshi,11580442,129463.45
2025-04-22,Crypto.com/Nadex,5590,
2025-04-22,ForecastEx,6782,67.82
2025-04-22,Kalshi,13895075,141689.13
2025-04-23,Crypto.com/Nadex,6321,
2025-04-23,ForecastEx,32920,329.2
2025-04-23,Kalshi,12788938,114431.86
2025-04-24,Crypto.com/Nadex,5361,
2025-04-24,ForecastEx,11007,110.07
2025-04-24,Kalshi,12037279,127077.28
2025-04-25,Crypto.com/Nadex,5504,
2025-04-25,ForecastEx,69609,696.09
2025-04-25,Kalshi,12167235,132213.62
2025-04-26,Kalshi,8518923,93565.68
2025-04-27,Kalshi,9941373,109970.36
2025-04-28,Crypto.com/Nadex,6357,
2025-04-28,ForecastEx,18218,182.18
2025-04-28,Kalshi,21955567,182246.72
2025-04-29,Crypto.com/Nadex,6677,
2025-04-29,ForecastEx,9145,91.45
2025-04-29,Kalshi,19343039,167700.29
2025-04-30,Crypto.com/Nadex,7159,
2025-04-30,ForecastEx,23100,231
2025-04-30,Kalshi,15953042,143640.97
2025-05-01,Crypto.com/Nadex,8202,
2025-05-01,ForecastEx,18487,184.87
2025-05-01,Kalshi,16097044,154152.81
2025-05-02,Crypto.com/Nadex,5817,
2025-05-02,ForecastEx,71406,714.06
2025-05-02,Kalshi,17745323,156329.83
2025-05-03,ForecastEx,3553,35.53
2025-05-03,Kalshi,14447784,144162.92
2025-05-04,ForecastEx,1740,17.4
2025-05-04,Kalshi,18058896,197219.8
2025-05-05,Crypto.com/Nadex,9462,
2025-05-05,ForecastEx,24211,242.11
2025-05-05,Kalshi,17511425,156924.26
2025-05-06,Crypto.com/Nadex,8574,
2025-05-06,ForecastEx,87026,870.26
2025-05-06,Kalshi,23399204,223866.09
2025-05-07,Crypto.com/Nadex,11306,
2025-05-07,ForecastEx,21985,219.85
2025-05-07,Kalshi,24458812,219254.96
2025-05-08,Crypto.com/Nadex,10459,
2025-05-08,ForecastEx,33237,332.37
2025-05-08,Kalshi,14554159,148029.59
2025-05-09,Crypto.com/Nadex,7340,
2025-05-09,ForecastEx,35935,359.35
2025-05-09,Kalshi,13999636,155490.84
2025-05-10,ForecastEx,367,3.67
2025-05-10,Kalshi,14602125,170171.11
2025-05-11,ForecastEx,3639,36.39
2025-05-11,Kalshi,13935831,161937.77
2025-05-12,Crypto.com/Nadex,7678,
2025-05-12,ForecastEx,85240,852.4
2025-05-12,Kalshi,19856691,206419.77
2025-05-13,Crypto.com/Nadex,29945,
2025-05-13,ForecastEx,47657,476.57
2025-05-13,Kalshi,26368034,273125.7
2025-05-14,Crypto.com/Nadex,98929,
2025-05-14,ForecastEx,35625,356.25
2025-05-14,Kalshi,25930445,225819.94
2025-05-15,Crypto.com/Nadex,80711,
2025-05-15,ForecastEx,20937,209.37
2025-05-15,Kalshi,25071172,192435.77
2025-05-16,Crypto.com/Nadex,57821,
2025-05-16,ForecastEx,28167,281.67
2025-05-16,Kalshi,21537215,190028.26
2025-05-17,ForecastEx,960,9.6
2025-05-17,Kalshi,16296623,149898.31
2025-05-18,ForecastEx,1435,14.35
2025-05-18,Kalshi,26837373,264446.01
2025-05-19,Crypto.com/Nadex,18317,
2025-05-19,ForecastEx,56184,561.84
2025-05-19,Kalshi,11369539,132276.67
2025-05-20,Crypto.com/Nadex,18486,
2025-05-20,ForecastEx,51155,511.55
2025-05-20,Kalshi,21683218,247593.64
2025-05-21,Crypto.com/Nadex,48455,
2025-05-21,ForecastEx,68262,682.62
2025-05-21,Kalshi,27303615,315983.13
2025-05-22,Crypto.com/Nadex,51454,
2025-05-22,ForecastEx,50589,505.89
2025-05-22,Kalshi,22338073,233845.61
2025-05-23,Crypto.com/Nadex,50708,
2025-05-23,ForecastEx,115857,1158.57
2025-05-23,Kalshi,25598000,313803.12
2025-05-24,ForecastEx,259,2.59
2025-05-24,Kalshi,20855429,238643.46
2025-05-25,ForecastEx,2654,26.54
2025-05-25,Kalshi,32847286,377337.48
2025-05-26,Crypto.com/Nadex,55151,
2025-05-26,ForecastEx,11475,114.75
2025-05-26,Kalshi,25525448,314682.11
2025-05-27,Crypto.com/Nadex,53568,
2025-05-27,ForecastEx,29972,299.72
2025-05-27,Kalshi,27662154,316436.32
2025-05-28,Crypto.com/Nadex,60071,
2025-05-28,ForecastEx,59233,592.33
2025-05-28,Kalshi,25779393,255631.96
2025-05-29,Crypto.com/Nadex,61007,
2025-05-29,ForecastEx,67430,674.3
2025-05-29,Kalshi,29526461,316370.52
2025-05-30,Crypto.com/Nadex,40024,
2025-05-30,ForecastEx,87195,871.95
2025-05-30,Kalshi,13912732,153479.49
2025-05-31,ForecastEx,2588,25.88
2025-05-31,Kalshi,29261758,311267.08
2025-06-01,ForecastEx,5234,52.34
2025-06-01,Kalshi,11907434,109397.45
2025-06-02,Crypto.com/Nadex,7687,
2025-06-02,ForecastEx,78744,787.44
2025-06-02,Kalshi,11897050,113816.13
2025-06-03,Crypto.com/Nadex,15585,
2025-06-03,ForecastEx,183500,1835
2025-06-03,Kalshi,13738836,134549.72
2025-06-04,Crypto.com/Nadex,18645,
2025-06-04,ForecastEx,146354,1463.54
2025-06-04,Kalshi,25436226,301135.06
2025-06-05,Crypto.com/Nadex,33492,
2025-06-05,ForecastEx,124072,1240.72
2025-06-05,Kalshi,42788869,414170.71
2025-06-06,Crypto.com/Nadex,49339,
2025-06-06,ForecastEx,162880,1628.8
2025-06-06,Kalshi,37412106,435701.44
2025-06-07,ForecastEx,1278,12.78
2025-06-07,Kalshi,23570051,282127.5
2025-06-08,ForecastEx,2431,24.31
2025-06-08,Kalshi,49823164,517429.06
2025-06-09,Crypto.com/Nadex,49409,
2025-06-09,ForecastEx,179983,1799.83
2025-06-09,Kalshi,19033987,211444.67
2025-06-10,Crypto.com/Nadex,29374,
2025-06-10,ForecastEx,294998,2949.98
2025-06-10,Kalshi,16187112,167002.12
2025-06-11,Crypto.com/Nadex,19135,
2025-06-11,ForecastEx,399600,3996
2025-06-11,Kalshi,39016207,459381.83
2025-06-12,Crypto.com/Nadex,56059,
2025-06-12,ForecastEx,163634,1636.34
2025-06-12,Kalshi,43943727,394434.97
2025-06-13,Crypto.com/Nadex,45101,
2025-06-13,ForecastEx,242810,2428.1
2025-06-13,Kalshi,52707719,632942.14
2025-06-14,ForecastEx,1156,11.56
2025-06-14,Kalshi,30774139,304628.7
2025-06-15,ForecastEx,1864,18.64
2025-06-15,Kalshi,29617964,299228.99
2025-06-16,Crypto.com/Nadex,29497,
2025-06-16,ForecastEx,167216,1672.16
2025-06-16,Kalshi,34995127,332148.15
2025-06-17,Crypto.com/Nadex,62453,
2025-06-17,ForecastEx,198114,1981.14
2025-06-17,Kalshi,24280770,265545.15
2025-06-18,Crypto.com/Nadex,47625,
2025-06-18,ForecastEx,275795,2757.95
2025-06-18,Kalshi,16690566,148549.99
2025-06-19,Crypto.com/Nadex,20016,
2025-06-19,ForecastEx,86990,869.9
2025-06-19,Kalshi,41965785,454229.25
2025-06-20,Crypto.com/Nadex,38827,
2025-06-20,ForecastEx,140707,1407.07
2025-06-20,Kalshi,18463749,205004.96
2025-06-21,ForecastEx,1216,12.16
2025-06-21,Kalshi,13970293,166432.8
2025-06-22,ForecastEx,7486,74.86
2025-06-22,Kalshi,50003400,502038.5
2025-06-23,Crypto.com/Nadex,10456,
2025-06-23,ForecastEx,226212,2262.12
2025-06-23,Kalshi,14083306,150047.1
2025-06-24,Crypto.com/Nadex,4258,
2025-06-24,ForecastEx,238147,2381.47
2025-06-24,Kalshi,21424267,197248.64
2025-06-25,Crypto.com/Nadex,5183,
2025-06-25,ForecastEx,326610,3266.1
2025-06-25,Kalshi,16137855,148914.17
2025-06-26,Crypto.com/Nadex,6808,
2025-06-26,ForecastEx,48045,480.45
2025-06-26,Kalshi,13925536,130464.58
2025-06-27,Crypto.com/Nadex,7481,
2025-06-27,ForecastEx,325573,3255.73
2025-06-27,Kalshi,15661699,162915.67
2025-06-28,ForecastEx,3169,31.69
2025-06-28,Kalshi,21106591,213780.66
2025-06-29,ForecastEx,8103,81.03
2025-06-29,Kalshi,14226148,138998.47
2025-06-30,Crypto.com/Nadex,28240,
2025-06-30,ForecastEx,130184,1301.84
2025-06-30,Kalshi,16990703,161062.53
2025-07-01,Crypto.com/Nadex,36380,
2025-07-01,ForecastEx,181364,1813.64
2025-07-01,Kalshi,18264431,172188.72
2025-07-02,Crypto.com/Nadex,40305,
2025-07-02,ForecastEx,148630,1486.3
2025-07-02,Kalshi,16621469,167418.73
2025-07-03,Crypto.com/Nadex,40503,
2025-07-03,ForecastEx,426722,4267.22
2025-07-03,Kalshi,22638731,195785.9
2025-07-04,Crypto.com/Nadex,36639,
2025-07-04,ForecastEx,192968,1929.68
2025-07-04,Kalshi,21563199,189149.59
2025-07-05,ForecastEx,89220,892.2
2025-07-05,Kalshi,16158111,167127.69
2025-07-06,ForecastEx,712344,7123.44
2025-07-06,Kalshi,25597209,262194.07
2025-07-07,Crypto.com/Nadex,34176,
2025-07-07,ForecastEx,187393,1873.93
2025-07-07,Kalshi,29628378,325931.27
2025-07-08,Crypto.com/Nadex,37864,
2025-07-08,ForecastEx,110231,1102.31
2025-07-08,Kalshi,28742361,296955.73
2025-07-09,Crypto.com/Nadex,42538,
2025-07-09,ForecastEx,150353,1503.53
2025-07-09,Kalshi,34806547,342870.61
2025-07-10,Crypto.com/Nadex,23656,
2025-07-10,ForecastEx,101382,1013.82
2025-07-10,Kalshi,30575785,343875.39
2025-07-11,Crypto.com/Nadex,16507,
2025-07-11,ForecastEx,223892,2238.92
2025-07-11,Kalshi,32672753,328925.38
2025-07-12,ForecastEx,4745,47.45
2025-07-12,Kalshi,18075646,208683.3
2025-07-13,ForecastEx,10848,108.48
2025-07-13,Kalshi,35382042,417841.46
2025-07-14,Crypto.com/Nadex,5112,
2025-07-14,ForecastEx,112877,1128.77
2025-07-14,Kalshi,25628255,256544.4
2025-07-15,Crypto.com/Nadex,10686,
2025-07-15,ForecastEx,118289,1182.89
2025-07-15,Kalshi,23182009,236984.69
2025-07-16,Crypto.com/Nadex,13668,
2025-07-16,ForecastEx,142437,1424.37
2025-07-16,Kalshi,20613795,173391.74
2025-07-17,Crypto.com/Nadex,12991,
2025-07-17,ForecastEx,131222,1312.22
2025-07-17,Kalshi,20553146,168838.06
2025-07-18,Crypto.com/Nadex,14821,
2025-07-18,ForecastEx,107121,1071.21
2025-07-18,Kalshi,23909539,244476.44
2025-07-19,ForecastEx,2477,24.77
2025-07-19,Kalshi,31791831,354333.42
2025-07-20,ForecastEx,26825,268.25
2025-07-20,Kalshi,25238644,240317.61
2025-07-21,Crypto.com/Nadex,41301,
2025-07-21,ForecastEx,69485,694.85
2025-07-21,Kalshi,17510940,163603.07
2025-07-22,Crypto.com/Nadex,50284,
2025-07-22,ForecastEx,104573,1045.73
2025-07-22,Kalshi,18574930,174317.19
2025-07-23,Crypto.com/Nadex,65916,
2025-07-23,ForecastEx,59222,592.22
2025-07-23,Kalshi,23307662,179630.57
2025-07-24,Crypto.com/Nadex,54131,
2025-07-24,ForecastEx,143308,1433.08
2025-07-24,Kalshi,22269814,166720.76
2025-07-25,Crypto.com/Nadex,31399,
2025-07-25,ForecastEx,80343,803.43
2025-07-25,Kalshi,24118090,196783.15
2025-07-26,ForecastEx,7037,70.37
2025-07-26,Kalshi,22591163,215478.29
2025-07-27,ForecastEx,18711,187.11
2025-07-27,Kalshi,28470030,261781.44
2025-07-28,Crypto.com/Nadex,12772,
2025-07-28,ForecastEx,98993,989.93
2025-07-28,Kalshi,19478984,192763.46
2025-07-29,Crypto.com/Nadex,26573,
2025-07-29,ForecastEx,184397,1843.97
2025-07-29,Kalshi,22275034,190769.8
2025-07-30,Crypto.com/Nadex,51400,
2025-07-30,ForecastEx,313900,3139
2025-07-30,Kalshi,21120418,187475.29
2025-07-31,Crypto.com/Nadex,9917,
2025-07-31,ForecastEx,243272,2432.72
2025-07-31,Kalshi,18966386,173196.21
2025-08-01,Crypto.com/Nadex,19968,
2025-08-01,ForecastEx,192694,1926.94
2025-08-01,Kalshi,25113234,250730.1
2025-08-02,ForecastEx,1188,11.88
2025-08-02,Kalshi,19869967,217579.25
2025-08-03,ForecastEx,18209,182.09
2025-08-03,Kalshi,16204734,163408.05
2025-08-04,Crypto.com/Nadex,6123,
2025-08-04,ForecastEx,99804,998.04
2025-08-04,Kalshi,13996381,145816.74
2025-08-05,Crypto.com/Nadex,217667,
2025-08-05,ForecastEx,333832,3338.32
2025-08-05,Kalshi,17183898,174629.55
2025-08-06,Crypto.com/Nadex,285743,
2025-08-06,ForecastEx,176332,1763.32
2025-08-06,Kalshi,16853590,172006.75
2025-08-07,Crypto.com/Nadex,251104,
2025-08-07,ForecastEx,137969,1379.69
2025-08-07,Kalshi,21170448,205971.88
2025-08-08,Crypto.com/Nadex,126437,
2025-08-08,ForecastEx,208938,2089.38
2025-08-08,Kalshi,23845368,253084.04
2025-08-09,ForecastEx,3766,37.66
2025-08-09,Kalshi,23010408,252296.59
2025-08-10,ForecastEx,13449,134.49
2025-08-10,Kalshi,34965589,414092.03
2025-08-11,Crypto.com/Nadex,135206,
2025-08-11,ForecastEx,122504,1225.04
2025-08-11,Kalshi,16911975,180031.7
2025-08-12,Crypto.com/Nadex,248991,
2025-08-12,ForecastEx,140494,1404.94
2025-08-12,Kalshi,19381070,189371.99
2025-08-13,Crypto.com/Nadex,343414,
2025-08-13,ForecastEx,165079,1650.79
2025-08-13,Kalshi,22258031,222029.51
2025-08-14,Crypto.com/Nadex,367989,
2025-08-14,ForecastEx,184921,1849.21
2025-08-14,Kalshi,25737195,247300.59
2025-08-15,Crypto.com/Nadex,127859,
2025-08-15,ForecastEx,305645,3056.45
2025-08-15,Kalshi,26842655,300002.24
2025-08-16,ForecastEx,994,9.94
2025-08-16,Kalshi,32209979,384082.33
2025-08-17,ForecastEx,7728,77.28
2025-08-17,Kalshi,35341997,375426.88
2025-08-18,Crypto.com/Nadex,168907,
2025-08-18,ForecastEx,70478,704.78
2025-08-18,Kalshi,17515673,192568.51
2025-08-19,Crypto.com/Nadex,393749,
2025-08-19,ForecastEx,185483,1854.83
2025-08-19,Kalshi,18228093,200853.05
2025-08-20,Crypto.com/Nadex,469839,
2025-08-20,ForecastEx,241401,2414.01
2025-08-20,Kalshi,21518756,211843.14
2025-08-21,Crypto.com/Nadex,434127,
2025-08-21,ForecastEx,101772,1017.72
2025-08-21,Kalshi,23537064,238762.97
2025-08-22,Crypto.com/Nadex,336178,
2025-08-22,ForecastEx,302346,3023.46
2025-08-22,Kalshi,32217324,333578.74
2025-08-23,ForecastEx,1252,12.52
2025-08-23,Kalshi,40323441,457505.64
2025-08-24,ForecastEx,16631,166.31
2025-08-24,Kalshi,33614639,334228.23
2025-08-25,Crypto.com/Nadex,278500,
2025-08-25,ForecastEx,499011,4990.11
2025-08-25,Kalshi,25923942,260763.14
2025-08-26,Crypto.com/Nadex,427014,
2025-08-26,ForecastEx,162114,1621.14
2025-08-26,Kalshi,22074711,229597.01
2025-08-27,Crypto.com/Nadex,565666,
2025-08-27,ForecastEx,170610,1706.1
2025-08-27,Kalshi,23356063,241392.19
2025-08-28,Crypto.com/Nadex,493488,
2025-08-28,ForecastEx,253144,2531.44
2025-08-28,Kalshi,36556234,382899.84
2025-08-29,Crypto.com/Nadex,467225,
2025-08-29,ForecastEx,246580,2465.8
2025-08-29,Kalshi,42428332,457440
2025-08-30,ForecastEx,6735,67.35
2025-08-30,Kalshi,87244547,937227.39
2025-08-31,ForecastEx,18630,186.3
2025-08-31,Kalshi,58940177,675796.8
2025-09-01,Crypto.com/Nadex,688901,
2025-09-01,ForecastEx,88466,884.66
2025-09-01,Kalshi,38836744,434315.29
2025-09-02,Crypto.com/Nadex,566169,
2025-09-02,ForecastEx,230380,2303.8
2025-09-02,Kalshi,31095750,326719.74
2025-09-03,Crypto.com/Nadex,906633,
2025-09-03,ForecastEx,167278,1672.78
2025-09-03,Kalshi,49882469,546235.85
2025-09-04,Crypto.com/Nadex,1435617,
2025-09-04,ForecastEx,136298,1362.98
2025-09-04,Kalshi,52435015,629526.12
2025-09-05,Crypto.com/Nadex,1760403,
2025-09-05,ForecastEx,254059,2540.59
2025-09-05,Kalshi,85129506,887654.39
2025-09-06,ForecastEx,3258,32.58
2025-09-06,Kalshi,107726607,1216296.88
2025-09-07,ForecastEx,74318,743.18
2025-09-07,Kalshi,196134790,2497351.01
2025-09-08,Crypto.com/Nadex,2269362,
2025-09-08,ForecastEx,245208,2452.08
2025-09-08,Kalshi,60569973,677611.58
2025-09-09,Crypto.com/Nadex,1995244,
2025-09-09,ForecastEx,363716,3637.16
2025-09-09,Kalshi,27759392,295405.93
2025-09-10,Crypto.com/Nadex,1624835,
2025-09-10,ForecastEx,575606,5756.06
2025-09-10,Kalshi,25190344,265516.91
2025-09-11,Crypto.com/Nadex,1817019,
2025-09-11,ForecastEx,226648,2266.48
2025-09-11,Kalshi,52179163,572865.7
2025-09-12,Crypto.com/Nadex,2176924,
2025-09-12,ForecastEx,234678,2346.78
2025-09-12,Kalshi,54268779,628753.47
2025-09-13,ForecastEx,4123,41.23
2025-09-13,Kalshi,159177991,1992698.25
2025-09-14,ForecastEx,36464,364.64
2025-09-14,Kalshi,182851616,2291137.32
2025-09-15,Crypto.com/Nadex,3243860,
2025-09-15,ForecastEx,241133,2411.33
2025-09-15,Kalshi,82172820,1043224.73
2025-09-16,Crypto.com/Nadex,3312339,
2025-09-16,ForecastEx,494161,4941.61
2025-09-16,Kalshi,53062562,443417.21
2025-09-17,Crypto.com/Nadex,2838707,
2025-09-17,ForecastEx,1129904,11299.04
2025-09-17,Kalshi,58252816,508846.83
2025-09-18,Crypto.com/Nadex,3639653,
2025-09-18,ForecastEx,292971,2929.71
2025-09-18,Kalshi,71634742,696277.88
2025-09-19,Crypto.com/Nadex,3947105,
2025-09-19,ForecastEx,190228,1902.28
2025-09-19,Kalshi,65104398,798436.93
2025-09-20,ForecastEx,23966,239.66
2025-09-20,Kalshi,182092117,2081565.46
2025-09-21,ForecastEx,24613,246.13
2025-09-21,Kalshi,215839670,2653091.72
2025-09-22,Crypto.com/Nadex,4894025,
2025-09-22,ForecastEx,139610,1396.1
2025-09-22,Kalshi,72739107,945843.66
2025-09-23,Crypto.com/Nadex,3588003,
2025-09-23,ForecastEx,81803,818.03
2025-09-23,Kalshi,33235432,381740.69
2025-09-24,Crypto.com/Nadex,3140252,
2025-09-24,ForecastEx,187372,1873.72
2025-09-24,Kalshi,34308884,393893.89
2025-09-25,Crypto.com/Nadex,3977527,
2025-09-25,ForecastEx,187387,1873.87
2025-09-25,Kalshi,70445553,825925.8
2025-09-26,Crypto.com/Nadex,4184933,
2025-09-26,ForecastEx,125596,1255.96
2025-09-26,Kalshi,105522447,1421945.9
2025-09-27,ForecastEx,27071,270.71
2025-09-27,Kalshi,260688428,3312858.15
2025-09-28,ForecastEx,204710,2047.1
2025-09-28,Kalshi,277753304,3565586.95
2025-09-29,Crypto.com/Nadex,6082374,
2025-09-29,ForecastEx,95576,955.76
2025-09-29,Kalshi,89832516,1045517.55
2025-09-30,Crypto.com/Nadex,4180938,
2025-09-30,ForecastEx,152026,1520.26
2025-09-30,Kalshi,67700108,778171.85
2025-10-01,Crypto.com/Nadex,3566538,
2025-10-01,ForecastEx,154250,1542.5
2025-10-01,Kalshi,77328266,914954.88
2025-10-02,Crypto.com/Nadex,4334121,
2025-10-02,ForecastEx,182713,1827.13
2025-10-02,Kalshi,122623287,1618929.31
2025-10-03,Crypto.com/Nadex,5958603,
2025-10-03,ForecastEx,290213,2902.13
2025-10-03,Kalshi,60557815,636940.43
2025-10-04,ForecastEx,12979,129.79
2025-10-04,Kalshi,241389395,2806048.78
2025-10-05,ForecastEx,18338,183.38
2025-10-05,Kalshi,296898477,3726705.82
2025-10-06,Crypto.com/Nadex,6661244,
2025-10-06,ForecastEx,372373,3723.73
2025-10-06,Kalshi,108320791,1386579.44
2025-10-07,Crypto.com/Nadex,5560748,
2025-10-07,ForecastEx,99523,995.23
2025-10-07,Kalshi,69584650,798635.27
2025-10-08,Crypto.com/Nadex,4068420,
2025-10-08,ForecastEx,67835,678.35
2025-10-08,Kalshi,91978998,1099590.4
2025-10-09,Crypto.com/Nadex,3620063,
2025-10-09,ForecastEx,202478,2024.78
2025-10-09,Kalshi,113608021,1384804.97
2025-10-10,Crypto.com/Nadex,5691848,
2025-10-10,ForecastEx,227800,2278
2025-10-10,Kalshi,84884637,1067358.29
2025-10-11,ForecastEx,3995,39.95
2025-10-11,Kalshi,219595129,2575143.09
2025-10-12,ForecastEx,88950,889.5
2025-10-12,Kalshi,221073694,2749465.32
2025-10-13,Crypto.com/Nadex,6306022,
2025-10-13,ForecastEx,534063,5340.63
2025-10-13,Kalshi,125615988,1574200.05
2025-10-14,Crypto.com/Nadex,5739702,
2025-10-14,ForecastEx,506591,5065.91
2025-10-14,Kalshi,59306528,696022.85
2025-10-15,Crypto.com/Nadex,3267787,
2025-10-15,ForecastEx,300292,3002.92
2025-10-15,Kalshi,65806370,759593.36
2025-10-16,Crypto.com/Nadex,3210412,
2025-10-16,ForecastEx,645218,6452.18
2025-10-16,Kalshi,110974311,1343430.66
2025-10-17,Crypto.com/Nadex,5941512,
2025-10-17,ForecastEx,1153170,11531.7
2025-10-17,Kalshi,108444407,1294851.57
2025-10-18,ForecastEx,1868,18.68
2025-10-18,Kalshi,229541645,2694168.53
2025-10-19,ForecastEx,563901,5639.01
2025-10-19,Kalshi,250699565,2951049.4
2025-10-20,Crypto.com/Nadex,7647980,
2025-10-20,ForecastEx,616035,6160.35
2025-10-20,Kalshi,125262478,1300206.8
2025-10-21,Crypto.com/Nadex,6449396,
2025-10-21,ForecastEx,538120,5381.2
2025-10-21,Kalshi,94778529,1124643.95
2025-10-22,Crypto.com/Nadex,5208004,
2025-10-22,ForecastEx,235159,2351.59
2025-10-22,Kalshi,109399536,1272498.48
2025-10-23,Crypto.com/Nadex,6402318,
2025-10-23,ForecastEx,415755,4157.55
2025-10-23,Kalshi,110434927,1212885.9
2025-10-24,Crypto.com/Nadex,6625332,
2025-10-24,ForecastEx,793759,7937.59
2025-10-24,Kalshi,142415646,1751885.22
2025-10-25,ForecastEx,267541,2675.41
2025-10-25,Kalshi,254944797,2870704.57
2025-10-26,ForecastEx,553852,5538.52
2025-10-26,Kalshi,244043673,2783766.21
2025-10-27,Crypto.com/Nadex,7679632,
2025-10-27,ForecastEx,2142750,21427.5
2025-10-27,Kalshi,121033948,1363480.83
2025-10-28,Crypto.com/Nadex,7623803,
2025-10-28,ForecastEx,3335788,33357.88
2025-10-28,Kalshi,136852964,1540529.86
2025-10-29,Crypto.com/Nadex,6487343,
2025-10-29,ForecastEx,2874386,28743.86
2025-10-29,Kalshi,145592319,1563971.59
2025-10-30,Crypto.com/Nadex,8403603,
2025-10-30,ForecastEx,3226443,32264.43
2025-10-30,Kalshi,127238055,1356120.56
2025-10-30,Polymarket_US,412,0.74
2025-10-31,Crypto.com/Nadex,7289429,
2025-10-31,ForecastEx,2183342,21833.42
2025-10-31,Kalshi,127625174,1498703.48
2025-10-31,Polymarket_US,1517,3.82
2025-11-01,ForecastEx,940274,9402.74
2025-11-01,Kalshi,296113889,3415649.81
2025-11-01,Polymarket_US,50,0.05
2025-11-02,ForecastEx,1507081,15070.81
2025-11-02,Kalshi,306420729,3440152.7
2025-11-02,Polymarket_US,6583,12.13
2025-11-03,Crypto.com/Nadex,11389245,
2025-11-03,ForecastEx,4095615,40956.15
2025-11-03,Kalshi,156658270,1633572.58
2025-11-03,Polymarket_US,3859,6.24
2025-11-04,Crypto.com/Nadex,12897850,
2025-11-04,ForecastEx,12931297,129312.97
2025-11-04,Kalshi,177314786,1556025.05
2025-11-04,Polymarket_US,528,0.79
2025-11-05,Crypto.com/Nadex,8372341,
2025-11-05,ForecastEx,7149430,71494.3
2025-11-05,Kalshi,126328176,1410046.58
2025-11-05,Polymarket_US,555,0.23
2025-11-06,Crypto.com/Nadex,6550567,
2025-11-06,ForecastEx,893476,8934.76
2025-11-06,Kalshi,130643898,1332606.41
2025-11-06,Polymarket_US,1199,0.41
2025-11-07,Crypto.com/Nadex,11650862,
2025-11-07,ForecastEx,1196373,11963.73
2025-11-07,Kalshi,123947052,1378629.7
2025-11-07,Polymarket_US,664,0.39
2025-11-08,ForecastEx,301586,3015.86
2025-11-08,Kalshi,270275737,3000704.35
2025-11-08,Polymarket_US,74,0.1
2025-11-09,ForecastEx,87874,878.74
2025-11-09,Kalshi,319565615,3544097.38
2025-11-09,Polymarket_US,12350,18.49
2025-11-10,Crypto.com/Nadex,9369060,
2025-11-10,ForecastEx,293530,2935.3
2025-11-10,Kalshi,137626533,1478093.09
2025-11-10,Polymarket_US,12142,14.5
2025-11-11,Crypto.com/Nadex,8678514,
2025-11-11,ForecastEx,348001,3480.01
2025-11-11,Kalshi,125437807,1362968.31
2025-11-11,Polymarket_US,3237,5.4
2025-11-12,Crypto.com/Nadex,7563926,
2025-11-12,ForecastEx,318462,3184.62
2025-11-12,Kalshi,136691531,1386323.73
2025-11-12,Polymarket_US,850,0.75
2025-11-13,Crypto.com/Nadex,8860331,
2025-11-13,ForecastEx,405273,4052.73
2025-11-13,Kalshi,126020557,1151065.94
2025-11-13,Polymarket_US,5177,5.63
2025-11-14,Crypto.com/Nadex,7304581,
2025-11-14,ForecastEx,487036,4870.36
2025-11-14,Kalshi,130680195,1532706.26
2025-11-14,Polymarket_US,4861,2.28
2025-11-15,ForecastEx,14106,141.06
2025-11-15,Kalshi,268830311,3002909.61
2025-11-15,Polymarket_US,7689,7.52
2025-11-16,ForecastEx,16256,162.56
2025-11-16,Kalshi,314873954,3785431.46
2025-11-16,Polymarket_US,285448,480.33
2025-11-17,Crypto.com/Nadex,11992867,
2025-11-17,ForecastEx,258338,2583.38
2025-11-17,Kalshi,115167911,1242815.95
2025-11-17,Polymarket_US,454402,706.82
2025-11-18,Crypto.com/Nadex,9699310,
2025-11-18,ForecastEx,445297,4452.97
2025-11-18,Kalshi,108502114,1185539.2
2025-11-18,Polymarket_US,16827,29.92
2025-11-19,Crypto.com/Nadex,7160743,
2025-11-19,ForecastEx,1071285,10712.85
2025-11-19,Kalshi,112581328,1192711.73
2025-11-19,Polymarket_US,6750,10.3
2025-11-20,Crypto.com/Nadex,8441322,
2025-11-20,ForecastEx,1735744,17357.44
2025-11-20,Kalshi,140907350,1645759
2025-11-20,Polymarket_US,5962,11.91
2025-11-21,Crypto.com/Nadex,10550717,
2025-11-21,ForecastEx,2518191,25181.91
2025-11-21,Kalshi,130809747,1485334.26
2025-11-21,Polymarket_US,9470,11.1
2025-11-22,ForecastEx,1550490,15504.9
2025-11-22,Kalshi,252384216,2775952.31
2025-11-22,Polymarket_US,3313,5.22
2025-11-23,ForecastEx,2655386,26553.86
2025-11-23,Kalshi,284342678,3174289.93
2025-11-23,Polymarket_US,220770,341.61
2025-11-24,Crypto.com/Nadex,12232547,
2025-11-24,ForecastEx,2316459,23164.59
2025-11-24,Kalshi,123031025,1285846.32
2025-11-24,Polymarket_US,260791,415.01
2025-11-25,Crypto.com/Nadex,8854928,
2025-11-25,ForecastEx,2636143,26361.43
2025-11-25,Kalshi,117140441,1267123.56
2025-11-25,Polymarket_US,65937,36.63
2025-11-26,Crypto.com/Nadex,9577067,
2025-11-26,ForecastEx,2938852,29388.52
2025-11-26,Kalshi,146688707,1631573.13
2025-11-26,Polymarket_US,4632,6.05
2025-11-27,Crypto.com/Nadex,16475826,
2025-11-27,ForecastEx,1702315,17023.15
2025-11-27,Kalshi,273561855,3208244.43
2025-11-27,Polymarket_US,39836,82.49
2025-11-28,Crypto.com/Nadex,22226994,
2025-11-28,ForecastEx,2550137,25501.37
2025-11-28,Kalshi,261440798,3039027.5
2025-11-28,Polymarket_US,77047,113.53
2025-11-29,ForecastEx,2072024,20720.24
2025-11-29,Kalshi,290535585,3227280.41
2025-11-29,Polymarket_US,96620,95.49
2025-11-30,ForecastEx,11617660,116176.6
2025-11-30,Kalshi,305449659,3399150.84
2025-11-30,Polymarket_US,357373,554.51
2025-12-01,Crypto.com/Nadex,12408827,
2025-12-01,ForecastEx,2779049,27790.49
2025-12-01,Kalshi,146732891,1481936.56
2025-12-01,Polymarket_US,1221574,1999.79
2025-12-02,Crypto.com/Nadex,18918984,
2025-12-02,ForecastEx,3024396,30243.96
2025-12-02,Kalshi,127057772,1303392.13
2025-12-02,Polymarket_US,405562,539.19
2025-12-03,Crypto.com/Nadex,19469782,
2025-12-03,ForecastEx,3495747,34957.47
2025-12-03,Kalshi,148510119,1482940.66
2025-12-03,Polymarket_US,480035,659.82
2025-12-04,Crypto.com/Nadex,12032389,
2025-12-04,ForecastEx,3026445,30264.45
2025-12-04,Kalshi,155660758,1583821.66
2025-12-04,Polymarket_US,627621,912.72
2025-12-05,Crypto.com/Nadex,11275064,
2025-12-05,ForecastEx,3214669,32146.69
2025-12-05,Kalshi,139103549,1376850.9
2025-12-05,Polymarket_US,942192,1154.12
2025-12-06,ForecastEx,2363330,23633.3
2025-12-06,Kalshi,249804148,2875998.01
2025-12-06,Polymarket_US,1329420,1636.8
2025-12-07,ForecastEx,10771264,107712.64
2025-12-07,Kalshi,328682321,3574811.95
2025-12-07,Polymarket_US,2530500,3785.88
2025-12-08,Crypto.com/Nadex,9585493,
2025-12-08,ForecastEx,3325371,33253.71
2025-12-08,Kalshi,144783518,1729845.31
2025-12-08,Polymarket_US,782071,1259.59
2025-12-09,Crypto.com/Nadex,8025366,
2025-12-09,ForecastEx,2693305,26933.05
2025-12-09,Kalshi,126939967,1273620.39
2025-12-09,Polymarket_US,356905,528.87
2025-12-10,Crypto.com/Nadex,7552674,
2025-12-10,ForecastEx,3947496,39474.96
2025-12-10,Kalshi,134580183,1251070.7
2025-12-10,Polymarket_US,481817,737.6
2025-12-11,Crypto.com/Nadex,6870261,
2025-12-11,ForecastEx,3320082,33200.82
2025-12-11,Kalshi,156962099,1553821.74
2025-12-11,Polymarket_US,434037,698.8
2025-12-12,Crypto.com/Nadex,7586104,
2025-12-12,ForecastEx,3235990,32359.9
2025-12-12,Kalshi,132635486,1445788.94
2025-12-12,Polymarket_US,915010,1093.17
2025-12-13,ForecastEx,2229333,22293.33
2025-12-13,Kalshi,210999346,2298146.5
2025-12-13,Polymarket_US,1504776,1977.49
2025-12-14,ForecastEx,25845548,258455.48
2025-12-14,Kalshi,331142646,3550242.05
2025-12-14,Polymarket_US,2247382,3218.98
2025-12-15,Crypto.com/Nadex,10818017,
2025-12-15,ForecastEx,2691027,26910.27
2025-12-15,Kalshi,140254010,1536219.06
2025-12-15,Polymarket_US,1814022,2371.36
2025-12-16,Crypto.com/Nadex,9124794,
2025-12-16,ForecastEx,2538393,25383.93
2025-12-16,Kalshi,132458104,1387550.74
2025-12-16,Polymarket_US,1090748,1535.23
2025-12-17,Crypto.com/Nadex,14234791,
2025-12-17,ForecastEx,3307766,33077.66
2025-12-17,Kalshi,138231647,1398113.28
2025-12-17,Polymarket_US,751174,917.83
2025-12-18,Crypto.com/Nadex,14907778,
2025-12-18,ForecastEx,3014313,30143.13
2025-12-18,Kalshi,210893762,2338971.33
2025-12-18,Polymarket_US,1707019,2344.6
2025-12-19,Crypto.com/Nadex,13689408,
2025-12-19,ForecastEx,2970615,29706.15
2025-12-19,Kalshi,275966317,2631428.9
2025-12-19,Polymarket_US,4806195,6479.59
2025-12-20,ForecastEx,1559677,15596.77
2025-12-20,Kalshi,336559676,3571396.4
2025-12-20,Polymarket_US,4693007,7255.25
2025-12-21,ForecastEx,18831696,188316.96
2025-12-21,Kalshi,381710154,3896929.29
2025-12-21,Polymarket_US,6238575,8977.26
2025-12-22,Crypto.com/Nadex,13536317,
2025-12-22,ForecastEx,4596653,45966.53
2025-12-22,Kalshi,182608756,1716441.37
2025-12-22,Polymarket_US,3855745,5889.7
2025-12-23,Crypto.com/Nadex,10999411,
2025-12-23,ForecastEx,16890757,168907.57
2025-12-23,Kalshi,202399081,2084764.45
2025-12-23,Polymarket_US,3178632,4221.53
2025-12-24,Crypto.com/Nadex,9647764,
2025-12-24,ForecastEx,3877598,38775.98
2025-12-24,Kalshi,112872436,1101436.17
2025-12-24,Polymarket_US,3193606,4580.53
2025-12-25,Crypto.com/Nadex,11878273,
2025-12-25,ForecastEx,12009713,120097.13
2025-12-25,Kalshi,312991063,3276149.5
2025-12-25,Polymarket_US,3528482,6403.81
2025-12-26,Crypto.com/Nadex,13737242,
2025-12-26,ForecastEx,3293438,32934.38
2025-12-26,Kalshi,209724589,2364858.52
2025-12-26,Polymarket_US,4175843,6806.84
2025-12-27,ForecastEx,2757012,27570.12
2025-12-27,Kalshi,326481119,3539424.67
2025-12-27,Polymarket_US,5181287,7837.8
2025-12-28,ForecastEx,38649651,386496.51
2025-12-28,Kalshi,360670106,3656521.09
2025-12-28,Polymarket_US,8555413,13748.83
2025-12-29,Crypto.com/Nadex,15295657,
2025-12-29,ForecastEx,2229122,22291.22
2025-12-29,Kalshi,236034354,2416239.25
2025-12-29,Polymarket_US,5676074,8787.04
2025-12-30,Crypto.com/Nadex,12583391,
2025-12-30,ForecastEx,2705371,27053.71
2025-12-30,Kalshi,193359609,2200269.39
2025-12-30,Polymarket_US,5146356,7008.09
2025-12-31,Crypto.com/Nadex,14036625,
2025-12-31,ForecastEx,1957857,19578.57
2025-12-31,Kalshi,297241507,3528594.44
2025-12-31,Polymarket_US,6997343,10713.48
2026-01-01,Crypto.com/Nadex,18880739,
2026-01-01,ForecastEx,1470308,14703.08
2026-01-01,Kalshi,291154838,3321151.34
2026-01-01,Polymarket_US,6363463,8971.77
2026-01-02,Crypto.com/Nadex,15605967,
2026-01-02,ForecastEx,2136315,21363.15
2026-01-02,Kalshi,247068578,2516334.06
2026-01-02,Polymarket_US,4633014,6445.23
2026-01-03,ForecastEx,7670815,76708.15
2026-01-03,Kalshi,311143382,3214892.89
2026-01-03,Polymarket_US,6153581,8652.22
2026-01-04,ForecastEx,50768118,507681.18
2026-01-04,Kalshi,402663538,4090007.05
2026-01-04,Polymarket_US,9040880,12237.81
2026-01-05,Crypto.com/Nadex,12482371,
2026-01-05,ForecastEx,1603813,16038.13
2026-01-05,Kalshi,179991188,1954844.86
2026-01-05,Polymarket_US,4836447,7243.19
2026-01-06,Crypto.com/Nadex,13062418,
2026-01-06,ForecastEx,1473639,14736.39
2026-01-06,Kalshi,200201770,2124239.06
2026-01-06,Polymarket_US,3861541,4670.4
2026-01-07,Crypto.com/Nadex,13922059,
2026-01-07,ForecastEx,1683441,16834.41
2026-01-07,Kalshi,235967866,2512914.04
2026-01-07,Polymarket_US,6471633,9182.44
2026-01-08,Crypto.com/Nadex,14095040,
2026-01-08,ForecastEx,1737533,17375.33
2026-01-08,Kalshi,226646902,2542982.05
2026-01-08,Polymarket_US,8346232,10713.98
2026-01-09,Crypto.com/Nadex,13968676,
2026-01-09,ForecastEx,2212284,22122.84
2026-01-09,Kalshi,247827446,2488852.93
2026-01-09,Polymarket_US,5338377,7764.57
2026-01-10,ForecastEx,2410014,24100.14
2026-01-10,Kalshi,455448380,4664451.08
2026-01-10,Polymarket_US,13338719,18904.28
2026-01-11,ForecastEx,20995332,209953.32
2026-01-11,Kalshi,465923005,4956077.83
2026-01-11,Polymarket_US,17618097,27449.84
2026-01-12,Crypto.com/Nadex,14358325,
2026-01-12,ForecastEx,1530067,15300.67
2026-01-12,Kalshi,259843851,2621993.13
2026-01-12,Polymarket_US,11105581,14580.4
2026-01-13,Crypto.com/Nadex,11625225,
2026-01-13,ForecastEx,2102527,21025.27
2026-01-13,Kalshi,237027506,2395478.95
2026-01-13,Polymarket_US,8589357,12467.11
2026-01-14,Crypto.com/Nadex,10836991,
2026-01-14,ForecastEx,1887892,18878.92
2026-01-14,Kalshi,249009738,2480847.93
2026-01-14,Polymarket_US,8198008,10682.21
2026-01-15,Crypto.com/Nadex,14406594,
2026-01-15,ForecastEx,1903217,19032.17
2026-01-15,Kalshi,234245358,2410730.8
2026-01-15,Polymarket_US,9385545,13052.23
2026-01-16,Crypto.com/Nadex,12901372,
2026-01-16,ForecastEx,2338364,23383.64
2026-01-16,Kalshi,215440892,2153138.81
2026-01-16,Polymarket_US,7445407,10223.01
2026-01-17,ForecastEx,1742617,17426.17
2026-01-17,Kalshi,535511995,5357861.15
2026-01-17,Polymarket_US,11936089,14873.77
2026-01-18,ForecastEx,19968357,199683.57
2026-01-18,Kalshi,421981576,4221963.83
2026-01-18,Polymarket_US,11944140,14400.82
2026-01-19,Crypto.com/Nadex,20255907,
2026-01-19,ForecastEx,6593389,65933.89
2026-01-19,Kalshi,308184033,3306812.69
2026-01-19,Polymarket_US,10333657,15841.11
2026-01-20,Crypto.com/Nadex,16066633,
2026-01-20,ForecastEx,2219346,22193.46
2026-01-20,Kalshi,238047888,2410798.65
2026-01-20,Polymarket_US,7028098,7748.21
2026-01-21,Crypto.com/Nadex,15041116,
2026-01-21,ForecastEx,1916708,19167.08
2026-01-21,Kalshi,247538936,2369215.71
2026-01-21,Polymarket_US,5817140,9165.4
2026-01-22,Crypto.com/Nadex,14360851,
2026-01-22,ForecastEx,2184455,21844.55
2026-01-22,Kalshi,257665730,2577649.76
2026-01-22,Polymarket_US,6832603,10313.67
2026-01-23,Crypto.com/Nadex,14772058,
2026-01-23,ForecastEx,2267970,22679.7
2026-01-23,Kalshi,267109236,2681236.61
2026-01-23,Polymarket_US,9545659,13158.68
2026-01-24,ForecastEx,1292149,12921.49
2026-01-24,Kalshi,396308504,4066457.64
2026-01-24,Polymarket_US,14357963,21258.92
2026-01-25,ForecastEx,1278827,12788.27
2026-01-25,Kalshi,543062476,5459768.1
2026-01-25,Polymarket_US,13011259,19595.36
2026-01-26,Crypto.com/Nadex,18332980,
2026-01-26,ForecastEx,1867894,18678.94
2026-01-26,Kalshi,254177103,2418029.79
2026-01-26,Polymarket_US,10532998,13118.38
2026-01-27,Crypto.com/Nadex,13944905,
2026-01-27,ForecastEx,1629850,16298.5
2026-01-27,Kalshi,298444787,2984963.41
2026-01-27,Polymarket_US,6288706,7461.44
2026-01-28,Crypto.com/Nadex,19092127,
2026-01-28,ForecastEx,1724177,17241.77
2026-01-28,Kalshi,311016519,3000253.08
2026-01-28,Polymarket_US,9990921,13567.76
2026-01-29,Crypto.com/Nadex,13945472,
2026-01-29,ForecastEx,1626939,16269.39
2026-01-29,Kalshi,293343945,2759088.97
2026-01-29,Polymarket_US,11122241,16643.73
2026-01-30,Crypto.com/Nadex,18186593,
2026-01-30,ForecastEx,1886481,18864.81
2026-01-30,Kalshi,323594320,3130698.64
2026-01-30,Polymarket_US,10540382,14123.26
2026-01-31,ForecastEx,1120738,11207.38
2026-01-31,Kalshi,398682989,4135339.78
2026-01-31,Polymarket_US,12393866,18191.28
2026-02-01,ForecastEx,1136324,11363.24
2026-02-01,Kalshi,315841786,3145475.56
2026-02-01,Polymarket_US,11686319,15497.58
2026-02-02,Crypto.com/Nadex,10152306,
2026-02-02,ForecastEx,1825951,18259.51
2026-02-02,Kalshi,240723068,2359676.93
2026-02-02,Polymarket_US,4865846,6772.97
2026-02-03,Crypto.com/Nadex,10067426,
2026-02-03,ForecastEx,2074665,20746.65
2026-02-03,Kalshi,280114384,2549758.23
2026-02-03,Polymarket_US,4260606,6926.41
2026-02-04,Crypto.com/Nadex,14372846,
2026-02-04,ForecastEx,1943681,19436.81
2026-02-04,Kalshi,312444210,3078197.39
2026-02-04,Polymarket_US,8855754,12964.51
2026-02-05,Crypto.com/Nadex,17082304,
2026-02-05,ForecastEx,2202442,22024.42
2026-02-05,Kalshi,307966939,2979752.22
2026-02-05,Polymarket_US,10848961,14670.48
2026-02-06,Crypto.com/Nadex,15254149,
2026-02-06,ForecastEx,2475094,24750.94
2026-02-06,Kalshi,307117032,3079738.17
2026-02-06,Polymarket_US,6874250,9326.68
2026-02-07,ForecastEx,1665035,16650.35
2026-02-07,Kalshi,476842602,4741765.67
2026-02-07,Polymarket_US,10176641,13816.65
2026-02-08,ForecastEx,1828699,18286.99
2026-02-08,Kalshi,871469221,7697109.83
2026-02-08,Polymarket_US,13937509,22258.2
2026-02-09,Crypto.com/Nadex,20761740,
2026-02-09,ForecastEx,1717176,17171.76
2026-02-09,Kalshi,320486553,3135759.41
2026-02-09,Polymarket_US,5636926,12427.96
2026-02-10,Crypto.com/Nadex,13186837,
2026-02-10,ForecastEx,1739117,17391.17
2026-02-10,Kalshi,345187028,3309771.26
2026-02-10,Polymarket_US,8346340,12045.07
2026-02-11,Crypto.com/Nadex,11724829,
2026-02-11,ForecastEx,1678200,16782
2026-02-11,Kalshi,370295955,3611596.14
2026-02-11,Polymarket_US,7688771,10832.73
2026-02-12,Crypto.com/Nadex,10365534,
2026-02-12,ForecastEx,2907818,29078.18
2026-02-12,Kalshi,320459929,3135905.33
2026-02-12,Polymarket_US,9577875,14045.7
2026-02-13,Crypto.com/Nadex,11777138,
2026-02-13,ForecastEx,13478187,134781.87
2026-02-13,Kalshi,298180630,2808577.91
2026-02-13,Polymarket_US,7905440,12151.99
2026-02-14,ForecastEx,1460926,14609.26
2026-02-14,Kalshi,424509718,4244987.4
2026-02-14,Polymarket_US,12126505,16484.03
2026-02-15,ForecastEx,1603182,16031.82
2026-02-15,Kalshi,349040246,3447823.2
2026-02-15,Polymarket_US,13027719,17608.68
2026-02-16,Crypto.com/Nadex,5757858,
2026-02-16,ForecastEx,1703620,17036.2
2026-02-16,Kalshi,275708396,2816085.1
2026-02-16,Polymarket_US,3796617,5119.45
2026-02-17,Crypto.com/Nadex,7836323,
2026-02-17,ForecastEx,1904076,19040.76
2026-02-17,Kalshi,319466073,3238548.53
2026-02-17,Polymarket_US,5269711,6653.15
2026-02-18,Crypto.com/Nadex,13058526,
2026-02-18,ForecastEx,2013832,20138.32
2026-02-18,Kalshi,364797606,3594016.33
2026-02-18,Polymarket_US,7973127,10678.11
2026-02-19,Crypto.com/Nadex,11019614,
2026-02-19,ForecastEx,1919210,19192.1
2026-02-19,Kalshi,359377233,3456034.46
2026-02-19,Polymarket_US,9329880,13426.49
2026-02-20,Crypto.com/Nadex,17645123,
2026-02-20,ForecastEx,2485892,24858.92
2026-02-20,Kalshi,353118247,3577681.99
2026-02-20,Polymarket_US,9043045,13673.56
2026-02-21,ForecastEx,1678142,16781.42
2026-02-21,Kalshi,491443837,5166205.76
2026-02-21,Polymarket_US,12128541,15271.41
2026-02-22,ForecastEx,871955,8719.55
2026-02-22,Kalshi,428054756,4407466.53
2026-02-22,Polymarket_US,14125309,19368.31
2026-02-23,Crypto.com/Nadex,9510359,
2026-02-23,ForecastEx,1949517,19495.17
2026-02-23,Kalshi,280102245,2772672.12
2026-02-23,Polymarket_US,4755299,7819.17
2026-02-24,Crypto.com/Nadex,10443479,
2026-02-24,ForecastEx,1912504,19125.04
2026-02-24,Kalshi,402817536,3832549.64
2026-02-24,Polymarket_US,5427261,7866.89
2026-02-25,Crypto.com/Nadex,16435158,
2026-02-25,ForecastEx,1759350,17593.5
2026-02-25,Kalshi,390506629,3879938.48
2026-02-25,Polymarket_US,12499848,17283.56
2026-02-26,Crypto.com/Nadex,15357559,
2026-02-26,ForecastEx,1719343,17193.43
2026-02-26,Kalshi,374918213,3646280
2026-02-26,Polymarket_US,12431520,16046.22
2026-02-27,Crypto.com/Nadex,14776404,
2026-02-27,ForecastEx,2129134,21291.34
2026-02-27,Kalshi,344795406,3641719.61
2026-02-27,Polymarket_US,11146560,15683.68
2026-02-28,ForecastEx,1567584,15675.84
2026-02-28,Kalshi,510583026,5218583.58
2026-02-28,Polymarket_US,19382897,27073.82
2026-03-01,ForecastEx,1544610,15446.1
2026-03-01,Kalshi,425659451,4782098.06
2026-03-01,Polymarket_US,19286373,28345.16
2026-03-02,Crypto.com/Nadex,10985172,
2026-03-02,ForecastEx,1755284,17552.84
2026-03-02,Kalshi,299823562,3492850.73
2026-03-02,Polymarket_US,7068623,12150.79
2026-03-03,Crypto.com/Nadex,15279448,
2026-03-03,ForecastEx,1560240,15602.4
2026-03-03,Kalshi,375045659,4171185.77
2026-03-03,Polymarket_US,7397291,11416.91
2026-03-04,Crypto.com/Nadex,21715052,
2026-03-04,ForecastEx,1820634,18206.34
2026-03-04,Kalshi,410262265,4634865.63
2026-03-04,Polymarket_US,11311124,14174.66
2026-03-05,Crypto.com/Nadex,19243065,
2026-03-05,ForecastEx,1674071,16740.71
2026-03-05,Kalshi,388059902,4401869.63
2026-03-05,Polymarket_US,10535515,15358.54
2026-03-06,Crypto.com/Nadex,18380328,
2026-03-06,ForecastEx,1922455,19224.55
2026-03-06,Kalshi,404012278,4702757.62
2026-03-06,Polymarket_US,12860230,17748.28
2026-03-07,ForecastEx,1200874,12008.74
2026-03-07,Kalshi,519788695,6204158.08
2026-03-07,Polymarket_US,14655336,19640.53
2026-03-08,ForecastEx,638145,6381.45
2026-03-08,Kalshi,461062528,5229336.52
2026-03-08,Polymarket_US,13640325,18846.48
2026-03-09,Crypto.com/Nadex,15295709,
2026-03-09,ForecastEx,1211761,12117.61
2026-03-09,Kalshi,312485215,3604799.64
2026-03-09,Polymarket_US,7714154,9302.55
2026-03-10,Crypto.com/Nadex,16640044,
2026-03-10,ForecastEx,1310059,13100.59
2026-03-10,Kalshi,398739518,4390858.68
2026-03-10,Polymarket_US,8051021,9181.79
2026-03-11,Crypto.com/Nadex,21291815,
2026-03-11,ForecastEx,1512434,15124.34
2026-03-11,Kalshi,421965422,4858596.93
2026-03-11,Polymarket_US,12440763,16886.33
2026-03-12,Crypto.com/Nadex,22719688,
2026-03-12,ForecastEx,1925619,19256.19
2026-03-12,Kalshi,417668847,4653413.21
2026-03-12,Polymarket_US,11659115,15675.4
2026-03-13,Crypto.com/Nadex,24363713,
2026-03-13,ForecastEx,1913093,19130.93
2026-03-13,Kalshi,440654654,4949487.8
2026-03-13,Polymarket_US,13170627,15744.98
2026-03-14,ForecastEx,987319,9873.19
2026-03-14,Kalshi,485526515,5493002.23
2026-03-14,Polymarket_US,15377104,18553.23
2026-03-15,ForecastEx,1126440,11264.4
2026-03-15,Kalshi,458812752,5018584.75
2026-03-15,Polymarket_US,13294499,17095.54
2026-03-16,Crypto.com/Nadex,15510375,
2026-03-16,ForecastEx,1575714,15757.14
2026-03-16,Kalshi,300150273,3112532.75
2026-03-16,Polymarket_US,5477826,6531.7
2026-03-17,Crypto.com/Nadex,15376588,
2026-03-17,ForecastEx,1591688,15916.88
2026-03-17,Kalshi,383114764,3827169.27
2026-03-17,Polymarket_US,6704601,9800.65
2026-03-18,Crypto.com/Nadex,17515957,
2026-03-18,ForecastEx,1617120,16171.2
2026-03-18,Kalshi,374054908,3793762.54
2026-03-18,Polymarket_US,7840821,11949.18
2026-03-19,Crypto.com/Nadex,29858387,
2026-03-19,ForecastEx,1277841,12778.41
2026-03-19,Kalshi,645756376,6575996.85
2026-03-19,Polymarket_US,21497455,23021.72
2026-03-20,Crypto.com/Nadex,32106216,
2026-03-20,ForecastEx,1684886,16848.86
2026-03-20,Kalshi,579801486,6266602.73
2026-03-20,Polymarket_US,57994875,66632.43
2026-03-21,ForecastEx,716342,7163.42
2026-03-21,Kalshi,568677971,6243131.34
2026-03-21,Polymarket_US,55253220,62239.7
2026-03-22,ForecastEx,781064,7810.64
2026-03-22,Kalshi,544711596,6397166.8
2026-03-22,Polymarket_US,60092116,72635.27
2026-03-23,Crypto.com/Nadex,21026277,
2026-03-23,ForecastEx,1150895,11508.95
2026-03-23,Kalshi,388331158,4260677.63
2026-03-23,Polymarket_US,48879795,61898
2026-03-24,Crypto.com/Nadex,13417344,
2026-03-24,ForecastEx,1102499,11024.99
2026-03-24,Kalshi,294369950,3054922.36
2026-03-24,Polymarket_US,26421212,37177.38
2026-03-25,Crypto.com/Nadex,11454178,
2026-03-25,ForecastEx,1050050,10500.5
2026-03-25,Kalshi,333937537,3499487.04
2026-03-25,Polymarket_US,17857584,23912.68
2026-03-26,Crypto.com/Nadex,17977938,
2026-03-26,ForecastEx,1069830,10698.3
2026-03-26,Kalshi,406408470,4441965.71
2026-03-26,Polymarket_US,32496627,44702.87
2026-03-27,Crypto.com/Nadex,19735797,
2026-03-27,ForecastEx,1514945,15149.45
2026-03-27,Kalshi,449404961,4925769.02
2026-03-27,Polymarket_US,36502655,43571.95
2026-03-28,ForecastEx,944792,9447.92
2026-03-28,Kalshi,468407187,5275045.74
2026-03-28,Polymarket_US,48284848,58120.04
2026-03-29,ForecastEx,825402,8254.02
2026-03-29,Kalshi,434403572,4699550.61
2026-03-29,Polymarket_US,38653144,51894.45
2026-03-30,Crypto.com/Nadex,15316126,
2026-03-30,ForecastEx,1106193,11061.93
2026-03-30,Kalshi,355380891,3592910.44
2026-03-30,Polymarket_US,26430198,30819.42
2026-03-31,Crypto.com/Nadex,16310712,
2026-03-31,ForecastEx,1044316,10443.16
2026-03-31,Kalshi,369741763,3849693.71
2026-03-31,Polymarket_US,33366167,46856.81
2026-04-01,Crypto.com/Nadex,18947532,
2026-04-01,ForecastEx,1034363,10343.63
2026-04-01,Kalshi,402232310,4199942.09
2026-04-01,Polymarket_US,32079560,44401.03
2026-04-02,Crypto.com/Nadex,15311801,
2026-04-02,ForecastEx,945471,9454.71
2026-04-02,Kalshi,368501331,3872104.04
2026-04-02,Polymarket_US,20409716,34880.82
2026-04-03,Crypto.com/Nadex,19023459,
2026-04-03,ForecastEx,1140710,11407.1
2026-04-03,Kalshi,415890092,4439144.3
2026-04-03,Polymarket_US,32202814,40606.77
2026-04-04,ForecastEx,1271637,12716.37
2026-04-04,Kalshi,527991281,6324391.76
2026-04-04,Polymarket_US,36274450,55379.38
2026-04-05,ForecastEx,929521,9295.21
2026-04-05,Kalshi,464769573,5034443.49
2026-04-05,Polymarket_US,28521153,42058.5
2026-04-06,Crypto.com/Nadex,20676561,
2026-04-06,ForecastEx,1129485,11294.85
2026-04-06,Kalshi,448608352,4811562.3
2026-04-06,Polymarket_US,36573774,42560.61
2026-04-07,Crypto.com/Nadex,22954236,
2026-04-07,ForecastEx,1355395,13553.95
2026-04-07,Kalshi,473779160,4448148.01
2026-04-07,Polymarket_US,86033644,53450.7
2026-04-08,Crypto.com/Nadex,24401842,
2026-04-08,ForecastEx,1351357,13513.57
2026-04-08,Kalshi,525506576,5021843.63
2026-04-08,Polymarket_US,46354499,54300.47
2026-04-09,Crypto.com/Nadex,23886999,
2026-04-09,ForecastEx,1378626,13786.26
2026-04-09,Kalshi,478014543,4226084.63
2026-04-09,Polymarket_US,85086890,38434.62
2026-04-10,Crypto.com/Nadex,20161494,
2026-04-10,ForecastEx,1022745,10227.45
2026-04-10,Kalshi,528574763,5142095
2026-04-10,Polymarket_US,97949882,33625.1
2026-04-11,ForecastEx,929813,9298.13
2026-04-11,Kalshi,531282506,5159542.12
2026-04-11,Polymarket_US,59218593,40308.93
2026-04-12,ForecastEx,912723,9127.23
2026-04-12,Kalshi,552523376,5433498.88
2026-04-12,Polymarket_US,71203838,40388.7
2026-04-13,Crypto.com/Nadex,17273543,
2026-04-13,ForecastEx,805330,8053.3
2026-04-13,Kalshi,335581178,3249901.2
2026-04-13,Polymarket_US,29599559,32614.58
2026-04-14,Crypto.com/Nadex,14952022,
2026-04-14,ForecastEx,1133934,11339.34
2026-04-14,Kalshi,429908781,4612005.17
2026-04-14,Polymarket_US,20198333,26932.37
2026-04-15,Crypto.com/Nadex,21336820,
2026-04-16,Crypto.com/Nadex,21801818,
2026-04-17,Crypto.com/Nadex,16948285,
