date,trades,contracts_total,notional_total,fees_total,ma7_contracts,ma7_fees
2021-06-30,1,5,3.8,0.07,,
2021-07-01,38,2529,1187.74,39.54,,
2021-07-02,22,1342,485.55,16.32,,
2021-07-04,2,181,128.55,2.62,,
2021-07-05,20,941,477.17,7.34,,
2021-07-06,14,717,514.12,7.69,,
2021-07-07,28,1402,583.77,16.69,1016.71428571429,12.8957142857143
2021-07-08,108,14750,12314.81,113.62,3123.14285714286,29.1171428571429
2021-07-09,109,6510,4352.18,38.12,3691.85714285714,28.9142857142857
2021-07-10,22,5671,1925.22,11.43,4310.28571428571,28.2157142857143
2021-07-11,46,1602,504.97,22.3,4513.28571428572,31.0271428571429
2021-07-12,52,3823,1296.18,27.47,4925,33.9028571428571
2021-07-13,138,12325,3796.14,76.22,6583.28571428572,43.6928571428571
2021-07-14,55,3303,954.48,32.21,6854.85714285714,45.91
2021-07-15,119,7496,2722.37,71.7,5818.57142857143,39.9214285714286
2021-07-16,98,6346,3244,74.9,5795.14285714286,45.1757142857143
2021-07-17,116,9361,7170.97,62.68,6322.28571428572,52.4971428571429
2021-07-18,111,7507,5356.84,59.12,7165.85714285714,57.7571428571429
2021-07-19,248,13332,3641.95,113.64,8524.28571428571,70.0671428571429
2021-07-20,289,24303,6011.5,191.36,10235.4285714286,86.5157142857143
2021-07-21,172,11003,4702.42,96.84,11335.4285714286,95.7485714285714
2021-07-22,304,21820,7648.77,162.87,13381.7142857143,108.772857142857
2021-07-23,222,10619,4833.29,129.94,13992.1428571429,116.635714285714
2021-07-24,252,29530,13890.22,221.36,16873.4285714286,139.304285714286
2021-07-25,123,10396,1869.65,66.36,17286.1428571429,140.338571428571
2021-07-26,361,21404,5017.81,196.3,18439.2857142857,152.147142857143
2021-07-27,307,21242,7588.77,153.67,18002,146.762857142857
2021-07-28,212,12998,7761.11,102.26,18287,147.537142857143
2021-07-29,432,27129,10636.45,268.61,19045.4285714286,162.642857142857
2021-07-30,524,30172,16588.56,259.93,21838.7142857143,181.212857142857
2021-07-31,479,28025,10465.13,218.25,21623.7142857143,180.768571428571
2021-08-01,629,33086,19784.18,364.63,24865.1428571429,223.378571428571
2021-08-02,414,25664,11844.03,223.73,25473.7142857143,227.297142857143
2021-08-03,713,48918,17144.4,475.98,29427.4285714286,273.341428571429
2021-08-04,973,87876,54154.43,747.5,40124.2857142857,365.518571428571
2021-08-05,1113,80019,45867.68,711.86,47680,428.84
2021-08-06,890,90554,53463.36,661.12,56306,486.152857142857
2021-08-07,491,50105,28786.21,419.8,59460.2857142857,514.945714285714
2021-08-08,479,33774,11055.22,331.03,59558.5714285714,510.145714285714
2021-08-09,1033,86624,26274.26,715.58,68267.1428571429,580.41
2021-08-10,1071,79820,32507.73,798.9,72681.7142857143,626.541428571429
2021-08-11,1344,87803,33856.45,761.74,72671.2857142857,628.575714285714
2021-08-12,947,61470,16133.11,588.88,70021.4285714286,611.007142857143
2021-08-13,1498,91131,42653.24,914.95,70103.8571428571,647.268571428572
2021-08-14,434,31871,8185.81,312.25,67499,631.904285714286
2021-08-15,556,67325,6919.55,306.48,72292,628.397142857143
2021-08-16,537,31181,14818.28,278.01,64371.5714285714,565.887142857143
2021-08-17,881,79460,24715.64,505.72,64320.1428571429,524.004285714286
2021-08-18,974,51525,26784.03,562.11,59137.5714285714,495.485714285714
2021-08-19,834,60582,40367.45,548.48,59010.7142857143,489.714285714286
2021-08-20,2289,74500,30696.69,798.42,56634.8571428572,473.067142857143
2021-08-21,1294,60178,28969.53,545.78,60678.7142857143,506.428571428572
2021-08-22,2137,104766,41013.84,975.58,66027.4285714286,602.014285714286
2021-08-23,766,42422,12309.81,297.56,67633.2857142857,604.807142857143
2021-08-24,1430,76878,37302.05,822,67264.4285714286,649.99
2021-08-25,1327,72343,28220.46,628.89,70238.4285714286,659.53
2021-08-26,1468,66374,27258.45,501.69,71065.8571428572,652.845714285714
2021-08-27,1824,102320,64781.33,770.38,75040.1428571429,648.84
2021-08-28,784,53494,30208.42,365.58,74085.2857142857,623.097142857143
2021-08-29,1545,73089,33964.91,504.09,69560,555.741428571429
2021-08-30,1139,53405,25548.64,610.64,71129,600.467142857143
2021-08-31,1271,65926,25442.05,604.93,69564.4285714286,569.457142857143
2021-09-01,804,127954,97837.52,828.03,77508.8571428572,597.905714285714
2021-09-02,697,29666,8816.48,282.98,72264.8571428571,566.661428571429
2021-09-03,957,65368,31652.36,616.13,66986,544.625714285714
2021-09-04,890,61099,37332.58,635.11,68072.4285714286,583.13
2021-09-05,583,38107,17493.98,246.39,63075,546.315714285714
2021-09-06,380,35063,20329.41,191.43,60454.7142857143,486.428571428572
2021-09-07,681,34211,12019.21,300.88,55924,442.992857142857
2021-09-08,1093,54694,27212.43,588.94,45458.2857142857,408.837142857143
2021-09-09,622,45528,28388.75,404.96,47724.2857142857,426.262857142857
2021-09-10,1100,53404,27810.79,532.27,46015.1428571429,414.282857142857
2021-09-11,572,27444,16882.64,213.39,41207.2857142857,354.037142857143
2021-09-12,433,27722,16574.64,296.42,39723.7142857143,361.184285714286
2021-09-13,882,51982,25219.85,516.61,42140.7142857143,407.638571428571
2021-09-14,1129,68389,31449.08,549.07,47023.2857142857,443.094285714286
2021-09-15,1124,69756,36360.94,558.45,49175,438.738571428571
2021-09-16,178,8585,4396.72,78.78,43897.4285714286,392.141428571429
2021-09-17,437,41810,26941.86,273.75,42241.1428571429,355.21
2021-09-18,53,6005,2428.8,27.51,39178.4285714286,328.655714285714
2021-09-19,82,4608,1788.95,40.12,35876.4285714286,292.041428571429
2021-09-20,107,6972,2253.28,67.57,29446.4285714286,227.892857142857
2021-09-21,586,58298,24978.62,496.83,28004.8571428571,220.43
2021-09-22,811,48047,16442.63,412.56,24903.5714285714,199.588571428571
2021-09-23,627,45841,25826.97,346.41,30225.8571428571,237.821428571429
2021-09-24,685,58428,32684.85,474.44,32599.8571428571,266.491428571429
2021-09-25,439,42734,27292.85,306.37,37846.8571428571,306.328571428571
2021-09-26,693,33907,18361.37,350.72,42032.4285714286,350.7
2021-09-27,557,52048,31910.1,385.18,48471.8571428572,396.072857142857
2021-09-28,1403,111686,43985.59,1041.84,56098.7142857143,473.931428571429
2021-09-29,917,76867,46917.26,532.72,60215.8571428572,491.097142857143
2021-09-30,952,100176,26467.81,725.55,67978,545.26
2021-10-01,771,52851,19798.31,532.62,67181.2857142857,553.571428571429
2021-10-02,347,30442,15520.7,265.93,65425.2857142857,547.794285714286
2021-10-03,245,20849,12011.66,195.38,63559.8571428572,525.602857142857
2021-10-04,636,53031,26162.68,537.46,63700.2857142857,547.357142857143
2021-10-05,720,55383,23490.04,629.15,55657,488.401428571429
2021-10-06,1020,95917,46683.05,868.42,58378.4285714286,536.358571428571
2021-10-07,649,59074,35070.56,533.01,52506.7142857143,508.852857142857
2021-10-08,719,54022,30727.37,491.86,52674,503.03
2021-10-09,813,15109,9145.73,133.94,50483.5714285714,484.174285714286
2021-10-10,642,17787,6108.9,149.12,50046.1428571429,477.565714285714
2021-10-11,1184,29645,12752.08,288.22,46705.2857142857,441.96
2021-10-12,1604,45745,26170.03,365.8,45328.4285714286,404.338571428571
2021-10-13,2103,68811,33763.96,675.41,41456.1428571429,376.765714285714
2021-10-14,1703,50654,25559.91,436.6,40253.2857142857,362.992857142857
2021-10-15,1022,31330,19129.08,240.78,37011.5714285714,327.124285714286
2021-10-16,786,20857,10861.13,161.17,37832.7142857143,331.014285714286
2021-10-17,668,14908,8613.08,102.84,37421.4285714286,324.402857142857
2021-10-18,1178,34119,15165.51,379.78,38060.5714285714,337.482857142857
2021-10-19,1172,49869,20596.33,602.13,38649.7142857143,371.244285714286
2021-10-20,1251,79908,32170.02,816.06,40235,391.337142857143
2021-10-21,1105,63806,27161.83,686.06,42113.8571428572,426.974285714286
2021-10-22,980,41461,13801.09,369.73,43561.1428571429,445.395714285714
2021-10-23,646,20566,11000.62,153.09,43519.5714285714,444.241428571429
2021-10-24,468,18948,6279.87,172.29,44096.7142857143,454.162857142857
2021-10-25,1345,53338,22294.19,459.2,46842.2857142857,465.508571428572
2021-10-26,1303,58467,20096.15,520.22,48070.5714285714,453.807142857143
2021-10-27,1372,67767,30161.46,682.38,46336.1428571429,434.71
2021-10-28,1791,95657,39300.79,977.68,50886.2857142857,476.37
2021-10-29,553,57114,18316.72,462.06,53122.4285714286,489.56
2021-10-30,605,45770,26432.52,370.12,56723,520.564285714286
2021-10-31,180,27240,10969.29,197.59,57907.5714285714,524.178571428571
2021-11-01,915,74103,36495.99,763.99,60874,567.72
2021-11-02,914,87079,38965.43,857.1,64961.4285714286,615.845714285714
2021-11-03,1130,160846,56228.13,1734,78258.4285714286,766.077142857143
2021-11-04,642,106359,36181.97,1129.21,79787.2857142857,787.724285714286
2021-11-05,1233,207166,78714.91,2337.54,101223.285714286,1055.65
2021-11-06,665,78642,35810.69,766.44,105919.285714286,1112.26714285714
2021-11-07,454,38527,11065.2,381.18,107531.714285714,1138.49428571429
2021-11-08,594,108273,41945.61,874.03,112413.142857143,1154.21428571429
2021-11-09,607,71663,26536.63,705.08,110210.857142857,1132.49714285714
2021-11-10,823,69621,32647.25,563.95,97178.7142857143,965.347142857143
2021-11-11,812,57140,24770.45,595.16,90147.4285714286,889.054285714286
2021-11-12,510,39870,17114.35,321.06,66248,600.985714285714
2021-11-13,579,30902,17867.83,302.39,59428,534.692857142857
2021-11-14,653,45029,14378.03,432.54,60356.8571428572,542.03
2021-11-15,962,55386,21701.12,625.81,52801.5714285714,506.57
2021-11-16,1015,69894,28615.02,813.87,52548.8571428572,522.111428571429
2021-11-17,1072,73349,40469.53,831.09,53081.4285714286,560.274285714286
2021-11-18,792,106026,69470.05,733.08,60065.1428571429,579.977142857143
2021-11-19,927,70979,35524.6,552.76,64509.2857142857,613.077142857143
2021-11-20,707,29439,12630.5,295.58,64300.2857142857,612.104285714286
2021-11-21,533,22131,12366.95,228.36,61029.1428571429,582.935714285714
2021-11-22,854,71977,18970.37,502.63,63399.2857142857,565.338571428571
2021-11-23,973,75437,28098.09,734.84,64191.1428571429,554.048571428571
2021-11-24,1080,64683,24695.48,469.81,62953.1428571429,502.437142857143
2021-11-25,849,44731,17044.75,470.63,54196.7142857143,464.944285714286
2021-11-26,891,64710,24686.65,797.08,53301.1428571429,499.847142857143
2021-11-27,481,40880,12769.64,408.17,54935.5714285714,515.931428571429
2021-11-28,591,31863,9266.34,282.33,56325.8571428572,523.641428571429
2021-11-29,1281,80264,27497.37,728.48,57509.7142857143,555.905714285714
2021-11-30,1558,110298,51577.58,999.46,62489.8571428571,593.708571428571
2021-12-01,1230,90155,41928.38,963.54,66128.7142857143,664.241428571429
2021-12-02,1882,124916,57122.41,1157.14,77583.7142857143,762.314285714286
2021-12-03,1242,71003,29350.1,627.13,78482.7142857143,738.035714285714
2021-12-04,742,39035,20620.68,337.27,78219.1428571429,727.907142857143
2021-12-05,1141,37119,15763.09,387.45,78970,742.924285714286
2021-12-06,1155,67318,32960.27,680.78,77120.5714285714,736.11
2021-12-07,1376,100953,47007.09,1063.46,75785.5714285714,745.252857142857
2021-12-08,1257,59577,33466.32,679.39,71417.2857142857,704.66
2021-12-09,1757,111103,52350.57,1213.62,69444,712.728571428571
2021-12-10,1331,99448,70004.9,802.9,73507.5714285714,737.838571428571
2021-12-11,988,46303,23721.5,476.72,74545.8571428572,757.76
2021-12-12,942,40849,23684.03,387.29,75078.7142857143,757.737142857143
2021-12-13,1676,97793,48099.11,972.89,79432.2857142857,799.467142857143
2021-12-14,2983,244595,138825.41,2147.64,99952.5714285714,954.35
2021-12-15,2025,153930,86380.07,1413.59,113431.571428571,1059.23571428571
2021-12-16,1440,108344,62762.92,831.07,113037.428571429,1004.58571428571
2021-12-17,1397,104264,57634.65,1089.79,113725.428571429,1045.57
2021-12-18,829,39194,19627.38,362.98,112709.857142857,1029.32142857143
2021-12-19,796,57304,28542.95,514.69,115060.571428571,1047.52142857143
2021-12-20,1389,160962,101167.35,1494.98,124084.714285714,1122.10571428571
2021-12-21,1620,125343,75709.81,1061.28,107048.714285714,966.911428571429
2021-12-22,1419,116197,69056.27,924.56,101658.285714286,897.05
2021-12-23,1432,70350,33713.37,697.39,96230.5714285714,877.952857142857
2021-12-24,1201,90499,55302.36,892.95,94264.1428571429,849.832857142857
2021-12-25,434,36799,20372.23,331.13,93922,845.282857142857
2021-12-26,310,26915,10732.89,213.1,89580.7142857143,802.198571428571
2021-12-27,732,58479,35508.61,535.49,74940.2857142857,665.128571428571
2021-12-28,1931,205326,127772.67,1888.49,86366.4285714286,783.301428571429
2021-12-29,1270,135613,85622.52,990.83,89140.1428571429,792.768571428572
2021-12-30,1153,70391,41548.29,656.14,89146,786.875714285714
2021-12-31,1299,94052,58974.5,818.72,89653.5714285714,776.271428571429
2022-01-01,622,43452,29051.65,386.12,90604,784.127142857143
2022-01-02,730,39249,26341.66,415.62,92366,813.058571428572
2022-01-03,1665,106359,63707.5,1016.33,99206,881.75
2022-01-04,1848,206436,157423.29,1494.27,99364.5714285714,825.432857142857
2022-01-05,2122,163458,83314.67,1473.75,103342.428571429,894.421428571429
2022-01-06,1327,78687,44069.15,756.98,104527.571428571,908.827142857143
2022-01-07,1667,180867,103729.6,1556.29,116929.714285714,1014.19428571429
2022-01-08,947,65586,31824.63,517.12,120091.714285714,1032.90857142857
2022-01-09,1123,61070,23819.73,455.98,123209,1038.67428571429
2022-01-10,1774,183543,104919.06,1690.68,134235.285714286,1135.01
2022-01-11,2351,245892,124567.47,1885.41,139871.857142857,1190.88714285714
2022-01-12,1817,109310,48326.01,1137.88,132136.428571429,1142.90571428571
2022-01-13,1717,181734,80505.7,1741.71,146857.428571429,1283.58142857143
2022-01-14,2110,141327,40764.87,1043.47,141208.857142857,1210.32142857143
2022-01-15,1305,105482,21211.35,548.57,146908.285714286,1214.81428571429
2022-01-16,891,62070,23016.77,469.15,147051.142857143,1216.69571428571
2022-01-17,1337,96211,34388.3,1012.58,134575.142857143,1119.82428571429
2022-01-18,2277,149350,49856.97,1256.61,120783.428571429,1029.99571428571
2022-01-19,1865,93038,29902.36,811.18,118458.857142857,983.324285714286
2022-01-20,1637,102328,31353.58,782.23,107115.142857143,846.255714285714
2022-01-21,1526,64192,18719.14,508.63,96095.8571428571,769.85
2022-01-22,1175,57001,20676.72,456.22,89170,756.657142857143
2022-01-23,882,43375,16559.62,323.55,86499.2857142857,735.857142857143
2022-01-24,1810,71091,31007.25,664.13,82910.7142857143,686.078571428571
2022-01-25,1155,70281,30484.38,534.99,71615.1428571429,582.99
2022-01-26,1845,126389,64232.79,1091.36,76379.5714285714,623.015714285714
2022-01-27,1518,73760,40872.86,706.61,72298.4285714286,612.212857142857
2022-01-28,1344,90883,38021.03,758.6,76111.4285714286,647.922857142857
2022-01-29,858,61605,29859.53,381.56,76769.1428571429,637.257142857143
2022-01-30,794,32429,12398.55,270.42,75205.4285714286,629.667142857143
2022-01-31,1246,86074,22827.58,537.27,77345.8571428572,611.544285714286
2022-02-01,1471,78201,31544.06,799.79,78477.2857142857,649.372857142857
2022-02-02,1431,79924,33200.19,705.36,71839.4285714286,594.23
2022-02-03,1595,97452,53124.51,875.79,75224,618.398571428572
2022-02-04,1798,108460,53015.84,1052.1,77735,660.327142857143
2022-02-05,983,40032,15783.59,409.05,74653.1428571429,664.254285714286
2022-02-06,778,56890,20149.27,490.21,78147.5714285714,695.652857142857
2022-02-07,1153,73321,34104.52,679.11,76325.7142857143,715.915714285714
2022-02-08,2005,138532,74452.81,1121.59,84944.4285714286,761.887142857143
2022-02-09,1354,87110,40596.67,781.69,85971,772.791428571429
2022-02-10,1936,164614,79737.4,1832.56,95565.5714285714,909.472857142857
2022-02-11,1892,117004,64148.02,1141.23,96786.1428571429,922.205714285714
2022-02-12,848,46122,23847.53,485.57,97656.1428571429,933.137142857143
2022-02-13,1017,65466,32886.61,643.94,98881.2857142857,955.098571428571
2022-02-14,1477,74741,41293.61,710.04,99084.1428571429,959.517142857143
2022-02-15,1614,141937,51162.16,969.48,99570.5714285714,937.787142857143
2022-02-16,2327,107639,45418.42,1052.01,102503.285714286,976.404285714286
2022-02-17,1498,105045,36480.35,765.79,93993.4285714286,824.008571428572
2022-02-18,1453,73951,31164.27,768.23,87843,770.722857142857
2022-02-19,618,25177,12410.76,232.27,84850.8571428572,734.537142857143
2022-02-20,853,34664,19234.15,323.04,80450.5714285715,688.694285714286
2022-02-21,1470,50725,27538.99,525.22,77019.7142857143,662.291428571429
2022-02-22,1230,100565,44163.51,826.89,71109.4285714286,641.921428571429
2022-02-23,1843,108611,47954.49,1087.97,71248.2857142857,647.058571428572
2022-02-24,1484,124120,59142.36,1056.08,73973.2857142857,688.528571428572
2022-02-25,1562,137864,70974.21,764.66,83103.7142857143,688.018571428572
2022-02-26,615,27660,11542.12,246.28,83458.4285714286,690.02
2022-02-27,998,53974,20834.72,555.04,86217,723.162857142857
2022-02-28,1600,74825,31538.95,636.14,89659.8571428572,739.008571428571
2022-03-01,2104,105911,57461.14,953.99,90423.5714285714,757.165714285714
2022-03-02,1456,119039,60454.27,872.81,91913.2857142857,726.428571428571
2022-03-03,1100,69112,33396.25,573.08,84055,657.428571428572
2022-03-04,1794,67991,23303.24,623.15,74073.1428571429,637.212857142857
2022-03-05,767,25574,13426.87,265.28,73775.1428571429,639.927142857143
2022-03-06,936,33050,15939.92,329.76,70786,607.744285714286
2022-03-07,1683,79146,40055.88,735.02,71403.2857142857,621.87
2022-03-08,1721,126696,63487.24,1192.72,74372.5714285714,655.974285714286
2022-03-09,1424,123614,73545.75,1265.4,75026.1428571429,712.058571428571
2022-03-10,2152,121011,76206.46,1183.93,82440.2857142857,799.322857142857
2022-03-11,1448,73628,36280.91,818.15,83245.5714285714,827.18
2022-03-12,626,31934,11307.42,323.81,84154.1428571429,835.541428571429
2022-03-13,1059,50171,21421.57,538.75,86600,865.397142857143
2022-03-14,1404,108989,44138.64,1060.72,90863.2857142857,911.925714285714
2022-03-15,1214,81331,31578.96,703.04,84382.5714285714,841.971428571429
2022-03-16,1407,111388,63040.99,947.82,82636,796.602857142857
2022-03-17,1111,77387,35030.66,807.7,76404,742.855714285714
2022-03-18,1174,71571,33113.82,808.45,76110.1428571429,741.47
2022-03-19,572,41162,15816.19,352.16,77428.4285714286,745.52
2022-03-20,745,75930,33344.9,630.08,81108.2857142857,758.567142857143
2022-03-21,1453,91825,42616.49,979.48,78656.2857142857,746.961428571429
2022-03-22,1854,105660,44915.77,1216.84,82131.8571428571,820.361428571429
2022-03-23,1672,74456,34453.17,763.07,76855.8571428572,793.968571428571
2022-03-24,1024,63922,24367.9,702.26,74932.2857142857,778.905714285714
2022-03-25,1322,117921,56797.61,908.9,81553.7142857143,793.255714285714
2022-03-26,636,26301,13254.36,272.89,79430.7142857143,781.931428571429
2022-03-27,1519,128697,49668.11,968.79,86968.8571428572,830.318571428571
2022-03-28,1525,85505,40000.08,892.12,86066,817.838571428571
2022-03-29,1311,65826,28422.18,671.03,80375.4285714286,739.865714285714
2022-03-30,1345,56493,25879.35,581.49,77809.2857142857,713.925714285714
2022-03-31,1356,69176,25953.55,762.17,78559.8571428572,722.484285714286
2022-04-01,1381,77086,40055.79,661.7,72726.2857142857,687.17
2022-04-02,605,31047,10633.15,223.13,73404.2857142857,680.061428571429
2022-04-03,1096,159122,37298.28,1226.29,77750.7142857143,716.847142857143
2022-04-04,1439,59198,29445.97,581,73992.5714285714,672.401428571429
2022-04-05,1886,91845,44399.59,846.49,77709.5714285714,697.467142857143
2022-04-06,1715,90483,41936.74,725.76,82565.2857142857,718.077142857143
2022-04-07,1201,51785,22122.16,468.24,80080.8571428571,676.087142857143
2022-04-08,1009,39737,23088.63,311.72,74745.2857142857,626.09
2022-04-09,778,24136,11729.56,239.07,73758,628.367142857143
2022-04-10,602,27645,16716.28,264.97,54975.5714285714,491.035714285714
2022-04-11,982,81946,46060.43,930.76,58225.2857142857,541.001428571429
2022-04-12,1941,124756,45902.79,975.49,62926.8571428572,559.43
2022-04-13,2187,117686,72830.67,934.35,66813,589.228571428571
2022-04-14,1644,66920,28374.24,710.34,68975.1428571429,623.814285714286
2022-04-15,1228,49967,20964.51,544.94,70436.5714285714,657.131428571429
2022-04-16,564,24853,11789.51,167.15,70539,646.857142857143
2022-04-17,558,18045,10015.11,171.69,69167.5714285714,633.531428571429
2022-04-18,1992,120543,70570.91,880.88,74681.4285714286,626.405714285714
2022-04-19,1780,106842,40379.29,999.56,72122.2857142857,629.844285714286
2022-04-20,1269,89173,38097.54,864.96,68049,619.931428571429
2022-04-21,1488,87554,39681.68,800.2,70996.7142857143,632.768571428572
2022-04-22,1248,91048,40983.51,652.34,76865.4285714286,648.111428571429
2022-04-23,635,45073,24736.96,371.05,79754,677.24
2022-04-24,675,48182,28712.24,380.97,84059.2857142857,707.137142857143
2022-04-25,1654,129105,73826.94,698.91,85282.4285714286,681.141428571429
2022-04-26,1484,140114,49731.11,1002.23,90035.5714285714,681.522857142857
2022-04-27,1715,176242,81421.57,1362.4,102474,752.585714285714
2022-04-28,3339,331904,185745.81,2051.34,137381.142857143,931.32
2022-04-29,2567,367035,145730.11,2675.36,176807.857142857,1220.32285714286
2022-04-30,1124,60634,26449.69,513.31,179030.857142857,1240.64571428571
2022-05-01,742,73689,22094.72,452.33,182674.714285714,1250.84
2022-05-02,2237,329185,90750.26,1978.81,211257.571428571,1433.68285714286
2022-05-03,2757,421719,129638.46,2753.87,251486.857142857,1683.91714285714
2022-05-04,3254,558283,145468.11,3258.78,306064.142857143,1954.82857142857
2022-05-05,3179,530362,103081.04,2455.13,334415.285714286,2012.51285714286
2022-05-06,3173,438913,121657.44,3771.17,344683.571428571,2169.05714285714
2022-05-07,741,59888,23460.6,513.16,344577,2169.03571428571
2022-05-08,1323,88312,30599.08,707.22,346666,2205.44857142857
2022-05-09,2746,342013,81525.19,2422.58,348498.571428571,2268.84428571429
2022-05-10,3075,449034,98485.04,3018.92,352400.714285714,2306.70857142857
2022-05-11,2917,553457,108722.96,3738.09,351711.285714286,2375.18142857143
2022-05-12,2432,366060,75889.7,2519.31,328239.571428571,2384.35
2022-05-13,2572,235664,69195.14,1763.14,299204,2097.48857142857
2022-05-14,800,35167,17234.58,315.23,295672.428571429,2069.21285714286
2022-05-15,980,51045,24697.29,488.55,290348.571428571,2037.97428571429
2022-05-16,2837,270107,68189.77,2083.62,280076.285714286,1989.55142857143
2022-05-17,2779,276392,73925.23,2383.82,255413.142857143,1898.82285714286
2022-05-18,2309,311154,93949.77,2367.14,220798.428571429,1702.97285714286
2022-05-19,3292,414810,88563.54,3403.44,227762.714285714,1829.27714285714
2022-05-20,3146,235539,77711.01,2197.65,227744.857142857,1891.35
2022-05-21,1182,56126,29596.37,373.02,230739,1899.60571428571
2022-05-22,1385,91319,21317.68,654.41,236492.428571429,1923.3
2022-05-23,3009,297257,59881.54,2113.99,240371,1927.63857142857
2022-05-24,3322,326492,75205.06,2735.69,247528.142857143,1977.90571428571
2022-05-25,3927,328680,71049.54,2635.48,250031.857142857,2016.24
2022-05-26,2707,226775,49694.14,1643.85,223169.714285714,1764.87
2022-05-27,2330,213984,63324.98,1890.69,220090.428571429,1721.01857142857
2022-05-28,979,35152,14984.28,327.17,217094.142857143,1714.46857142857
2022-05-29,1067,74279,12722.9,393.69,214659.857142857,1677.22285714286
2022-05-30,1128,52234,13086.42,424.85,179656.571428571,1435.91714285714
2022-05-31,3066,291010,64544.73,2056.29,174587.714285714,1338.86
2022-06-01,3527,329806,97288.29,2688.17,174748.571428571,1346.38714285714
2022-06-02,3618,329836,88087.97,2642.81,189471.571428571,1489.09571428571
2022-06-03,3089,311595,77016.79,2161.24,203416,1527.74571428571
2022-06-04,1382,53745,14785.17,430.34,206072.142857143,1542.48428571429
2022-06-05,1916,60467,18598.06,428.54,204099,1547.46285714286
2022-06-06,4004,354671,69676.92,2403.86,247304.285714286,1830.17857142857
2022-06-07,4227,401599,99742.5,2908.85,263102.714285714,1951.97285714286
2022-06-08,3873,349034,90022.28,2542.25,265849.571428571,1931.12714285714
2022-06-09,4185,387970,115699.92,3425.36,274154.428571429,2042.92
2022-06-10,5578,562616,158366.57,5130.56,310014.571428571,2467.10857142857
2022-06-11,1802,68409,21206.92,620.58,312109.428571429,2494.28571428571
2022-06-12,2939,238423,36608.19,1259.43,337531.714285714,2612.98428571429
2022-06-13,5128,511244,172502.45,4950.02,359899.285714286,2976.72142857143
2022-06-14,5367,536208,177580.81,4655.59,379129.142857143,3226.25571428571
2022-06-15,6514,537681,168982.31,4301.09,406078.714285714,3477.51857142857
2022-06-16,4331,311671,100094.54,2815.58,395178.857142857,3390.40714285714
2022-06-17,6358,479062,146128.38,4438.83,383242.571428571,3291.58857142857
2022-06-18,1212,131475,28513.88,878.8,392252,3328.47714285714
2022-06-19,2014,131326,68120.16,784.83,376952.428571429,3260.67714285714
2022-06-20,2619,145097,35515.28,1122.13,324645.714285714,2713.83571428571
2022-06-21,3980,276000,77397.29,2563.5,287473.142857143,2414.96571428571
2022-06-22,6250,408961,109940.64,3629.31,269084.571428571,2318.99714285714
2022-06-23,4019,363898,89519.36,3349.51,276545.571428571,2395.27285714286
2022-06-24,3054,215763,63302.17,1948.02,238931.428571429,2039.44285714286
2022-06-25,1269,42168,16136.22,308.65,226173.285714286,1957.99285714286
2022-06-26,2158,106583,24900.47,847.97,222638.571428571,1967.01285714286
2022-06-27,4590,323909,75271.49,2692.6,248183.142857143,2191.36571428571
2022-06-28,4991,355335,82217.3,2945.15,259516.714285714,2245.88714285714
2022-06-29,5167,393273,98270.61,3057.79,257275.571428571,2164.24142857143
2022-06-30,7822,639364,152393.11,5849.26,296627.857142857,2521.34857142857
2022-07-01,5443,445290,141466.85,3826.16,329417.428571429,2789.65428571429
2022-07-02,1765,85120,35664.41,622.04,335553.428571429,2834.42428571429
2022-07-03,1943,93136,32918.12,637.09,333632.428571429,2804.29857142857
2022-07-04,1463,54976,18918.67,470,295213.428571429,2486.78428571429
2022-07-05,4896,406291,86759.95,3349.1,302492.857142857,2544.49142857143
2022-07-06,4659,325699,87410.89,2958.48,292839.428571429,2530.30428571429
2022-07-07,3031,217075,71308.53,2160.17,232512.428571429,2003.29142857143
2022-07-08,5531,378244,101154.81,3424.93,222934.428571429,1945.97285714286
2022-07-09,2323,99919,39176.58,773.64,225048.571428571,1967.63
2022-07-10,1722,73054,21113.51,608.9,222179.714285714,1963.60285714286
2022-07-11,4076,316567,74616.28,2607.07,259549.857142857,2268.89857142857
2022-07-12,5920,458376,127709.07,3872.75,266990.571428571,2343.70571428571
2022-07-13,9957,800671,250930.49,7216.27,334843.714285714,2951.96142857143
2022-07-14,5248,461409,143564.68,4158.56,369748.571428571,3237.44571428571
2022-07-15,4217,266221,93203.92,2443.67,353745.285714286,3097.26571428571
2022-07-16,1923,67221,23970.96,526.69,349074.142857143,3061.98714285714
2022-07-17,2396,64802,22474.79,589.28,347895.285714286,3059.18428571429
2022-07-18,4100,247439,75490.76,2152.99,338019.857142857,2994.31571428571
2022-07-19,4175,303993,91290.48,2726.6,315965.142857143,2830.58
2022-07-20,4136,317374,87958.76,2601.97,246922.714285714,2171.39428571429
2022-07-21,3839,216961,69259.44,1823.77,212001.571428571,1837.85285714286
2022-07-22,5540,331593,113023.83,3032.47,221340.428571429,1921.96714285714
2022-07-23,2080,61183,18147.52,525.62,220477.857142857,1921.81428571429
2022-07-24,2823,74577,26680.23,600.91,221874.285714286,1923.47571428571
2022-07-25,3596,239580,70540.91,2177.32,220751.571428571,1926.95142857143
2022-07-26,4110,322934,92774.27,2587.73,223457.428571429,1907.11285714286
2022-07-27,4578,431688,144841.7,3585.71,239788,2047.64714285714
2022-07-28,4459,405373,140797.88,3687.13,266704,2313.84142857143
2022-07-29,7659,520863,99821.6,3240.38,293742.571428571,2343.54285714286
2022-07-30,1869,51929,17769.66,512.36,292420.571428571,2341.64857142857
2022-07-31,1529,45511,11437.61,304.97,288268.285714286,2299.37142857143
2022-08-01,3338,280872,66581.47,2196.12,294167.142857143,2302.05714285714
2022-08-02,4350,344941,100532.35,3060.4,297311,2369.58142857143
2022-08-03,3991,293164,97616.99,2569.79,277521.857142857,2224.45
2022-08-04,4595,312822,91173.3,2763.98,264300.285714286,2092.57142857143
2022-08-05,4776,369546,105919.25,3233.31,242683.571428571,2091.56142857143
2022-08-06,2149,69901,27312.15,582.14,245251,2101.53
2022-08-07,1318,96739,33250.24,693.84,252569.285714286,2157.08285714286
2022-08-08,4583,492767,120657.61,4166.47,282840,2438.56142857143
2022-08-09,5394,438859,115323.55,3129.37,296256.857142857,2448.41428571429
2022-08-10,5673,521248,149459.69,3991.18,328840.285714286,2651.47
2022-08-11,5802,456807,122821.05,3921.54,349409.571428571,2816.83571428571
2022-08-12,5531,352904,103359.82,2886.83,347032.142857143,2767.33857142857
2022-08-13,2348,93344,19705.48,701.25,350381.142857143,2784.35428571429
2022-08-14,1824,65804,14612.53,473.73,345961.857142857,2752.91
2022-08-15,7950,565301,124977.98,4609.69,356323.857142857,2816.22714285714
2022-08-16,7586,453023,132190.98,3830.85,358347.285714286,2916.43857142857
2022-08-17,6499,423897,105464.11,3774.72,344440,2885.51571428571
2022-08-18,5807,382683,107884.8,3031.33,333850.857142857,2758.34285714286
2022-08-19,5540,341576,79140.76,2326.25,332232.571428571,2678.26
2022-08-20,1465,44171,10117.53,299.19,325207.857142857,2620.82285714286
2022-08-21,2133,115294,22710.96,755.19,332277.857142857,2661.03142857143
2022-08-22,5383,319416,87735.93,2701.76,297151.428571429,2388.47
2022-08-23,6174,464073,139718.72,3762.08,298730,2378.64571428571
2022-08-24,7421,476607,169628.69,4725.33,306260,2514.44714285714
2022-08-25,6722,461814,112178.91,4068.21,317564.428571429,2662.57285714286
2022-08-26,9048,643451,162111.13,6103.91,360689.428571429,3202.23857142857
2022-08-27,1979,107143,19102.98,570.27,369685.428571429,3240.96428571429
2022-08-28,1866,91826,20219.02,554.76,366332.857142857,3212.33142857143
2022-08-29,7589,429083,119295.66,4023.64,381999.571428571,3401.17142857143
2022-08-30,8075,462472,103943.01,3793.68,381770.857142857,3405.68571428571
2022-08-31,7056,305605,89107.19,2844.88,357342,3137.05
2022-09-01,5471,312484,96676.81,2957.94,336009.142857143,2978.44
2022-09-02,7952,404458,112235.1,4056.16,301867.285714286,2685.90428571429
2022-09-03,988,55547,10278.95,347.43,294496.428571429,2654.07
2022-09-04,1010,49572,12391.92,341.29,288460.142857143,2623.57428571429
2022-09-05,1456,74205,18609.63,447.92,237763.285714286,2112.75714285714
2022-09-06,8024,540683,135843.23,5010.42,248936.285714286,2286.57714285714
2022-09-07,5387,422537,159775.75,4108.72,265640.857142857,2467.12571428571
2022-09-08,6635,386711,108822.59,3681.93,276244.714285714,2570.55285714286
2022-09-09,3456,266370,88680.4,2265.96,256517.857142857,2314.81
2022-09-10,1358,92108,28681.47,569.05,261740.857142857,2346.47
2022-09-11,965,76060,26482.26,522.95,265524.857142857,2372.42142857143
2022-09-12,6457,371977,103688.46,3226.48,308063.714285714,2769.35857142857
2022-09-13,7587,746002,279540.81,5399.34,337395,2824.91857142857
2022-09-14,5511,378648,100111.6,3393.32,331125.142857143,2722.71857142857
2022-09-15,4342,327837,87700.81,2997.7,322714.571428571,2624.97142857143
2022-09-16,4938,347298,96629.19,3255.91,334275.714285714,2766.39285714286
2022-09-17,1299,71840,18636.5,499.22,331380.285714286,2756.41714285714
2022-09-18,1115,69894,18788.24,509,330499.428571429,2754.42428571429
2022-09-19,4033,271643,72613.93,2182.75,316166,2605.32
2022-09-20,5096,427338,133740.41,3525.81,270642.571428571,2337.67285714286
2022-09-21,5789,388227,101493.22,3279.53,272011,2321.41714285714
2022-09-22,5370,350284,104988.15,2943.33,275217.714285714,2313.65
2022-09-23,5291,363727,82829.43,3171.99,277564.714285714,2301.66142857143
2022-09-24,1143,102728,22382.08,776.98,281977.285714286,2341.34142857143
2022-09-25,1164,62053,12971.54,463.83,280857.142857143,2334.88857142857
2022-09-26,4784,291186,80866.89,2571.69,283649,2390.45142857143
2022-09-27,6449,413862,111016.08,3653.13,281723.857142857,2408.64
2022-09-28,5550,377582,109453.3,3540.6,280203.142857143,2445.93571428571
2022-09-29,4581,345175,87915.37,3198.03,279473.285714286,2482.32142857143
2022-09-30,4300,290317,82206.4,2559.26,268986.142857143,2394.78857142857
2022-10-01,980,49875,14031.21,354.78,261435.714285714,2334.47428571429
2022-10-02,1254,99108,20432.16,618.2,266729.285714286,2356.52714285714
2022-10-03,4599,317636,95897.92,2923.2,270507.857142857,2406.74285714286
2022-10-04,4661,334541,98255.38,2833.96,259176.285714286,2289.71857142857
2022-10-05,6178,326528,78047.57,2701.11,251882.857142857,2169.79142857143
2022-10-06,5397,351859,90739.61,3412.71,252837.714285714,2200.46
2022-10-07,3581,305481,98137.62,2318.7,255004,2166.09428571429
2022-10-08,852,64371,19629.96,419.26,257074.857142857,2175.30571428571
2022-10-09,919,72713,24445.63,640.14,253304.142857143,2178.44
2022-10-10,3704,292418,88592.74,2754.91,249701.571428571,2154.39857142857
2022-10-11,4509,300165,76172,2548.37,244790.714285714,2113.6
2022-10-12,5883,411296,94438.76,3450.66,256900.428571429,2220.67857142857
2022-10-13,5748,546459,183796.42,4357.9,284700.428571429,2355.70571428571
2022-10-14,3802,269982,82450.87,2243.13,279629.142857143,2344.91
2022-10-15,1029,55908,17375.06,408.26,278420.142857143,2343.33857142857
2022-10-16,1221,83231,16890.09,598.77,279922.714285714,2337.42857142857
2022-10-17,3495,303348,83169.22,2627.06,281484.142857143,2319.16428571429
2022-10-18,5111,351141,88226.02,2960.46,288766.428571429,2378.03428571429
2022-10-19,4785,296455,77805.94,2532.37,272360.571428571,2246.85
2022-10-20,5150,371295,90502.16,3224.32,247337.142857143,2084.91
2022-10-21,5079,376659,101285.62,3311.91,262576.714285714,2237.59285714286
2022-10-22,901,50612,13122.5,335.63,261820.142857143,2227.21714285714
2022-10-23,967,78291,24622.92,527.68,261114.428571429,2217.06142857143
2022-10-24,3872,328705,78932.79,2657.69,264736.857142857,2221.43714285714
2022-10-25,3854,285553,68132.37,2474.45,255367.142857143,2152.00714285714
2022-10-26,4700,348902,101173.66,3160.91,262859.571428571,2241.79857142857
2022-10-27,6025,407670,99494.56,3507.24,268056,2282.21571428571
2022-10-28,4187,252049,60898.61,2088.65,250254.571428571,2107.46428571429
2022-10-29,884,51516,11612.58,303.15,250383.714285714,2102.82428571429
2022-10-30,783,61474,18000.44,484.75,247981.285714286,2096.69142857143
2022-10-31,3932,383960,100173.53,3277.89,255874.857142857,2185.29142857143
2022-11-01,5057,282559,107018.22,2669.26,255447.142857143,2213.12142857143
2022-11-02,5266,453219,130532.5,3994.95,270349.571428571,2332.27
2022-11-03,3606,285781,76741.16,2659.21,252936.857142857,2211.12285714286
2022-11-04,4064,348856,107852,3013.74,266766.428571429,2343.27857142857
2022-11-05,742,95871,43636.09,667.3,273102.857142857,2395.3
2022-11-06,1121,88269,17074.24,507.33,276930.714285714,2398.52571428571
2022-11-07,3755,337670,98132.61,2871.24,270317.857142857,2340.43285714286
2022-11-08,3431,277319,83240.83,2648.49,269569.285714286,2337.46571428571
2022-11-09,2841,265149,78548.05,2762.45,242702.142857143,2161.39428571429
2022-11-10,5122,327696,100172.07,2627.3,248690,2156.83571428571
2022-11-11,2485,265097,77027.78,2082.84,236724.428571429,2023.85
2022-11-12,855,55948,14678.4,391.38,231021.142857143,1984.43285714286
2022-11-13,747,60123,17317.43,353.2,227000.285714286,1962.41428571429
2022-11-14,3533,331937,87185.54,3372.73,226181.285714286,2034.05571428571
2022-11-15,4237,438042,113219.42,4186.18,249141.714285714,2253.72571428571
2022-11-16,3854,239626,55784.49,1995.52,245495.571428571,2144.16428571429
2022-11-17,3727,251874,73730.03,2313.53,234663.857142857,2099.34
2022-11-18,3977,280945,88715.04,2658.37,236927.857142857,2181.55857142857
2022-11-19,741,33440,11443.08,324.56,233712.428571429,2172.01285714286
2022-11-20,1089,90406,24573.69,752.39,238038.571428571,2229.04
2022-11-21,3331,241447,82144.52,2650.21,225111.428571429,2125.82285714286
2022-11-22,3583,302516,82928.67,2782.29,205750.571428571,1925.26714285714
2022-11-23,3666,267404,81713.26,2391.4,209718.857142857,1981.82142857143
2022-11-24,1825,95171,25540.92,785.01,187332.714285714,1763.46142857143
2022-11-25,1585,135617,60144.5,1066.28,166571.571428571,1536.02
2022-11-26,743,37037,10012.37,340.52,167085.428571429,1538.3
2022-11-27,1280,93697,16916.69,559.36,167555.571428571,1510.72428571429
2022-11-28,3025,235898,68801.21,2326.92,166762.857142857,1464.54
2022-11-29,4237,336251,83664.32,3347.51,171582.142857143,1545.28571428571
2022-11-30,4245,380260,107458.13,3447.76,187704.428571429,1696.19428571429
2022-12-01,2408,196090,48534.14,1500.22,202121.428571429,1798.36714285714
2022-12-02,3251,304785,82533.21,2648.7,226288.285714286,2024.42714285714
2022-12-03,747,64962,19472.44,470.04,230277.571428571,2042.93
2022-12-04,756,46007,9958.24,358.66,223464.714285714,2014.25857142857
2022-12-05,2415,232003,64425.53,2272.87,222908.285714286,2006.53714285714
2022-12-06,2966,241130,67938.18,2233.38,209319.571428571,1847.37571428571
2022-12-07,3528,299782,77766.07,2591.59,197822.714285714,1725.06571428571
2022-12-08,3037,293287,87890.82,2732.99,211708,1901.17571428571
2022-12-09,3635,298171,80386.05,2784.09,210763.142857143,1920.51714285714
2022-12-10,613,47282,19163.32,261.99,208237.428571429,1890.79571428571
2022-12-11,786,69376,24100.65,749.54,211575.857142857,1946.63571428571
2022-12-12,3296,337977,120225.83,3292.96,226715,2092.36285714286
2022-12-13,4286,546431,157573.5,4141.97,270329.428571429,2365.01857142857
2022-12-14,5835,301862,90223.54,2617.39,270626.571428571,2368.70428571429
2022-12-15,3971,303512,107379.34,3186.39,272087.285714286,2433.47571428571
2022-12-16,1937,247754,82819.64,2467.07,264884.857142857,2388.18714285714
2022-12-17,616,36810,9333.9,249.78,263388.857142857,2386.44285714286
2022-12-18,669,33729,7058.55,238.42,258296.428571429,2313.42571428571
2022-12-19,2585,245764,70301.04,2390.62,245123.142857143,2184.52
2022-12-20,2462,294739,63353.49,2366.28,209167.142857143,1930.85
2022-12-21,2488,208774,61970.26,1709.97,195868.857142857,1801.21857142857
2022-12-22,3771,270908,83947.44,2722.79,191211.142857143,1734.99
2022-12-23,2381,226559,88867.28,2138.29,188183.285714286,1688.02142857143
2022-12-24,394,36934,14503.51,190.04,188201,1679.48714285714
2022-12-25,552,28334,7136.38,215.48,187430.285714286,1676.21
2022-12-26,589,43109,9889.84,286.54,158479.571428571,1375.62714285714
2022-12-27,2212,167708,46483.46,1339.57,140332.285714286,1228.95428571429
2022-12-28,2623,249334,83628.35,2689.39,146126.571428571,1368.87142857143
2022-12-29,2073,180368,67458.69,1893.41,133192.285714286,1250.38857142857
2022-12-30,1884,218026,78830.04,1946.12,131973.285714286,1222.93571428571
2022-12-31,656,26659,7579.86,213.57,130505.428571429,1226.29714285714
2023-01-01,441,24975,8767.79,202.57,130025.571428571,1224.45285714286
2023-01-02,889,65490,13640.03,368.76,133222.857142857,1236.19857142857
2023-01-03,1776,215278,63459.92,2152.53,140018.571428571,1352.33571428571
2023-01-04,2270,228202,58563.1,2058.81,136999.714285714,1262.25285714286
2023-01-05,2381,216076,61950.36,2091.4,142100.857142857,1290.53714285714
2023-01-06,2364,294632,85415.62,2414.63,153044.571428571,1357.46714285714
2023-01-07,680,42102,9707.13,269.13,155250.714285714,1365.40428571429
2023-01-08,1005,52469,13862.04,450.88,159178.428571429,1400.87714285714
2023-01-09,2400,215884,54548.22,2171.54,180663.285714286,1658.41714285714
2023-01-10,2273,201848,57621.64,1951.98,178744.714285714,1629.76714285714
2023-01-11,2817,209839,67198.31,2023.52,176121.428571429,1624.72571428571
2023-01-12,2892,283688,84799.94,2442.46,185780.285714286,1674.87714285714
2023-01-13,2471,179879,56048.53,1685,169387,1570.64428571429
2023-01-14,288,18444,5836.74,124.06,166007.285714286,1549.92
2023-01-15,263,16033,4894.78,98.14,160802.142857143,1499.52857142857
2023-01-16,697,51963,15281.46,353.28,137384.857142857,1239.77714285714
2023-01-17,1413,75230,24123.59,636.05,119296.571428571,1051.78714285714
2023-01-18,2649,215767,60895.37,2099.7,120143.428571429,1062.67
2023-01-19,2189,179084,56276.95,1872.39,105200,981.231428571428
2023-01-20,1731,193611,49926.1,1696.57,107161.714285714,982.884285714286
2023-01-21,582,29928,5193.69,161.47,108802.285714286,988.228571428571
2023-01-22,668,51279,9597.05,318.64,113837.428571429,1019.72857142857
2023-01-23,2307,176290,52089.43,1654.24,131598.428571429,1205.58
2023-01-24,2200,168124,54752.16,1755.42,144869,1365.49
2023-01-25,3360,314035,94060.46,2427.58,158907.285714286,1412.33
2023-01-26,3045,231494,71637.93,2137.74,166394.428571429,1450.23714285714
2023-01-27,2136,226366,78507.74,1854.48,171073.714285714,1472.79571428571
2023-01-28,741,32412,10911.47,229.65,171428.571428571,1482.53571428571
2023-01-29,958,43368,10656.21,320.59,170298.428571429,1482.81428571429
2023-01-30,2506,194006,68653.35,1702.87,172829.285714286,1489.76142857143
2023-01-31,2612,199409,64618.18,1845.65,177298.571428571,1502.65142857143
2023-02-01,2377,252158,66517.12,1355.63,168459,1349.51571428571
2023-02-02,4504,362031,101514.16,3552.88,187107.142857143,1551.67857142857
2023-02-03,3642,332884,98134.78,2982.72,202324,1712.85571428571
2023-02-04,658,37835,5820.57,194.57,203098.714285714,1707.84428571429
2023-02-05,1010,66941,17380.62,383.57,206466.285714286,1716.84142857143
2023-02-06,3093,183061,56733.13,1687.68,204902.714285714,1714.67142857143
2023-02-07,4398,223330,63389.7,2190.05,208320,1763.87142857143
2023-02-08,1812,196400,57056.67,1611.38,200354.571428571,1800.40714285714
2023-02-09,1919,171214,48267.64,1541.55,173095,1513.07428571429
2023-02-10,1978,195871,47711.61,1752.89,153521.714285714,1337.38428571429
2023-02-11,420,34116,14475.16,349.89,152990.428571429,1359.57285714286
2023-02-12,606,31486,10676.61,243.9,147925.428571429,1339.62
2023-02-13,1902,188148,65665.73,1786.16,148652.142857143,1353.68857142857
2023-02-14,4700,370916,93579.32,3264.42,169735.857142857,1507.17
2023-02-15,2544,261781,68466.85,2186.93,179076,1589.39142857143
2023-02-16,3031,236476,65744.58,1925.81,188399.142857143,1644.28571428571
2023-02-17,2213,139360,39217.34,1137.75,180326.142857143,1556.40857142857
2023-02-18,508,17382,5808.49,186.61,177935.571428571,1533.08285714286
2023-02-19,697,38942,9354.05,291.54,179000.714285714,1539.88857142857
2023-02-20,1149,67234,18319.76,473.94,161727.285714286,1352.42857142857
2023-02-21,2560,155642,48045.23,1505.65,130973.857142857,1101.17571428571
2023-02-22,3085,185609,68231.01,1597.07,120092.142857143,1016.91
2023-02-23,2250,162990,54788.98,1536.26,109594.142857143,961.26
2023-02-24,3005,227135,57273.55,1883.67,122133.428571429,1067.82
2023-02-25,670,31769,6031.53,205.27,124188.714285714,1070.48571428571
2023-02-26,2094,76642,13615.67,476.58,129574.428571429,1096.92
2023-02-27,3852,274386,89020.17,2770.21,159167.571428571,1424.95857142857
2023-02-28,4424,351936,110598.04,3230.34,187209.571428571,1671.34285714286
2023-03-01,5677,376412,160789.04,4313.91,214467.142857143,2059.46285714286
2023-03-02,4066,261060,90145.55,2733.26,228477.142857143,2230.46285714286
2023-03-03,3769,226819,63465.2,2187.25,228432,2273.83142857143
2023-03-04,861,43733,11084.41,274.04,230141.142857143,2283.65571428571
2023-03-05,1016,37272,11100.45,348.92,224516.857142857,2265.41857142857
2023-03-06,6381,296060,100210.41,3561.78,227613.142857143,2378.5
2023-03-07,8148,423763,133788.2,4340.39,237874.142857143,2537.07857142857
2023-03-08,9045,412755,134697.74,4624.49,243066,2581.44714285714
2023-03-09,11847,668775,221218.26,7586.41,301311,3274.75428571429
2023-03-10,11746,559788,173037.31,5513.16,348878,3749.88428571429
2023-03-11,1057,56412,25612.15,449.24,350689.285714286,3774.91285714286
2023-03-12,2230,193569,76009.03,1299.84,373017.428571429,3910.75857142857
2023-03-13,14658,706186,220854.07,7581.46,431606.857142857,4484.99857142857
2023-03-14,10101,527391,189021.58,5556.04,446410.857142857,4658.66285714286
2023-03-15,11610,697112,220210.09,7483.47,487033.285714286,5067.08857142857
2023-03-16,9128,466932,156606.99,5001.21,458198.571428572,4697.77428571429
2023-03-17,6391,378653,139101.4,3895.67,432322.142857143,4466.70428571429
2023-03-18,905,49308,16544.37,391.25,431307.285714286,4458.42
2023-03-19,1290,85752,36165.13,700.41,415904.857142857,4372.78714285714
2023-03-20,5720,330767,116428.74,3445.07,362273.571428571,3781.87428571429
2023-03-21,5519,425694,141393.77,3923.18,347745.428571429,3548.60857142857
2023-03-22,6792,500425,141974.47,4649.25,319647.285714286,3143.72
2023-03-23,7701,531574,129553.34,5467.59,328881.857142857,3210.34571428571
2023-03-24,4671,377951,97956.18,3224.06,328781.571428571,3114.40142857143
2023-03-25,471,29147,7094.51,187.63,325901.428571429,3085.31285714286
2023-03-26,905,57163,19488.75,370.5,321817.285714286,3038.18285714286
2023-03-27,6385,383753,127911.33,3648.7,329386.714285714,3067.27285714286
2023-03-28,5042,291679,91367.55,2752.61,310241.714285714,2900.04857142857
2023-03-29,5736,375726,113245.93,3183.43,292427.571428571,2690.64571428571
2023-03-30,6026,360923,115265.16,3893.19,268048.857142857,2465.73142857143
2023-03-31,5129,373903,101102.81,2877.37,267470.571428571,2416.20428571429
2023-04-01,1192,63079,11538.31,427.29,272318,2450.44142857143
2023-04-02,867,34378,8158.14,256.94,269063,2434.21857142857
2023-04-03,7297,338310,112167.19,3330.04,262571.142857143,2388.69571428571
2023-04-04,9573,480984,156563.18,5362.65,289614.714285714,2761.55857142857
2023-04-05,8016,564018,168826.22,5060.23,316513.571428571,3029.67285714286
2023-04-06,6683,544373,161648.37,4962.27,342720.714285714,3182.39857142857
2023-04-07,1586,429490,47012.2,1289.79,350661.714285714,2955.60142857143
2023-04-08,559,237256,17594.73,489.45,375544.142857143,2964.48142857143
2023-04-09,992,395507,28748.13,761.78,427134,3036.60142857143
2023-04-10,6855,588974,156993.16,4715.55,462943.142857143,3234.53142857143
2023-04-11,5946,391039,130718.78,3395.05,450093.857142857,2953.44571428571
2026-04-27,538048,68580352,25744879.18,605452.65,10166713,88723.7914285714
