date,contracts_nonsports,contracts_sports,notional_nonsports,notional_sports,fees_nonsports,fees_sports,contracts_parlay,share_sports,share_nonsports,share_parlay,ma7_contracts_sports,ma7_contracts_nonsports
2021-06-30,5,0,3.8,0,0.07,0,0,0,1,0,,
2021-07-01,2529,0,1187.74,0,39.54,0,0,0,1,0,,
2021-07-02,1342,0,485.55,0,16.32,0,0,0,1,0,,
2021-07-04,181,0,128.55,0,2.62,0,0,0,1,0,,
2021-07-05,941,0,477.17,0,7.34,0,0,0,1,0,,
2021-07-06,717,0,514.12,0,7.69,0,0,0,1,0,,
2021-07-07,1402,0,583.77,0,16.69,0,0,0,1,0,0,1016.71428571429
2021-07-08,14750,0,12314.81,0,113.62,0,0,0,1,0,0,3123.14285714286
2021-07-09,6510,0,4352.18,0,38.12,0,0,0,1,0,0,3691.85714285714
2021-07-10,5671,0,1925.22,0,11.43,0,0,0,1,0,0,4310.28571428571
2021-07-11,1602,0,504.97,0,22.3,0,0,0,1,0,0,4513.28571428572
2021-07-12,3823,0,1296.18,0,27.47,0,0,0,1,0,0,4925
2021-07-13,12325,0,3796.14,0,76.22,0,0,0,1,0,0,6583.28571428572
2021-07-14,3303,0,954.48,0,32.21,0,0,0,1,0,0,6854.85714285714
2021-07-15,7496,0,2722.37,0,71.7,0,0,0,1,0,0,5818.57142857143
2021-07-16,6346,0,3244,0,74.9,0,0,0,1,0,0,5795.14285714286
2021-07-17,9361,0,7170.97,0,62.68,0,0,0,1,0,0,6322.28571428572
2021-07-18,7507,0,5356.84,0,59.12,0,0,0,1,0,0,7165.85714285714
2021-07-19,13332,0,3641.95,0,113.64,0,0,0,1,0,0,8524.28571428571
2021-07-20,24303,0,6011.5,0,191.36,0,0,0,1,0,0,10235.4285714286
2021-07-21,11003,0,4702.42,0,96.84,0,0,0,1,0,0,11335.4285714286
2021-07-22,21820,0,7648.77,0,162.87,0,0,0,1,0,0,13381.7142857143
2021-07-23,10619,0,4833.29,0,129.94,0,0,0,1,0,0,13992.1428571429
2021-07-24,29530,0,13890.22,0,221.36,0,0,0,1,0,0,16873.4285714286
2021-07-25,10396,0,1869.65,0,66.36,0,0,0,1,0,0,17286.1428571429
2021-07-26,21404,0,5017.81,0,196.3,0,0,0,1,0,0,18439.2857142857
2021-07-27,21242,0,7588.77,0,153.67,0,0,0,1,0,0,18002
2021-07-28,12998,0,7761.11,0,102.26,0,0,0,1,0,0,18287
2021-07-29,27129,0,10636.45,0,268.61,0,0,0,1,0,0,19045.4285714286
2021-07-30,30172,0,16588.56,0,259.93,0,0,0,1,0,0,21838.7142857143
2021-07-31,28025,0,10465.13,0,218.25,0,0,0,1,0,0,21623.7142857143
2021-08-01,33086,0,19784.18,0,364.63,0,0,0,1,0,0,24865.1428571429
2021-08-02,25664,0,11844.03,0,223.73,0,0,0,1,0,0,25473.7142857143
2021-08-03,48918,0,17144.4,0,475.98,0,0,0,1,0,0,29427.4285714286
2021-08-04,87876,0,54154.43,0,747.5,0,0,0,1,0,0,40124.2857142857
2021-08-05,80019,0,45867.68,0,711.86,0,0,0,1,0,0,47680
2021-08-06,90554,0,53463.36,0,661.12,0,0,0,1,0,0,56306
2021-08-07,50105,0,28786.21,0,419.8,0,0,0,1,0,0,59460.2857142857
2021-08-08,33774,0,11055.22,0,331.03,0,0,0,1,0,0,59558.5714285714
2021-08-09,86624,0,26274.26,0,715.58,0,0,0,1,0,0,68267.1428571429
2021-08-10,79820,0,32507.73,0,798.9,0,0,0,1,0,0,72681.7142857143
2021-08-11,87803,0,33856.45,0,761.74,0,0,0,1,0,0,72671.2857142857
2021-08-12,61470,0,16133.11,0,588.88,0,0,0,1,0,0,70021.4285714286
2021-08-13,91131,0,42653.24,0,914.95,0,0,0,1,0,0,70103.8571428571
2021-08-14,31871,0,8185.81,0,312.25,0,0,0,1,0,0,67499
2021-08-15,67325,0,6919.55,0,306.48,0,0,0,1,0,0,72292
2021-08-16,31181,0,14818.28,0,278.01,0,0,0,1,0,0,64371.5714285714
2021-08-17,79460,0,24715.64,0,505.72,0,0,0,1,0,0,64320.1428571429
2021-08-18,51525,0,26784.03,0,562.11,0,0,0,1,0,0,59137.5714285714
2021-08-19,60582,0,40367.45,0,548.48,0,0,0,1,0,0,59010.7142857143
2021-08-20,74500,0,30696.69,0,798.42,0,0,0,1,0,0,56634.8571428572
2021-08-21,60178,0,28969.53,0,545.78,0,0,0,1,0,0,60678.7142857143
2021-08-22,104766,0,41013.84,0,975.58,0,0,0,1,0,0,66027.4285714286
2021-08-23,42422,0,12309.81,0,297.56,0,0,0,1,0,0,67633.2857142857
2021-08-24,76878,0,37302.05,0,822,0,0,0,1,0,0,67264.4285714286
2021-08-25,72343,0,28220.46,0,628.89,0,0,0,1,0,0,70238.4285714286
2021-08-26,66374,0,27258.45,0,501.69,0,0,0,1,0,0,71065.8571428572
2021-08-27,102320,0,64781.33,0,770.38,0,0,0,1,0,0,75040.1428571429
2021-08-28,53494,0,30208.42,0,365.58,0,0,0,1,0,0,74085.2857142857
2021-08-29,73089,0,33964.91,0,504.09,0,0,0,1,0,0,69560
2021-08-30,53405,0,25548.64,0,610.64,0,0,0,1,0,0,71129
2021-08-31,65926,0,25442.05,0,604.93,0,0,0,1,0,0,69564.4285714286
2021-09-01,127954,0,97837.52,0,828.03,0,0,0,1,0,0,77508.8571428572
2021-09-02,29666,0,8816.48,0,282.98,0,0,0,1,0,0,72264.8571428571
2021-09-03,65368,0,31652.36,0,616.13,0,0,0,1,0,0,66986
2021-09-04,61099,0,37332.58,0,635.11,0,0,0,1,0,0,68072.4285714286
2021-09-05,38107,0,17493.98,0,246.39,0,0,0,1,0,0,63075
2021-09-06,35063,0,20329.41,0,191.43,0,0,0,1,0,0,60454.7142857143
2021-09-07,34211,0,12019.21,0,300.88,0,0,0,1,0,0,55924
2021-09-08,54694,0,27212.43,0,588.94,0,0,0,1,0,0,45458.2857142857
2021-09-09,45528,0,28388.75,0,404.96,0,0,0,1,0,0,47724.2857142857
2021-09-10,53404,0,27810.79,0,532.27,0,0,0,1,0,0,46015.1428571429
2021-09-11,27444,0,16882.64,0,213.39,0,0,0,1,0,0,41207.2857142857
2021-09-12,27722,0,16574.64,0,296.42,0,0,0,1,0,0,39723.7142857143
2021-09-13,51982,0,25219.85,0,516.61,0,0,0,1,0,0,42140.7142857143
2021-09-14,68389,0,31449.08,0,549.07,0,0,0,1,0,0,47023.2857142857
2021-09-15,69756,0,36360.94,0,558.45,0,0,0,1,0,0,49175
2021-09-16,8585,0,4396.72,0,78.78,0,0,0,1,0,0,43897.4285714286
2021-09-17,41810,0,26941.86,0,273.75,0,0,0,1,0,0,42241.1428571429
2021-09-18,6005,0,2428.8,0,27.51,0,0,0,1,0,0,39178.4285714286
2021-09-19,4608,0,1788.95,0,40.12,0,0,0,1,0,0,35876.4285714286
2021-09-20,6972,0,2253.28,0,67.57,0,0,0,1,0,0,29446.4285714286
2021-09-21,58298,0,24978.62,0,496.83,0,0,0,1,0,0,28004.8571428571
2021-09-22,48047,0,16442.63,0,412.56,0,0,0,1,0,0,24903.5714285714
2021-09-23,45841,0,25826.97,0,346.41,0,0,0,1,0,0,30225.8571428571
2021-09-24,58428,0,32684.85,0,474.44,0,0,0,1,0,0,32599.8571428571
2021-09-25,42734,0,27292.85,0,306.37,0,0,0,1,0,0,37846.8571428571
2021-09-26,33907,0,18361.37,0,350.72,0,0,0,1,0,0,42032.4285714286
2021-09-27,52048,0,31910.1,0,385.18,0,0,0,1,0,0,48471.8571428572
2021-09-28,111686,0,43985.59,0,1041.84,0,0,0,1,0,0,56098.7142857143
2021-09-29,76867,0,46917.26,0,532.72,0,0,0,1,0,0,60215.8571428572
2021-09-30,98692,1484,25542.42,925.39,701.35,24.2,0,0.0148,0.9852,0,212,67766
2021-10-01,52838,13,19789.21,9.1,532.42,0.2,0,2e-04,0.9998,0,213.857142857143,66967.4285714286
2021-10-02,30442,0,15520.7,0,265.93,0,0,0,1,0,213.857142857143,65211.4285714286
2021-10-03,20678,171,11891.96,119.7,192.86,2.52,0,0.0082,0.9918,0,238.285714285714,63321.5714285714
2021-10-04,51561,1470,24967.25,1195.43,522.01,15.45,0,0.0277,0.9723,0,448.285714285714,63252
2021-10-05,52898,2485,21172.52,2317.52,618.17,10.98,0,0.0449,0.9551,0,803.285714285714,54853.7142857143
2021-10-06,95863,54,46631.08,51.97,868.26,0.16,0,6e-04,0.9994,0,811,57567.4285714286
2021-10-07,58174,900,34756.28,314.28,518.88,14.13,0,0.0152,0.9848,0,727.571428571429,51779.1428571429
2021-10-08,52721,1301,30217.67,509.7,470.28,21.58,0,0.0241,0.9759,0,911.571428571429,51762.4285714286
2021-10-09,15092,17,9139.17,6.56,133.64,0.3,0,0.0011,0.9989,0,914,49569.5714285714
2021-10-10,17772,15,6103.49,5.41,148.86,0.26,0,8e-04,0.9992,0,891.714285714286,49154.4285714286
2021-10-11,29243,402,12613.38,138.7,281.78,6.44,0,0.0136,0.9864,0,739.142857142857,45966.1428571429
2021-10-12,44692,1053,25881.66,288.37,351.17,14.63,0,0.023,0.977,0,534.571428571429,44793.8571428571
2021-10-13,68776,35,33757.09,6.87,674.9,0.51,0,5e-04,0.9995,0,531.857142857143,40924.2857142857
2021-10-14,50654,0,25559.91,0,436.6,0,0,0,1,0,403.285714285714,39850
2021-10-15,30864,466,18893.59,235.49,232.56,8.22,0,0.0149,0.9851,0,284,36727.5714285714
2021-10-16,20832,25,10850.13,11,160.73,0.44,0,0.0012,0.9988,0,285.142857142857,37547.5714285714
2021-10-17,14255,653,8339.85,273.23,91.68,11.16,0,0.0438,0.9562,0,376.285714285714,37045.1428571429
2021-10-18,33670,449,15032.93,132.58,373.19,6.59,0,0.0132,0.9868,0,383,37677.5714285714
2021-10-19,49011,858,20259.2,337.13,587.94,14.19,0,0.0172,0.9828,0,355.142857142857,38294.5714285714
2021-10-20,79545,363,32004.84,165.18,809.7,6.36,0,0.0045,0.9955,0,402,39833
2021-10-21,63785,21,27153.32,8.51,685.69,0.37,0,3e-04,0.9997,0,405,41708.8571428571
2021-10-22,40966,495,13639.25,161.84,362.08,7.65,0,0.0119,0.9881,0,409.142857142857,43152
2021-10-23,20550,16,10996.35,4.27,152.84,0.25,0,8e-04,0.9992,0,407.857142857143,43111.7142857143
2021-10-24,18463,485,6175.48,104.39,166.54,5.75,0,0.0256,0.9744,0,383.857142857143,43712.8571428571
2021-10-25,52813,525,22219.37,74.82,454.62,4.58,0,0.0098,0.9902,0,394.714285714286,46447.5714285714
2021-10-26,58010,457,20051.58,44.57,517.37,2.85,0,0.0078,0.9922,0,337.428571428571,47733.1428571429
2021-10-27,67550,217,30133.88,27.58,680.64,1.74,0,0.0032,0.9968,0,316.571428571429,46019.5714285714
2021-10-28,95594,63,39293.74,7.05,977.22,0.46,0,7e-04,0.9993,0,322.571428571429,50563.7142857143
2021-10-29,56207,907,18216.22,100.5,455.79,6.27,0,0.0159,0.9841,0,381.428571428571,52741
2021-10-30,45770,0,26432.52,0,370.12,0,0,0,1,0,379.142857142857,56343.8571428572
2021-10-31,27240,0,10969.29,0,197.59,0,0,0,1,0,309.857142857143,57597.7142857143
2021-11-01,71665,2438,36096.37,399.62,746.26,17.73,0,0.0329,0.9671,0,583.142857142857,60290.8571428571
2021-11-02,83689,3390,36677.11,2288.32,827.02,30.08,0,0.0389,0.9611,0,1002.14285714286,63959.2857142857
2021-11-03,156415,4431,53581.96,2646.17,1668.39,65.61,0,0.0275,0.9725,0,1604.14285714286,76654.2857142857
2021-11-04,104836,1523,35244.48,937.49,1104.9,24.31,0,0.0143,0.9857,0,1812.71428571429,77974.5714285714
2021-11-05,204597,2569,77346.3,1368.61,2296.39,41.15,0,0.0124,0.9876,0,2050.14285714286,99173.1428571429
2021-11-06,76155,2487,35364.94,445.75,741.83,24.61,0,0.0316,0.9684,0,2405.42857142857,103513.857142857
2021-11-07,34875,3652,9618.65,1446.55,323.92,57.26,0,0.0948,0.9052,0,2927.14285714286,104604.571428571
2021-11-08,99629,8644,40353.1,1592.51,783.59,90.44,0,0.0798,0.9202,0,3813.71428571429,108599.428571429
2021-11-09,70718,945,26255.91,280.72,692.21,12.87,0,0.0132,0.9868,0,3464.42857142857,106746.428571429
2021-11-10,69298,323,32580.54,66.71,560.44,3.51,0,0.0046,0.9954,0,2877.57142857143,94301.1428571429
2021-11-11,55372,1768,24335.17,435.28,574.33,20.83,0,0.0309,0.9691,0,2912.57142857143,87234.8571428572
2021-11-12,32367,7503,15335.47,1778.88,235.87,85.19,0,0.1882,0.8118,0,3617.42857142857,62630.5714285714
2021-11-13,29523,1379,17576.1,291.73,286.25,16.14,0,0.0446,0.9554,0,3459.14285714286,55968.8571428571
2021-11-14,44325,704,14259.27,118.76,425.72,6.82,0,0.0156,0.9844,0,3038,57318.8571428572
2021-11-15,52824,2562,21202.02,499.1,598.24,27.57,0,0.0463,0.9537,0,2169.14285714286,50632.4285714286
2021-11-16,68874,1020,28455.82,159.2,804.64,9.23,0,0.0146,0.9854,0,2179.85714285714,50369
2021-11-17,72557,792,40373.57,95.96,825.32,5.77,0,0.0108,0.9892,0,2246.85714285714,50834.5714285714
2021-11-18,104207,1819,69265.69,204.36,720.81,12.27,0,0.0172,0.9828,0,2254.14285714286,57811
2021-11-19,70744,235,35511.25,13.35,551.86,0.9,0,0.0033,0.9967,0,1215.85714285714,63293.4285714286
2021-11-20,27624,1815,12549.75,80.75,290.16,5.42,0,0.0617,0.9383,0,1278.14285714286,63022.1428571429
2021-11-21,21855,276,12315.47,51.48,225.41,2.95,0,0.0125,0.9875,0,1217,59812.1428571429
2021-11-22,68811,3166,18692.65,277.72,485.69,16.94,0,0.044,0.956,0,1303.28571428571,62096
2021-11-23,73795,1642,27849.87,248.22,720.08,14.76,0,0.0218,0.9782,0,1392.14285714286,62799
2021-11-24,64173,510,24624.48,71,465.52,4.29,0,0.0079,0.9921,0,1351.85714285714,61601.2857142857
2021-11-25,44655,76,17034.07,10.68,469.99,0.64,0,0.0017,0.9983,0,1102.85714285714,53093.8571428572
2021-11-26,64653,57,24670.27,16.38,796.25,0.83,0,9e-04,0.9991,0,1077.42857142857,52223.7142857143
2021-11-27,40880,0,12769.64,0,408.17,0,0,0,1,0,818.142857142857,54117.4285714286
2021-11-28,31190,673,9177.73,88.61,276.97,5.36,0,0.0211,0.9789,0,874.857142857143,55451
2021-11-29,74348,5916,26760.18,737.19,684.04,44.44,0,0.0737,0.9263,0,1267.71428571429,56242
2021-11-30,107065,3233,51114.21,463.37,971.85,27.61,0,0.0293,0.9707,0,1495,60994.8571428572
2021-12-01,89367,788,41797.96,130.42,956.12,7.42,0,0.0087,0.9913,0,1534.71428571429,64594
2021-12-02,123305,1611,56953.82,168.59,1146.67,10.47,0,0.0129,0.9871,0,1754,75829.7142857143
2021-12-03,70837,166,29331.35,18.75,626.03,1.1,0,0.0023,0.9977,0,1769.57142857143,76713.1428571429
2021-12-04,38941,94,20612.57,8.11,336.72,0.55,0,0.0024,0.9976,0,1783,76436.1428571429
2021-12-05,36741,378,15704.43,58.66,384.37,3.08,0,0.0102,0.9898,0,1740.85714285714,77229.1428571429
2021-12-06,66450,868,32885.64,74.63,676.19,4.59,0,0.0129,0.9871,0,1019.71428571429,76100.8571428572
2021-12-07,100759,194,46964.01,43.08,1061.14,2.32,0,0.0019,0.9981,0,585.571428571429,75200
2021-12-08,59290,287,33447.86,18.46,678.16,1.23,0,0.0048,0.9952,0,514,70903.2857142857
2021-12-09,111043,60,52346.75,3.82,1213.39,0.23,0,5e-04,0.9995,0,292.428571428571,69151.5714285714
2021-12-10,99348,100,70003.9,1,802.83,0.07,0,0.001,0.999,0,283,73224.5714285714
2021-12-11,46171,132,23711.58,9.92,476.07,0.65,0,0.0029,0.9971,0,288.428571428571,74257.4285714286
2021-12-12,40345,504,23678.99,5.04,386.94,0.35,0,0.0123,0.9877,0,306.428571428571,74772.2857142857
2021-12-13,96767,1026,48033.47,65.64,968.64,4.25,0,0.0105,0.9895,0,329,79103.2857142857
2021-12-14,244230,365,138793.09,32.32,2145.84,1.8,0,0.0015,0.9985,0,353.428571428571,99599.1428571429
2021-12-15,152874,1056,86308.87,71.2,1409.04,4.55,0,0.0069,0.9931,0,463.285714285714,112968.285714286
2021-12-16,107787,557,62648.55,114.37,824.59,6.48,0,0.0051,0.9949,0,534.285714285714,112503.142857143
2021-12-17,103641,623,57604.06,30.59,1087.73,2.06,0,0.006,0.994,0,609,113116.428571429
2021-12-18,39194,0,19627.38,0,362.98,0,0,0,1,0,590.142857142857,112119.714285714
2021-12-19,56626,678,28520.06,22.89,513.15,1.54,0,0.0118,0.9882,0,615,114445.571428571
2021-12-20,159922,1040,101140.25,27.1,1493.19,1.79,0,0.0065,0.9935,0,617,123467.714285714
2021-12-21,125171,172,75704.68,5.13,1060.89,0.39,0,0.0014,0.9986,0,589.428571428571,106459.285714286
2021-12-22,116076,121,69038.14,18.13,923.5,1.06,0,0.001,0.999,0,455.857142857143,101202.428571429
2021-12-23,70143,207,33710.13,3.24,697.14,0.25,0,0.0029,0.9971,0,405.857142857143,95824.7142857143
2021-12-24,90499,0,55302.36,0,892.95,0,0,0,1,0,316.857142857143,93947.2857142857
2021-12-25,36799,0,20372.23,0,331.13,0,0,0,1,0,316.857142857143,93605.1428571429
2021-12-26,26915,0,10732.89,0,213.1,0,0,0,1,0,220,89360.7142857143
2021-12-27,58479,0,35508.61,0,535.49,0,0,0,1,0,71.4285714285714,74868.8571428572
2021-12-28,205155,171,127736.83,35.84,1886.49,2,0,8e-04,0.9992,0,71.2857142857143,86295.1428571429
2021-12-29,135577,36,85621.44,1.08,990.75,0.08,0,3e-04,0.9997,0,59.1428571428572,89081
2021-12-30,70278,113,41546.03,2.26,655.98,0.16,0,0.0016,0.9984,0,45.7142857142857,89100.2857142857
2021-12-31,94046,6,58973.36,1.14,818.65,0.07,0,1e-04,0.9999,0,46.5714285714286,89607
2022-01-01,43446,6,29050.51,1.14,386.05,0.07,0,1e-04,0.9999,0,47.4285714285714,90556.5714285714
2022-01-02,39249,0,26341.66,0,415.62,0,0,0,1,0,47.4285714285714,92318.5714285714
2022-01-03,106238,121,63684.81,22.69,1015.03,1.3,0,0.0011,0.9989,0,64.7142857142857,99141.2857142857
2022-01-04,206436,0,157423.29,0,1494.27,0,0,0,1,0,40.2857142857143,99324.2857142857
2022-01-05,163435,23,83310.07,4.6,1473.49,0.26,0,1e-04,0.9999,0,38.4285714285714,103304
2022-01-06,78674,13,44066.67,2.48,756.83,0.15,0,2e-04,0.9998,0,24.1428571428571,104503.428571429
2022-01-07,180867,0,103729.6,0,1556.29,0,0,0,1,0,23.2857142857143,116906.428571429
2022-01-08,65586,0,31824.63,0,517.12,0,0,0,1,0,22.4285714285714,120069.285714286
2022-01-09,61070,0,23819.73,0,455.98,0,0,0,1,0,22.4285714285714,123186.571428571
2022-01-10,183387,156,104893.76,25.3,1689.18,1.5,0,8e-04,0.9992,0,27.4285714285714,134207.857142857
2022-01-11,245892,0,124567.47,0,1885.41,0,0,0,1,0,27.4285714285714,139844.428571429
2022-01-12,109310,0,48326.01,0,1137.88,0,0,0,1,0,24.1428571428571,132112.285714286
2022-01-13,181734,0,80505.7,0,1741.71,0,0,0,1,0,22.2857142857143,146835.142857143
2022-01-14,141327,0,40764.87,0,1043.47,0,0,0,1,0,22.2857142857143,141186.571428571
2022-01-15,105482,0,21211.35,0,548.57,0,0,0,1,0,22.2857142857143,146886
2022-01-16,62070,0,23016.77,0,469.15,0,0,0,1,0,22.2857142857143,147028.857142857
2022-01-17,96211,0,34388.3,0,1012.58,0,0,0,1,0,0,134575.142857143
2022-01-18,149211,139,49836.12,20.85,1255.36,1.25,0,9e-04,0.9991,0,19.8571428571429,120763.571428571
2022-01-19,92322,716,29789.68,112.68,804.5,6.68,0,0.0077,0.9923,0,122.142857142857,118336.714285714
2022-01-20,101760,568,31261.84,91.74,776.83,5.4,0,0.0056,0.9944,0,203.285714285714,106911.857142857
2022-01-21,64192,0,18719.14,0,508.63,0,0,0,1,0,203.285714285714,95892.5714285714
2022-01-22,56967,34,20670.88,5.84,455.87,0.35,0,6e-04,0.9994,0,208.142857142857,88961.8571428571
2022-01-23,43375,0,16559.62,0,323.55,0,0,0,1,0,208.142857142857,86291.1428571429
2022-01-24,71091,0,31007.25,0,664.13,0,0,0,1,0,208.142857142857,82702.5714285714
2022-01-25,70131,150,30461.99,22.39,533.64,1.35,0,0.0021,0.9979,0,209.714285714286,71405.4285714286
2022-01-26,126303,86,64220.75,12.04,1090.63,0.73,0,7e-04,0.9993,0,119.714285714286,76259.8571428572
2022-01-27,73760,0,40872.86,0,706.61,0,0,0,1,0,38.5714285714286,72259.8571428572
2022-01-28,90883,0,38021.03,0,758.6,0,0,0,1,0,38.5714285714286,76072.8571428572
2022-01-29,61472,133,29840.69,18.84,380.4,1.16,0,0.0022,0.9978,0,52.7142857142857,76716.4285714286
2022-01-30,32429,0,12398.55,0,270.42,0,0,0,1,0,52.7142857142857,75152.7142857143
2022-01-31,85999,75,22817.83,9.75,536.67,0.6,0,9e-04,0.9991,0,63.4285714285714,77282.4285714286
2022-02-01,78029,172,31521.62,22.44,798.4,1.39,0,0.0022,0.9978,0,66.5714285714286,78410.7142857143
2022-02-02,79924,0,33200.19,0,705.36,0,0,0,1,0,54.2857142857143,71785.1428571429
2022-02-03,97452,0,53124.51,0,875.79,0,0,0,1,0,54.2857142857143,75169.7142857143
2022-02-04,108259,201,52992.99,22.85,1050.66,1.44,0,0.0019,0.9981,0,83,77652
2022-02-05,40032,0,15783.59,0,409.05,0,0,0,1,0,64,74589.1428571429
2022-02-06,56828,62,20142.78,6.49,489.8,0.41,0,0.0011,0.9989,0,72.8571428571429,78074.7142857143
2022-02-07,73321,0,34104.52,0,679.11,0,0,0,1,0,62.1428571428572,76263.5714285714
2022-02-08,138421,111,74441.5,11.31,1120.86,0.73,0,8e-04,0.9992,0,53.4285714285714,84891
2022-02-09,86265,845,40492.12,104.55,775.24,6.45,0,0.0097,0.9903,0,174.142857142857,85796.8571428572
2022-02-10,164589,25,79734.15,3.25,1832.36,0.2,0,2e-04,0.9998,0,177.714285714286,95387.8571428572
2022-02-11,116612,392,64109.2,38.82,1138.76,2.47,0,0.0034,0.9966,0,205,96581.1428571429
2022-02-12,45920,202,23831.37,16.16,484.52,1.05,0,0.0044,0.9956,0,233.857142857143,97422.2857142857
2022-02-13,65466,0,32886.61,0,643.94,0,0,0,1,0,225,98656.2857142857
2022-02-14,74418,323,41271.83,21.78,708.61,1.43,0,0.0043,0.9957,0,271.142857142857,98813
2022-02-15,141937,0,51162.16,0,969.48,0,0,0,1,0,255.285714285714,99315.2857142857
2022-02-16,107639,0,45418.42,0,1052.01,0,0,0,1,0,134.571428571429,102368.714285714
2022-02-17,105045,0,36480.35,0,765.79,0,0,0,1,0,131,93862.4285714286
2022-02-18,73789,162,31154.65,9.62,767.58,0.65,0,0.0022,0.9978,0,98.1428571428571,87744.8571428572
2022-02-19,24866,311,12395.21,15.55,231.23,1.04,0,0.0124,0.9876,0,113.714285714286,84737.1428571429
2022-02-20,34664,0,19234.15,0,323.04,0,0,0,1,0,113.714285714286,80336.8571428572
2022-02-21,50389,336,27525.55,13.44,524.31,0.91,0,0.0066,0.9934,0,115.571428571429,76904.1428571429
2022-02-22,100344,221,44152.14,11.37,826.12,0.77,0,0.0022,0.9978,0,147.142857142857,70962.2857142857
2022-02-23,108229,382,47930.26,24.23,1086.36,1.61,0,0.0035,0.9965,0,201.714285714286,71046.5714285714
2022-02-24,124120,0,59142.36,0,1056.08,0,0,0,1,0,201.714285714286,73771.5714285714
2022-02-25,137739,125,70965.69,8.52,764.09,0.57,0,9e-04,0.9991,0,196.428571428571,82907.2857142857
2022-02-26,27195,465,11522.98,19.14,244.99,1.29,0,0.0168,0.9832,0,218.428571428571,83240
2022-02-27,53974,0,20834.72,0,555.04,0,0,0,1,0,218.428571428571,85998.5714285714
2022-02-28,74360,465,31525,13.95,635.19,0.95,0,0.0062,0.9938,0,236.857142857143,89423
2022-03-01,105861,50,57460.38,0.76,953.93,0.06,0,5e-04,0.9995,0,212.428571428571,90211.1428571429
2022-03-02,118522,517,60435.21,19.06,871.51,1.3,0,0.0043,0.9957,0,231.714285714286,91681.5714285714
2022-03-03,68812,300,33392.37,3.88,572.79,0.29,0,0.0043,0.9957,0,274.571428571429,83780.4285714286
2022-03-04,67991,0,23303.24,0,623.15,0,0,0,1,0,256.714285714286,73816.4285714286
2022-03-05,25574,0,13426.87,0,265.28,0,0,0,1,0,190.285714285714,73584.8571428572
2022-03-06,32990,60,15939.32,0.6,329.7,0.06,0,0.0018,0.9982,0,198.857142857143,70587.1428571429
2022-03-07,79146,0,40055.88,0,735.02,0,0,0,1,0,132.428571428571,71270.8571428572
2022-03-08,126696,0,63487.24,0,1192.72,0,0,0,1,0,125.285714285714,74247.2857142857
2022-03-09,123614,0,73545.75,0,1265.4,0,0,0,1,0,51.4285714285714,74974.7142857143
2022-03-10,121011,0,76206.46,0,1183.93,0,0,0,1,0,8.57142857142857,82431.7142857143
2022-03-11,73457,171,36275.81,5.1,817.79,0.36,0,0.0023,0.9977,0,33,83212.5714285714
2022-03-12,31934,0,11307.42,0,323.81,0,0,0,1,0,33,84121.1428571429
2022-03-13,50021,150,21417.82,3.75,538.48,0.27,0,0.003,0.997,0,45.8571428571429,86554.1428571429
2022-03-14,108989,0,44138.64,0,1060.72,0,0,0,1,0,45.8571428571429,90817.4285714286
2022-03-15,81331,0,31578.96,0,703.04,0,0,0,1,0,45.8571428571429,84336.7142857143
2022-03-16,111388,0,63040.99,0,947.82,0,0,0,1,0,45.8571428571429,82590.1428571429
2022-03-17,77387,0,35030.66,0,807.7,0,0,0,1,0,45.8571428571429,76358.1428571429
2022-03-18,71571,0,33113.82,0,808.45,0,0,0,1,0,21.4285714285714,76088.7142857143
2022-03-19,41162,0,15816.19,0,352.16,0,0,0,1,0,21.4285714285714,77407
2022-03-20,75930,0,33344.9,0,630.08,0,0,0,1,0,0,81108.2857142857
2022-03-21,91825,0,42616.49,0,979.48,0,0,0,1,0,0,78656.2857142857
2022-03-22,105660,0,44915.77,0,1216.84,0,0,0,1,0,0,82131.8571428571
2022-03-23,74456,0,34453.17,0,763.07,0,0,0,1,0,0,76855.8571428572
2022-03-24,63922,0,24367.9,0,702.26,0,0,0,1,0,0,74932.2857142857
2022-03-25,117921,0,56797.61,0,908.9,0,0,0,1,0,0,81553.7142857143
2022-03-26,26301,0,13254.36,0,272.89,0,0,0,1,0,0,79430.7142857143
2022-03-27,128697,0,49668.11,0,968.79,0,0,0,1,0,0,86968.8571428572
2022-03-28,85505,0,40000.08,0,892.12,0,0,0,1,0,0,86066
2022-03-29,65826,0,28422.18,0,671.03,0,0,0,1,0,0,80375.4285714286
2022-03-30,56493,0,25879.35,0,581.49,0,0,0,1,0,0,77809.2857142857
2022-03-31,69176,0,25953.55,0,762.17,0,0,0,1,0,0,78559.8571428572
2022-04-01,77086,0,40055.79,0,661.7,0,0,0,1,0,0,72726.2857142857
2022-04-02,31047,0,10633.15,0,223.13,0,0,0,1,0,0,73404.2857142857
2022-04-03,159122,0,37298.28,0,1226.29,0,0,0,1,0,0,77750.7142857143
2022-04-04,59198,0,29445.97,0,581,0,0,0,1,0,0,73992.5714285714
2022-04-05,91845,0,44399.59,0,846.49,0,0,0,1,0,0,77709.5714285714
2022-04-06,90483,0,41936.74,0,725.76,0,0,0,1,0,0,82565.2857142857
2022-04-07,51785,0,22122.16,0,468.24,0,0,0,1,0,0,80080.8571428571
2022-04-08,39737,0,23088.63,0,311.72,0,0,0,1,0,0,74745.2857142857
2022-04-09,24136,0,11729.56,0,239.07,0,0,0,1,0,0,73758
2022-04-10,27645,0,16716.28,0,264.97,0,0,0,1,0,0,54975.5714285714
2022-04-11,81946,0,46060.43,0,930.76,0,0,0,1,0,0,58225.2857142857
2022-04-12,124756,0,45902.79,0,975.49,0,0,0,1,0,0,62926.8571428572
2022-04-13,117686,0,72830.67,0,934.35,0,0,0,1,0,0,66813
2022-04-14,66920,0,28374.24,0,710.34,0,0,0,1,0,0,68975.1428571429
2022-04-15,49967,0,20964.51,0,544.94,0,0,0,1,0,0,70436.5714285714
2022-04-16,24853,0,11789.51,0,167.15,0,0,0,1,0,0,70539
2022-04-17,18045,0,10015.11,0,171.69,0,0,0,1,0,0,69167.5714285714
2022-04-18,120543,0,70570.91,0,880.88,0,0,0,1,0,0,74681.4285714286
2022-04-19,106842,0,40379.29,0,999.56,0,0,0,1,0,0,72122.2857142857
2022-04-20,89173,0,38097.54,0,864.96,0,0,0,1,0,0,68049
2022-04-21,87554,0,39681.68,0,800.2,0,0,0,1,0,0,70996.7142857143
2022-04-22,91048,0,40983.51,0,652.34,0,0,0,1,0,0,76865.4285714286
2022-04-23,45073,0,24736.96,0,371.05,0,0,0,1,0,0,79754
2022-04-24,48182,0,28712.24,0,380.97,0,0,0,1,0,0,84059.2857142857
2022-04-25,129105,0,73826.94,0,698.91,0,0,0,1,0,0,85282.4285714286
2022-04-26,140114,0,49731.11,0,1002.23,0,0,0,1,0,0,90035.5714285714
2022-04-27,176242,0,81421.57,0,1362.4,0,0,0,1,0,0,102474
2022-04-28,331904,0,185745.81,0,2051.34,0,0,0,1,0,0,137381.142857143
2022-04-29,367035,0,145730.11,0,2675.36,0,0,0,1,0,0,176807.857142857
2022-04-30,60634,0,26449.69,0,513.31,0,0,0,1,0,0,179030.857142857
2022-05-01,73689,0,22094.72,0,452.33,0,0,0,1,0,0,182674.714285714
2022-05-02,329185,0,90750.26,0,1978.81,0,0,0,1,0,0,211257.571428571
2022-05-03,421719,0,129638.46,0,2753.87,0,0,0,1,0,0,251486.857142857
2022-05-04,558283,0,145468.11,0,3258.78,0,0,0,1,0,0,306064.142857143
2022-05-05,530362,0,103081.04,0,2455.13,0,0,0,1,0,0,334415.285714286
2022-05-06,438913,0,121657.44,0,3771.17,0,0,0,1,0,0,344683.571428571
2022-05-07,59888,0,23460.6,0,513.16,0,0,0,1,0,0,344577
2022-05-08,88312,0,30599.08,0,707.22,0,0,0,1,0,0,346666
2022-05-09,342013,0,81525.19,0,2422.58,0,0,0,1,0,0,348498.571428571
2022-05-10,449034,0,98485.04,0,3018.92,0,0,0,1,0,0,352400.714285714
2022-05-11,553457,0,108722.96,0,3738.09,0,0,0,1,0,0,351711.285714286
2022-05-12,366060,0,75889.7,0,2519.31,0,0,0,1,0,0,328239.571428571
2022-05-13,235664,0,69195.14,0,1763.14,0,0,0,1,0,0,299204
2022-05-14,35167,0,17234.58,0,315.23,0,0,0,1,0,0,295672.428571429
2022-05-15,51045,0,24697.29,0,488.55,0,0,0,1,0,0,290348.571428571
2022-05-16,270107,0,68189.77,0,2083.62,0,0,0,1,0,0,280076.285714286
2022-05-17,276392,0,73925.23,0,2383.82,0,0,0,1,0,0,255413.142857143
2022-05-18,311154,0,93949.77,0,2367.14,0,0,0,1,0,0,220798.428571429
2022-05-19,414810,0,88563.54,0,3403.44,0,0,0,1,0,0,227762.714285714
2022-05-20,235539,0,77711.01,0,2197.65,0,0,0,1,0,0,227744.857142857
2022-05-21,56126,0,29596.37,0,373.02,0,0,0,1,0,0,230739
2022-05-22,91319,0,21317.68,0,654.41,0,0,0,1,0,0,236492.428571429
2022-05-23,297257,0,59881.54,0,2113.99,0,0,0,1,0,0,240371
2022-05-24,326492,0,75205.06,0,2735.69,0,0,0,1,0,0,247528.142857143
2022-05-25,328680,0,71049.54,0,2635.48,0,0,0,1,0,0,250031.857142857
2022-05-26,226775,0,49694.14,0,1643.85,0,0,0,1,0,0,223169.714285714
2022-05-27,213984,0,63324.98,0,1890.69,0,0,0,1,0,0,220090.428571429
2022-05-28,35152,0,14984.28,0,327.17,0,0,0,1,0,0,217094.142857143
2022-05-29,74279,0,12722.9,0,393.69,0,0,0,1,0,0,214659.857142857
2022-05-30,52234,0,13086.42,0,424.85,0,0,0,1,0,0,179656.571428571
2022-05-31,291010,0,64544.73,0,2056.29,0,0,0,1,0,0,174587.714285714
2022-06-01,329806,0,97288.29,0,2688.17,0,0,0,1,0,0,174748.571428571
2022-06-02,329836,0,88087.97,0,2642.81,0,0,0,1,0,0,189471.571428571
2022-06-03,311595,0,77016.79,0,2161.24,0,0,0,1,0,0,203416
2022-06-04,53745,0,14785.17,0,430.34,0,0,0,1,0,0,206072.142857143
2022-06-05,60467,0,18598.06,0,428.54,0,0,0,1,0,0,204099
2022-06-06,354671,0,69676.92,0,2403.86,0,0,0,1,0,0,247304.285714286
2022-06-07,401599,0,99742.5,0,2908.85,0,0,0,1,0,0,263102.714285714
2022-06-08,349034,0,90022.28,0,2542.25,0,0,0,1,0,0,265849.571428571
2022-06-09,387970,0,115699.92,0,3425.36,0,0,0,1,0,0,274154.428571429
2022-06-10,562616,0,158366.57,0,5130.56,0,0,0,1,0,0,310014.571428571
2022-06-11,68409,0,21206.92,0,620.58,0,0,0,1,0,0,312109.428571429
2022-06-12,238423,0,36608.19,0,1259.43,0,0,0,1,0,0,337531.714285714
2022-06-13,511244,0,172502.45,0,4950.02,0,0,0,1,0,0,359899.285714286
2022-06-14,536208,0,177580.81,0,4655.59,0,0,0,1,0,0,379129.142857143
2022-06-15,537681,0,168982.31,0,4301.09,0,0,0,1,0,0,406078.714285714
2022-06-16,311671,0,100094.54,0,2815.58,0,0,0,1,0,0,395178.857142857
2022-06-17,479062,0,146128.38,0,4438.83,0,0,0,1,0,0,383242.571428571
2022-06-18,131475,0,28513.88,0,878.8,0,0,0,1,0,0,392252
2022-06-19,131326,0,68120.16,0,784.83,0,0,0,1,0,0,376952.428571429
2022-06-20,145097,0,35515.28,0,1122.13,0,0,0,1,0,0,324645.714285714
2022-06-21,276000,0,77397.29,0,2563.5,0,0,0,1,0,0,287473.142857143
2022-06-22,408961,0,109940.64,0,3629.31,0,0,0,1,0,0,269084.571428571
2022-06-23,363898,0,89519.36,0,3349.51,0,0,0,1,0,0,276545.571428571
2022-06-24,215763,0,63302.17,0,1948.02,0,0,0,1,0,0,238931.428571429
2022-06-25,42168,0,16136.22,0,308.65,0,0,0,1,0,0,226173.285714286
2022-06-26,106583,0,24900.47,0,847.97,0,0,0,1,0,0,222638.571428571
2022-06-27,323909,0,75271.49,0,2692.6,0,0,0,1,0,0,248183.142857143
2022-06-28,355335,0,82217.3,0,2945.15,0,0,0,1,0,0,259516.714285714
2022-06-29,393273,0,98270.61,0,3057.79,0,0,0,1,0,0,257275.571428571
2022-06-30,639364,0,152393.11,0,5849.26,0,0,0,1,0,0,296627.857142857
2022-07-01,445290,0,141466.85,0,3826.16,0,0,0,1,0,0,329417.428571429
2022-07-02,85120,0,35664.41,0,622.04,0,0,0,1,0,0,335553.428571429
2022-07-03,93136,0,32918.12,0,637.09,0,0,0,1,0,0,333632.428571429
2022-07-04,54976,0,18918.67,0,470,0,0,0,1,0,0,295213.428571429
2022-07-05,406291,0,86759.95,0,3349.1,0,0,0,1,0,0,302492.857142857
2022-07-06,325699,0,87410.89,0,2958.48,0,0,0,1,0,0,292839.428571429
2022-07-07,217075,0,71308.53,0,2160.17,0,0,0,1,0,0,232512.428571429
2022-07-08,378244,0,101154.81,0,3424.93,0,0,0,1,0,0,222934.428571429
2022-07-09,99919,0,39176.58,0,773.64,0,0,0,1,0,0,225048.571428571
2022-07-10,73054,0,21113.51,0,608.9,0,0,0,1,0,0,222179.714285714
2022-07-11,316567,0,74616.28,0,2607.07,0,0,0,1,0,0,259549.857142857
2022-07-12,458376,0,127709.07,0,3872.75,0,0,0,1,0,0,266990.571428571
2022-07-13,800671,0,250930.49,0,7216.27,0,0,0,1,0,0,334843.714285714
2022-07-14,461409,0,143564.68,0,4158.56,0,0,0,1,0,0,369748.571428571
2022-07-15,266221,0,93203.92,0,2443.67,0,0,0,1,0,0,353745.285714286
2022-07-16,67221,0,23970.96,0,526.69,0,0,0,1,0,0,349074.142857143
2022-07-17,64802,0,22474.79,0,589.28,0,0,0,1,0,0,347895.285714286
2022-07-18,247439,0,75490.76,0,2152.99,0,0,0,1,0,0,338019.857142857
2022-07-19,303993,0,91290.48,0,2726.6,0,0,0,1,0,0,315965.142857143
2022-07-20,317374,0,87958.76,0,2601.97,0,0,0,1,0,0,246922.714285714
2022-07-21,216961,0,69259.44,0,1823.77,0,0,0,1,0,0,212001.571428571
2022-07-22,331593,0,113023.83,0,3032.47,0,0,0,1,0,0,221340.428571429
2022-07-23,61183,0,18147.52,0,525.62,0,0,0,1,0,0,220477.857142857
2022-07-24,74577,0,26680.23,0,600.91,0,0,0,1,0,0,221874.285714286
2022-07-25,239580,0,70540.91,0,2177.32,0,0,0,1,0,0,220751.571428571
2022-07-26,322934,0,92774.27,0,2587.73,0,0,0,1,0,0,223457.428571429
2022-07-27,431688,0,144841.7,0,3585.71,0,0,0,1,0,0,239788
2022-07-28,405373,0,140797.88,0,3687.13,0,0,0,1,0,0,266704
2022-07-29,520863,0,99821.6,0,3240.38,0,0,0,1,0,0,293742.571428571
2022-07-30,51929,0,17769.66,0,512.36,0,0,0,1,0,0,292420.571428571
2022-07-31,45511,0,11437.61,0,304.97,0,0,0,1,0,0,288268.285714286
2022-08-01,280872,0,66581.47,0,2196.12,0,0,0,1,0,0,294167.142857143
2022-08-02,344941,0,100532.35,0,3060.4,0,0,0,1,0,0,297311
2022-08-03,293164,0,97616.99,0,2569.79,0,0,0,1,0,0,277521.857142857
2022-08-04,312822,0,91173.3,0,2763.98,0,0,0,1,0,0,264300.285714286
2022-08-05,369546,0,105919.25,0,3233.31,0,0,0,1,0,0,242683.571428571
2022-08-06,69901,0,27312.15,0,582.14,0,0,0,1,0,0,245251
2022-08-07,96739,0,33250.24,0,693.84,0,0,0,1,0,0,252569.285714286
2022-08-08,492767,0,120657.61,0,4166.47,0,0,0,1,0,0,282840
2022-08-09,438859,0,115323.55,0,3129.37,0,0,0,1,0,0,296256.857142857
2022-08-10,521248,0,149459.69,0,3991.18,0,0,0,1,0,0,328840.285714286
2022-08-11,456807,0,122821.05,0,3921.54,0,0,0,1,0,0,349409.571428571
2022-08-12,352904,0,103359.82,0,2886.83,0,0,0,1,0,0,347032.142857143
2022-08-13,93344,0,19705.48,0,701.25,0,0,0,1,0,0,350381.142857143
2022-08-14,65804,0,14612.53,0,473.73,0,0,0,1,0,0,345961.857142857
2022-08-15,565301,0,124977.98,0,4609.69,0,0,0,1,0,0,356323.857142857
2022-08-16,453023,0,132190.98,0,3830.85,0,0,0,1,0,0,358347.285714286
2022-08-17,423897,0,105464.11,0,3774.72,0,0,0,1,0,0,344440
2022-08-18,382683,0,107884.8,0,3031.33,0,0,0,1,0,0,333850.857142857
2022-08-19,341576,0,79140.76,0,2326.25,0,0,0,1,0,0,332232.571428571
2022-08-20,44171,0,10117.53,0,299.19,0,0,0,1,0,0,325207.857142857
2022-08-21,115294,0,22710.96,0,755.19,0,0,0,1,0,0,332277.857142857
2022-08-22,319416,0,87735.93,0,2701.76,0,0,0,1,0,0,297151.428571429
2022-08-23,464073,0,139718.72,0,3762.08,0,0,0,1,0,0,298730
2022-08-24,476607,0,169628.69,0,4725.33,0,0,0,1,0,0,306260
2022-08-25,461814,0,112178.91,0,4068.21,0,0,0,1,0,0,317564.428571429
2022-08-26,643451,0,162111.13,0,6103.91,0,0,0,1,0,0,360689.428571429
2022-08-27,107143,0,19102.98,0,570.27,0,0,0,1,0,0,369685.428571429
2022-08-28,91826,0,20219.02,0,554.76,0,0,0,1,0,0,366332.857142857
2022-08-29,429083,0,119295.66,0,4023.64,0,0,0,1,0,0,381999.571428571
2022-08-30,462472,0,103943.01,0,3793.68,0,0,0,1,0,0,381770.857142857
2022-08-31,305605,0,89107.19,0,2844.88,0,0,0,1,0,0,357342
2022-09-01,312484,0,96676.81,0,2957.94,0,0,0,1,0,0,336009.142857143
2022-09-02,404458,0,112235.1,0,4056.16,0,0,0,1,0,0,301867.285714286
2022-09-03,55547,0,10278.95,0,347.43,0,0,0,1,0,0,294496.428571429
2022-09-04,49572,0,12391.92,0,341.29,0,0,0,1,0,0,288460.142857143
2022-09-05,74205,0,18609.63,0,447.92,0,0,0,1,0,0,237763.285714286
2022-09-06,540683,0,135843.23,0,5010.42,0,0,0,1,0,0,248936.285714286
2022-09-07,422537,0,159775.75,0,4108.72,0,0,0,1,0,0,265640.857142857
2022-09-08,386711,0,108822.59,0,3681.93,0,0,0,1,0,0,276244.714285714
2022-09-09,266370,0,88680.4,0,2265.96,0,0,0,1,0,0,256517.857142857
2022-09-10,92108,0,28681.47,0,569.05,0,0,0,1,0,0,261740.857142857
2022-09-11,76060,0,26482.26,0,522.95,0,0,0,1,0,0,265524.857142857
2022-09-12,371977,0,103688.46,0,3226.48,0,0,0,1,0,0,308063.714285714
2022-09-13,746002,0,279540.81,0,5399.34,0,0,0,1,0,0,337395
2022-09-14,378648,0,100111.6,0,3393.32,0,0,0,1,0,0,331125.142857143
2022-09-15,327837,0,87700.81,0,2997.7,0,0,0,1,0,0,322714.571428571
2022-09-16,347298,0,96629.19,0,3255.91,0,0,0,1,0,0,334275.714285714
2022-09-17,71840,0,18636.5,0,499.22,0,0,0,1,0,0,331380.285714286
2022-09-18,69894,0,18788.24,0,509,0,0,0,1,0,0,330499.428571429
2022-09-19,271643,0,72613.93,0,2182.75,0,0,0,1,0,0,316166
2022-09-20,427338,0,133740.41,0,3525.81,0,0,0,1,0,0,270642.571428571
2022-09-21,388227,0,101493.22,0,3279.53,0,0,0,1,0,0,272011
2022-09-22,350284,0,104988.15,0,2943.33,0,0,0,1,0,0,275217.714285714
2022-09-23,363727,0,82829.43,0,3171.99,0,0,0,1,0,0,277564.714285714
2022-09-24,102728,0,22382.08,0,776.98,0,0,0,1,0,0,281977.285714286
2022-09-25,62053,0,12971.54,0,463.83,0,0,0,1,0,0,280857.142857143
2022-09-26,291186,0,80866.89,0,2571.69,0,0,0,1,0,0,283649
2022-09-27,413862,0,111016.08,0,3653.13,0,0,0,1,0,0,281723.857142857
2022-09-28,377582,0,109453.3,0,3540.6,0,0,0,1,0,0,280203.142857143
2022-09-29,345175,0,87915.37,0,3198.03,0,0,0,1,0,0,279473.285714286
2022-09-30,290317,0,82206.4,0,2559.26,0,0,0,1,0,0,268986.142857143
2022-10-01,49875,0,14031.21,0,354.78,0,0,0,1,0,0,261435.714285714
2022-10-02,99108,0,20432.16,0,618.2,0,0,0,1,0,0,266729.285714286
2022-10-03,317636,0,95897.92,0,2923.2,0,0,0,1,0,0,270507.857142857
2022-10-04,334541,0,98255.38,0,2833.96,0,0,0,1,0,0,259176.285714286
2022-10-05,326528,0,78047.57,0,2701.11,0,0,0,1,0,0,251882.857142857
2022-10-06,351859,0,90739.61,0,3412.71,0,0,0,1,0,0,252837.714285714
2022-10-07,305481,0,98137.62,0,2318.7,0,0,0,1,0,0,255004
2022-10-08,64371,0,19629.96,0,419.26,0,0,0,1,0,0,257074.857142857
2022-10-09,72713,0,24445.63,0,640.14,0,0,0,1,0,0,253304.142857143
2022-10-10,292418,0,88592.74,0,2754.91,0,0,0,1,0,0,249701.571428571
2022-10-11,300165,0,76172,0,2548.37,0,0,0,1,0,0,244790.714285714
2022-10-12,411296,0,94438.76,0,3450.66,0,0,0,1,0,0,256900.428571429
2022-10-13,546459,0,183796.42,0,4357.9,0,0,0,1,0,0,284700.428571429
2022-10-14,269982,0,82450.87,0,2243.13,0,0,0,1,0,0,279629.142857143
2022-10-15,55908,0,17375.06,0,408.26,0,0,0,1,0,0,278420.142857143
2022-10-16,83231,0,16890.09,0,598.77,0,0,0,1,0,0,279922.714285714
2022-10-17,303348,0,83169.22,0,2627.06,0,0,0,1,0,0,281484.142857143
2022-10-18,351141,0,88226.02,0,2960.46,0,0,0,1,0,0,288766.428571429
2022-10-19,296455,0,77805.94,0,2532.37,0,0,0,1,0,0,272360.571428571
2022-10-20,371295,0,90502.16,0,3224.32,0,0,0,1,0,0,247337.142857143
2022-10-21,376659,0,101285.62,0,3311.91,0,0,0,1,0,0,262576.714285714
2022-10-22,50612,0,13122.5,0,335.63,0,0,0,1,0,0,261820.142857143
2022-10-23,78291,0,24622.92,0,527.68,0,0,0,1,0,0,261114.428571429
2022-10-24,328705,0,78932.79,0,2657.69,0,0,0,1,0,0,264736.857142857
2022-10-25,285553,0,68132.37,0,2474.45,0,0,0,1,0,0,255367.142857143
2022-10-26,348902,0,101173.66,0,3160.91,0,0,0,1,0,0,262859.571428571
2022-10-27,407670,0,99494.56,0,3507.24,0,0,0,1,0,0,268056
2022-10-28,252049,0,60898.61,0,2088.65,0,0,0,1,0,0,250254.571428571
2022-10-29,51516,0,11612.58,0,303.15,0,0,0,1,0,0,250383.714285714
2022-10-30,61474,0,18000.44,0,484.75,0,0,0,1,0,0,247981.285714286
2022-10-31,383960,0,100173.53,0,3277.89,0,0,0,1,0,0,255874.857142857
2022-11-01,282559,0,107018.22,0,2669.26,0,0,0,1,0,0,255447.142857143
2022-11-02,453219,0,130532.5,0,3994.95,0,0,0,1,0,0,270349.571428571
2022-11-03,285781,0,76741.16,0,2659.21,0,0,0,1,0,0,252936.857142857
2022-11-04,348856,0,107852,0,3013.74,0,0,0,1,0,0,266766.428571429
2022-11-05,95871,0,43636.09,0,667.3,0,0,0,1,0,0,273102.857142857
2022-11-06,88269,0,17074.24,0,507.33,0,0,0,1,0,0,276930.714285714
2022-11-07,337670,0,98132.61,0,2871.24,0,0,0,1,0,0,270317.857142857
2022-11-08,277319,0,83240.83,0,2648.49,0,0,0,1,0,0,269569.285714286
2022-11-09,265149,0,78548.05,0,2762.45,0,0,0,1,0,0,242702.142857143
2022-11-10,327696,0,100172.07,0,2627.3,0,0,0,1,0,0,248690
2022-11-11,265097,0,77027.78,0,2082.84,0,0,0,1,0,0,236724.428571429
2022-11-12,55948,0,14678.4,0,391.38,0,0,0,1,0,0,231021.142857143
2022-11-13,60123,0,17317.43,0,353.2,0,0,0,1,0,0,227000.285714286
2022-11-14,331937,0,87185.54,0,3372.73,0,0,0,1,0,0,226181.285714286
2022-11-15,438042,0,113219.42,0,4186.18,0,0,0,1,0,0,249141.714285714
2022-11-16,239626,0,55784.49,0,1995.52,0,0,0,1,0,0,245495.571428571
2022-11-17,251874,0,73730.03,0,2313.53,0,0,0,1,0,0,234663.857142857
2022-11-18,280945,0,88715.04,0,2658.37,0,0,0,1,0,0,236927.857142857
2022-11-19,33440,0,11443.08,0,324.56,0,0,0,1,0,0,233712.428571429
2022-11-20,90406,0,24573.69,0,752.39,0,0,0,1,0,0,238038.571428571
2022-11-21,241447,0,82144.52,0,2650.21,0,0,0,1,0,0,225111.428571429
2022-11-22,302516,0,82928.67,0,2782.29,0,0,0,1,0,0,205750.571428571
2022-11-23,267404,0,81713.26,0,2391.4,0,0,0,1,0,0,209718.857142857
2022-11-24,95171,0,25540.92,0,785.01,0,0,0,1,0,0,187332.714285714
2022-11-25,135617,0,60144.5,0,1066.28,0,0,0,1,0,0,166571.571428571
2022-11-26,37037,0,10012.37,0,340.52,0,0,0,1,0,0,167085.428571429
2022-11-27,93697,0,16916.69,0,559.36,0,0,0,1,0,0,167555.571428571
2022-11-28,235898,0,68801.21,0,2326.92,0,0,0,1,0,0,166762.857142857
2022-11-29,336251,0,83664.32,0,3347.51,0,0,0,1,0,0,171582.142857143
2022-11-30,380260,0,107458.13,0,3447.76,0,0,0,1,0,0,187704.428571429
2022-12-01,196090,0,48534.14,0,1500.22,0,0,0,1,0,0,202121.428571429
2022-12-02,304785,0,82533.21,0,2648.7,0,0,0,1,0,0,226288.285714286
2022-12-03,64962,0,19472.44,0,470.04,0,0,0,1,0,0,230277.571428571
2022-12-04,46007,0,9958.24,0,358.66,0,0,0,1,0,0,223464.714285714
2022-12-05,232003,0,64425.53,0,2272.87,0,0,0,1,0,0,222908.285714286
2022-12-06,241130,0,67938.18,0,2233.38,0,0,0,1,0,0,209319.571428571
2022-12-07,299782,0,77766.07,0,2591.59,0,0,0,1,0,0,197822.714285714
2022-12-08,293287,0,87890.82,0,2732.99,0,0,0,1,0,0,211708
2022-12-09,298171,0,80386.05,0,2784.09,0,0,0,1,0,0,210763.142857143
2022-12-10,47282,0,19163.32,0,261.99,0,0,0,1,0,0,208237.428571429
2022-12-11,69376,0,24100.65,0,749.54,0,0,0,1,0,0,211575.857142857
2022-12-12,337977,0,120225.83,0,3292.96,0,0,0,1,0,0,226715
2022-12-13,546431,0,157573.5,0,4141.97,0,0,0,1,0,0,270329.428571429
2022-12-14,301862,0,90223.54,0,2617.39,0,0,0,1,0,0,270626.571428571
2022-12-15,303512,0,107379.34,0,3186.39,0,0,0,1,0,0,272087.285714286
2022-12-16,247754,0,82819.64,0,2467.07,0,0,0,1,0,0,264884.857142857
2022-12-17,36810,0,9333.9,0,249.78,0,0,0,1,0,0,263388.857142857
2022-12-18,33729,0,7058.55,0,238.42,0,0,0,1,0,0,258296.428571429
2022-12-19,245764,0,70301.04,0,2390.62,0,0,0,1,0,0,245123.142857143
2022-12-20,294739,0,63353.49,0,2366.28,0,0,0,1,0,0,209167.142857143
2022-12-21,208774,0,61970.26,0,1709.97,0,0,0,1,0,0,195868.857142857
2022-12-22,270908,0,83947.44,0,2722.79,0,0,0,1,0,0,191211.142857143
2022-12-23,226559,0,88867.28,0,2138.29,0,0,0,1,0,0,188183.285714286
2022-12-24,36934,0,14503.51,0,190.04,0,0,0,1,0,0,188201
2022-12-25,28334,0,7136.38,0,215.48,0,0,0,1,0,0,187430.285714286
2022-12-26,43109,0,9889.84,0,286.54,0,0,0,1,0,0,158479.571428571
2022-12-27,167708,0,46483.46,0,1339.57,0,0,0,1,0,0,140332.285714286
2022-12-28,249334,0,83628.35,0,2689.39,0,0,0,1,0,0,146126.571428571
2022-12-29,180368,0,67458.69,0,1893.41,0,0,0,1,0,0,133192.285714286
2022-12-30,218026,0,78830.04,0,1946.12,0,0,0,1,0,0,131973.285714286
2022-12-31,26659,0,7579.86,0,213.57,0,0,0,1,0,0,130505.428571429
2023-01-01,24975,0,8767.79,0,202.57,0,0,0,1,0,0,130025.571428571
2023-01-02,65490,0,13640.03,0,368.76,0,0,0,1,0,0,133222.857142857
2023-01-03,215278,0,63459.92,0,2152.53,0,0,0,1,0,0,140018.571428571
2023-01-04,228202,0,58563.1,0,2058.81,0,0,0,1,0,0,136999.714285714
2023-01-05,216076,0,61950.36,0,2091.4,0,0,0,1,0,0,142100.857142857
2023-01-06,294632,0,85415.62,0,2414.63,0,0,0,1,0,0,153044.571428571
2023-01-07,42102,0,9707.13,0,269.13,0,0,0,1,0,0,155250.714285714
2023-01-08,52469,0,13862.04,0,450.88,0,0,0,1,0,0,159178.428571429
2023-01-09,215884,0,54548.22,0,2171.54,0,0,0,1,0,0,180663.285714286
2023-01-10,201848,0,57621.64,0,1951.98,0,0,0,1,0,0,178744.714285714
2023-01-11,209839,0,67198.31,0,2023.52,0,0,0,1,0,0,176121.428571429
2023-01-12,283688,0,84799.94,0,2442.46,0,0,0,1,0,0,185780.285714286
2023-01-13,179879,0,56048.53,0,1685,0,0,0,1,0,0,169387
2023-01-14,18444,0,5836.74,0,124.06,0,0,0,1,0,0,166007.285714286
2023-01-15,16033,0,4894.78,0,98.14,0,0,0,1,0,0,160802.142857143
2023-01-16,51963,0,15281.46,0,353.28,0,0,0,1,0,0,137384.857142857
2023-01-17,75230,0,24123.59,0,636.05,0,0,0,1,0,0,119296.571428571
2023-01-18,215767,0,60895.37,0,2099.7,0,0,0,1,0,0,120143.428571429
2023-01-19,179084,0,56276.95,0,1872.39,0,0,0,1,0,0,105200
2023-01-20,193611,0,49926.1,0,1696.57,0,0,0,1,0,0,107161.714285714
2023-01-21,29928,0,5193.69,0,161.47,0,0,0,1,0,0,108802.285714286
2023-01-22,51279,0,9597.05,0,318.64,0,0,0,1,0,0,113837.428571429
2023-01-23,176290,0,52089.43,0,1654.24,0,0,0,1,0,0,131598.428571429
2023-01-24,168124,0,54752.16,0,1755.42,0,0,0,1,0,0,144869
2023-01-25,314035,0,94060.46,0,2427.58,0,0,0,1,0,0,158907.285714286
2023-01-26,231494,0,71637.93,0,2137.74,0,0,0,1,0,0,166394.428571429
2023-01-27,226366,0,78507.74,0,1854.48,0,0,0,1,0,0,171073.714285714
2023-01-28,32412,0,10911.47,0,229.65,0,0,0,1,0,0,171428.571428571
2023-01-29,43368,0,10656.21,0,320.59,0,0,0,1,0,0,170298.428571429
2023-01-30,194006,0,68653.35,0,1702.87,0,0,0,1,0,0,172829.285714286
2023-01-31,199409,0,64618.18,0,1845.65,0,0,0,1,0,0,177298.571428571
2023-02-01,252158,0,66517.12,0,1355.63,0,0,0,1,0,0,168459
2023-02-02,362031,0,101514.16,0,3552.88,0,0,0,1,0,0,187107.142857143
2023-02-03,332884,0,98134.78,0,2982.72,0,0,0,1,0,0,202324
2023-02-04,37835,0,5820.57,0,194.57,0,0,0,1,0,0,203098.714285714
2023-02-05,66941,0,17380.62,0,383.57,0,0,0,1,0,0,206466.285714286
2023-02-06,183061,0,56733.13,0,1687.68,0,0,0,1,0,0,204902.714285714
2023-02-07,223330,0,63389.7,0,2190.05,0,0,0,1,0,0,208320
2023-02-08,196400,0,57056.67,0,1611.38,0,0,0,1,0,0,200354.571428571
2023-02-09,171214,0,48267.64,0,1541.55,0,0,0,1,0,0,173095
2023-02-10,195871,0,47711.61,0,1752.89,0,0,0,1,0,0,153521.714285714
2023-02-11,34116,0,14475.16,0,349.89,0,0,0,1,0,0,152990.428571429
2023-02-12,31486,0,10676.61,0,243.9,0,0,0,1,0,0,147925.428571429
2023-02-13,188148,0,65665.73,0,1786.16,0,0,0,1,0,0,148652.142857143
2023-02-14,370916,0,93579.32,0,3264.42,0,0,0,1,0,0,169735.857142857
2023-02-15,261781,0,68466.85,0,2186.93,0,0,0,1,0,0,179076
2023-02-16,236476,0,65744.58,0,1925.81,0,0,0,1,0,0,188399.142857143
2023-02-17,139360,0,39217.34,0,1137.75,0,0,0,1,0,0,180326.142857143
2023-02-18,17382,0,5808.49,0,186.61,0,0,0,1,0,0,177935.571428571
2023-02-19,38942,0,9354.05,0,291.54,0,0,0,1,0,0,179000.714285714
2023-02-20,67234,0,18319.76,0,473.94,0,0,0,1,0,0,161727.285714286
2023-02-21,155642,0,48045.23,0,1505.65,0,0,0,1,0,0,130973.857142857
2023-02-22,185609,0,68231.01,0,1597.07,0,0,0,1,0,0,120092.142857143
2023-02-23,162990,0,54788.98,0,1536.26,0,0,0,1,0,0,109594.142857143
2023-02-24,227135,0,57273.55,0,1883.67,0,0,0,1,0,0,122133.428571429
2023-02-25,31769,0,6031.53,0,205.27,0,0,0,1,0,0,124188.714285714
2023-02-26,76642,0,13615.67,0,476.58,0,0,0,1,0,0,129574.428571429
2023-02-27,274386,0,89020.17,0,2770.21,0,0,0,1,0,0,159167.571428571
2023-02-28,351936,0,110598.04,0,3230.34,0,0,0,1,0,0,187209.571428571
2023-03-01,376412,0,160789.04,0,4313.91,0,0,0,1,0,0,214467.142857143
2023-03-02,261060,0,90145.55,0,2733.26,0,0,0,1,0,0,228477.142857143
2023-03-03,226819,0,63465.2,0,2187.25,0,0,0,1,0,0,228432
2023-03-04,43733,0,11084.41,0,274.04,0,0,0,1,0,0,230141.142857143
2023-03-05,37272,0,11100.45,0,348.92,0,0,0,1,0,0,224516.857142857
2023-03-06,296060,0,100210.41,0,3561.78,0,0,0,1,0,0,227613.142857143
2023-03-07,423763,0,133788.2,0,4340.39,0,0,0,1,0,0,237874.142857143
2023-03-08,412755,0,134697.74,0,4624.49,0,0,0,1,0,0,243066
2023-03-09,668775,0,221218.26,0,7586.41,0,0,0,1,0,0,301311
2023-03-10,559788,0,173037.31,0,5513.16,0,0,0,1,0,0,348878
2023-03-11,56412,0,25612.15,0,449.24,0,0,0,1,0,0,350689.285714286
2023-03-12,193569,0,76009.03,0,1299.84,0,0,0,1,0,0,373017.428571429
2023-03-13,706186,0,220854.07,0,7581.46,0,0,0,1,0,0,431606.857142857
2023-03-14,527391,0,189021.58,0,5556.04,0,0,0,1,0,0,446410.857142857
2023-03-15,697112,0,220210.09,0,7483.47,0,0,0,1,0,0,487033.285714286
2023-03-16,466932,0,156606.99,0,5001.21,0,0,0,1,0,0,458198.571428572
2023-03-17,378653,0,139101.4,0,3895.67,0,0,0,1,0,0,432322.142857143
2023-03-18,49308,0,16544.37,0,391.25,0,0,0,1,0,0,431307.285714286
2023-03-19,85752,0,36165.13,0,700.41,0,0,0,1,0,0,415904.857142857
2023-03-20,330767,0,116428.74,0,3445.07,0,0,0,1,0,0,362273.571428571
2023-03-21,425694,0,141393.77,0,3923.18,0,0,0,1,0,0,347745.428571429
2023-03-22,500425,0,141974.47,0,4649.25,0,0,0,1,0,0,319647.285714286
2023-03-23,531574,0,129553.34,0,5467.59,0,0,0,1,0,0,328881.857142857
2023-03-24,377951,0,97956.18,0,3224.06,0,0,0,1,0,0,328781.571428571
2023-03-25,29147,0,7094.51,0,187.63,0,0,0,1,0,0,325901.428571429
2023-03-26,57163,0,19488.75,0,370.5,0,0,0,1,0,0,321817.285714286
2023-03-27,383753,0,127911.33,0,3648.7,0,0,0,1,0,0,329386.714285714
2023-03-28,291679,0,91367.55,0,2752.61,0,0,0,1,0,0,310241.714285714
2023-03-29,375726,0,113245.93,0,3183.43,0,0,0,1,0,0,292427.571428571
2023-03-30,360923,0,115265.16,0,3893.19,0,0,0,1,0,0,268048.857142857
2023-03-31,373903,0,101102.81,0,2877.37,0,0,0,1,0,0,267470.571428571
2023-04-01,63079,0,11538.31,0,427.29,0,0,0,1,0,0,272318
2023-04-02,34378,0,8158.14,0,256.94,0,0,0,1,0,0,269063
2023-04-03,338310,0,112167.19,0,3330.04,0,0,0,1,0,0,262571.142857143
2023-04-04,480984,0,156563.18,0,5362.65,0,0,0,1,0,0,289614.714285714
2023-04-05,564018,0,168826.22,0,5060.23,0,0,0,1,0,0,316513.571428571
2023-04-06,544373,0,161648.37,0,4962.27,0,0,0,1,0,0,342720.714285714
2023-04-07,429490,0,47012.2,0,1289.79,0,0,0,1,0,0,350661.714285714
2023-04-08,237256,0,17594.73,0,489.45,0,0,0,1,0,0,375544.142857143
2023-04-09,395507,0,28748.13,0,761.78,0,0,0,1,0,0,427134
2023-04-10,588974,0,156993.16,0,4715.55,0,0,0,1,0,0,462943.142857143
2023-04-11,391039,0,130718.78,0,3395.05,0,0,0,1,0,0,450093.857142857
2026-04-27,17093090,35870854,7481068.54,17115214.51,163153.8,389847.07,15616408,0.523,0.2492,0.2277,5124407.71428572,2811389.85714286
