date,category,contracts
2024-08-01,Economics,663
2024-08-01,Politics,100
2024-08-02,Economics,950
2024-08-05,Economics,123
2024-08-06,Economics,79
2024-08-06,Politics,50
2024-08-07,Economics,145
2024-08-07,Other,60
2024-08-08,Economics,332
2024-08-08,Other,100
2024-08-09,Economics,625
2024-08-09,Other,10
2024-08-12,Economics,559
2024-08-12,Other,10
2024-08-12,Politics,10
2024-08-13,Economics,246
2024-08-14,Economics,232
2024-08-14,Politics,20
2024-08-15,Economics,310
2024-08-15,Other,125
2024-08-15,Politics,10
2024-08-16,Economics,340
2024-08-16,Other,100
2024-08-16,Politics,10
2024-08-19,Economics,986
2024-08-19,Other,30
2024-08-20,Economics,130
2024-08-20,Other,100
2024-08-21,Economics,445
2024-08-21,Other,80
2024-08-21,Politics,10
2024-08-22,Economics,180
2024-08-23,Economics,61
2024-08-23,Other,105
2024-08-26,Economics,175
2024-08-26,Politics,60
2024-08-27,Economics,310
2024-08-27,Politics,20
2024-08-28,Economics,36
2024-08-28,Politics,30
2024-08-29,Economics,883
2024-08-29,Other,265
2024-08-30,Economics,89
2024-08-30,Other,300
2024-09-02,Economics,20
2024-09-02,Other,15
2024-09-02,Politics,200
2024-09-03,Economics,30
2024-09-04,Economics,266
2024-09-04,Other,220
2024-09-05,Economics,1235
2024-09-05,Other,280
2024-09-05,Politics,400
2024-09-06,Economics,281
2024-09-06,Other,190
2024-09-06,Politics,5
2024-09-09,Economics,700
2024-09-09,Other,315
2024-09-10,Economics,317
2024-09-10,Other,230
2024-09-10,Politics,10
2024-09-11,Economics,522
2024-09-11,Other,235
2024-09-12,Economics,162
2024-09-12,Other,270
2024-09-12,Politics,50
2024-09-13,Economics,550
2024-09-13,Other,40
2024-09-16,Economics,2789
2024-09-16,Other,175
2024-09-16,Politics,11
2024-09-17,Economics,4060
2024-09-17,Other,230
2024-09-18,Economics,21426
2024-09-18,Other,150
2024-09-18,Politics,65
2024-09-19,Economics,560
2024-09-19,Other,150
2024-09-19,Politics,60
2024-09-20,Economics,180
2024-09-20,Other,241
2024-09-23,Economics,391
2024-09-23,Other,161
2024-09-23,Politics,124
2024-09-24,Economics,293
2024-09-24,Other,160
2024-09-24,Politics,5
2024-09-25,Economics,138
2024-09-25,Other,509
2024-09-25,Politics,1
2024-09-26,Economics,214
2024-09-26,Other,130
2024-09-26,Politics,45
2024-09-27,Economics,1108
2024-09-27,Other,201
2024-09-27,Politics,14
2024-09-30,Economics,291
2024-09-30,Other,239
2024-09-30,Politics,1
2024-10-01,Economics,30
2024-10-01,Other,150
2024-10-01,Politics,241
2024-10-02,Economics,1750
2024-10-02,Other,460
2024-10-02,Politics,127
2024-10-03,Economics,1804
2024-10-03,Other,790
2024-10-03,Politics,179
2024-10-04,Economics,947
2024-10-04,Other,68701
2024-10-04,Politics,709255
2024-10-07,Economics,1532
2024-10-07,Other,78618
2024-10-07,Politics,664960
2024-10-08,Economics,1235
2024-10-08,Other,27651
2024-10-08,Politics,535702
2024-10-09,Economics,1885
2024-10-09,Other,47812
2024-10-09,Politics,777408
2024-10-10,Economics,1361
2024-10-10,Other,51664
2024-10-10,Politics,1048320
2024-10-11,Commodities,20
2024-10-11,Economics,690
2024-10-11,Other,55810
2024-10-11,Politics,987413
2024-10-14,Economics,221
2024-10-14,Other,105295
2024-10-14,Politics,1082365
2024-10-15,Economics,750
2024-10-15,Other,39420
2024-10-15,Politics,905858
2024-10-16,Economics,1350
2024-10-16,Other,38198
2024-10-16,Politics,1050111
2024-10-17,Commodities,40
2024-10-17,Economics,292
2024-10-17,Other,98063
2024-10-17,Politics,1909877
2024-10-18,Economics,221
2024-10-18,Other,81830
2024-10-18,Politics,1084089
2024-10-21,Economics,1122
2024-10-21,Other,104849
2024-10-21,Politics,1794531
2024-10-22,Economics,720
2024-10-22,Other,65722
2024-10-22,Politics,1548308
2024-10-23,Economics,205
2024-10-23,Other,70930
2024-10-23,Politics,1842113
2024-10-24,Economics,2240
2024-10-24,Other,67956
2024-10-24,Politics,1477749
2024-10-25,Economics,405
2024-10-25,Other,226316
2024-10-25,Politics,2018060
2024-10-26,Economics,152
2024-10-26,Other,15430
2024-10-26,Politics,250044
2024-10-27,Economics,167
2024-10-27,Other,21683
2024-10-27,Politics,207886
2024-10-28,Economics,561
2024-10-28,Other,99799
2024-10-28,Politics,1832575
2024-10-29,Commodities,71
2024-10-29,Economics,619
2024-10-29,Other,171424
2024-10-29,Politics,10771471
2024-10-30,Commodities,39
2024-10-30,Economics,81
2024-10-30,Other,259753
2024-10-30,Politics,21560698
2024-10-31,Commodities,29
2024-10-31,Economics,3669
2024-10-31,Other,318735
2024-10-31,Politics,32493183
2024-11-01,Commodities,50
2024-11-01,Economics,3676
2024-11-01,Other,307758
2024-11-01,Politics,25358192
2024-11-02,Commodities,10
2024-11-02,Economics,30
2024-11-02,Other,52288
2024-11-02,Politics,7082064
2024-11-03,Economics,90
2024-11-03,Other,354591
2024-11-03,Politics,30041154
2024-11-04,Economics,3173
2024-11-04,Other,701995
2024-11-04,Politics,71228368
2024-11-05,Economics,16312
2024-11-05,Other,1019972
2024-11-05,Politics,88366318
2024-11-06,Economics,2016
2024-11-06,Other,2284376
2024-11-06,Politics,259896601
2024-11-07,Commodities,35
2024-11-07,Economics,1046
2024-11-07,Other,578039
2024-11-07,Politics,7871486
2024-11-08,Commodities,162
2024-11-08,Economics,1365
2024-11-08,Other,233701
2024-11-08,Politics,4618243
2024-11-11,Economics,925
2024-11-11,Other,201180
2024-11-11,Politics,6645169
2024-11-12,Commodities,25
2024-11-12,Economics,1564
2024-11-12,Other,40771
2024-11-12,Politics,3884970
2024-11-13,Economics,491
2024-11-13,Other,29624
2024-11-13,Politics,3735549
2024-11-14,Economics,934
2024-11-14,Other,34371
2024-11-14,Politics,1933729
2024-11-15,Economics,1040
2024-11-15,Other,23186
2024-11-15,Politics,1418901
2024-11-18,Economics,917
2024-11-18,Other,10900
2024-11-18,Politics,1570026
2024-11-19,Commodities,15
2024-11-19,Economics,420
2024-11-19,Other,19918
2024-11-19,Politics,654117
2024-11-20,Economics,713
2024-11-20,Other,4225
2024-11-20,Politics,675774
2024-11-21,Economics,314
2024-11-21,Other,42285
2024-11-21,Politics,665288
2024-11-22,Economics,230
2024-11-22,Other,32492
2024-11-22,Politics,525468
2024-11-25,Economics,1016
2024-11-25,Other,1280
2024-11-25,Politics,741942
2024-11-26,Commodities,10
2024-11-26,Economics,341
2024-11-26,Other,5837
2024-11-26,Politics,491387
2024-11-27,Economics,420
2024-11-27,Other,254
2024-11-27,Politics,377113
2024-11-28,Economics,30
2024-11-28,Other,350
2024-11-28,Politics,552660
2024-11-29,Economics,53
2024-11-29,Other,7001
2024-11-29,Politics,204424
2024-12-02,Commodities,10
2024-12-02,Economics,511
2024-12-02,Other,7175
2024-12-02,Politics,446213
2024-12-03,Economics,361
2024-12-03,Other,3761
2024-12-03,Politics,35379
2024-12-04,Economics,1366
2024-12-04,Other,12960
2024-12-04,Politics,259742
2024-12-05,Economics,1285
2024-12-05,Other,3907
2024-12-05,Politics,212100
2024-12-06,Economics,2779
2024-12-06,Other,2185
2024-12-06,Politics,213408
2024-12-09,Economics,425
2024-12-09,Other,4286
2024-12-09,Politics,317575
2024-12-10,Commodities,10
2024-12-10,Economics,812
2024-12-10,Other,8587
2024-12-10,Politics,263649
2024-12-11,Commodities,210
2024-12-11,Economics,3579
2024-12-11,Other,2458
2024-12-11,Politics,162278
2024-12-12,Commodities,30
2024-12-12,Economics,3602
2024-12-12,Other,4855
2024-12-12,Politics,207709
2024-12-13,Economics,4215
2024-12-13,Other,1694
2024-12-13,Politics,100754
2024-12-16,Economics,5912
2024-12-16,Other,2216
2024-12-16,Politics,177170
2024-12-17,Economics,2540
2024-12-17,Other,3386
2024-12-17,Politics,133307
2024-12-18,Commodities,30
2024-12-18,Economics,3860
2024-12-18,Other,5666
2024-12-18,Politics,150460
2024-12-19,Commodities,30
2024-12-19,Economics,4822
2024-12-19,Other,6853
2024-12-19,Politics,180213
2024-12-20,Commodities,80
2024-12-20,Economics,2527
2024-12-20,Other,23658
2024-12-20,Politics,190501
2024-12-23,Commodities,30
2024-12-23,Economics,2146
2024-12-23,Other,6033
2024-12-23,Politics,105196
2024-12-24,Commodities,600
2024-12-24,Economics,421
2024-12-24,Other,7636
2024-12-24,Politics,83460
2024-12-25,Economics,203
2024-12-25,Other,290
2024-12-25,Politics,21517
2024-12-26,Commodities,150
2024-12-26,Economics,640
2024-12-26,Other,9313
2024-12-26,Politics,131820
2024-12-27,Commodities,201
2024-12-27,Economics,1070
2024-12-27,Other,3116
2024-12-27,Politics,112791
2024-12-30,Commodities,53
2024-12-30,Economics,685
2024-12-30,Other,11313
2024-12-30,Politics,246467
2024-12-31,Commodities,100
2024-12-31,Economics,1474
2024-12-31,Other,7443
2024-12-31,Politics,90313
2025-01-01,Commodities,30
2025-01-01,Economics,423
2025-01-01,Other,5654
2025-01-01,Politics,52592
2025-01-02,Commodities,100
2025-01-02,Economics,541
2025-01-02,Other,1897
2025-01-02,Politics,158900
2025-01-03,Economics,6486
2025-01-03,Other,12220
2025-01-03,Politics,179545
2025-01-06,Economics,2941
2025-01-06,Other,17800
2025-01-06,Politics,1215
2025-01-07,Economics,1600
2025-01-07,Other,911
2025-01-07,Politics,250
2025-01-08,Economics,961
2025-01-08,Other,1109
2025-01-08,Politics,3
2025-01-09,Economics,2197
2025-01-09,Other,1279
2025-01-09,Politics,261
2025-01-10,Economics,1862
2025-01-10,Other,1734
2025-01-10,Politics,240
2025-01-13,Economics,4039
2025-01-13,Other,335
2025-01-13,Politics,109
2025-01-14,Economics,2163
2025-01-14,Other,537
2025-01-15,Commodities,2
2025-01-15,Economics,8678
2025-01-15,Other,314
2025-01-16,Commodities,10
2025-01-16,Economics,4931
2025-01-16,Other,761
2025-01-16,Politics,220
2025-01-17,Economics,1856
2025-01-17,Other,834
2025-01-17,Politics,20
2025-01-20,Commodities,40
2025-01-20,Economics,4371
2025-01-20,Other,815
2025-01-20,Politics,40
2025-01-21,Economics,3737
2025-01-21,Other,475
2025-01-22,Economics,3967
2025-01-22,Other,285
2025-01-23,Commodities,38
2025-01-23,Economics,4614
2025-01-23,Other,1479
2025-01-23,Politics,12
2025-01-24,Economics,10130
2025-01-24,Other,1435
2025-01-27,Commodities,93
2025-01-27,Economics,7798
2025-01-27,Other,1320
2025-01-27,Politics,5
2025-01-28,Commodities,50
2025-01-28,Economics,5286
2025-01-28,Other,720
2025-01-29,Commodities,20
2025-01-29,Economics,1497
2025-01-29,Other,510
2025-01-29,Politics,394
2025-01-30,Commodities,768
2025-01-30,Economics,2744
2025-01-30,Other,1570
2025-01-30,Politics,1090
2025-01-31,Commodities,40
2025-01-31,Economics,3264
2025-01-31,Other,1140
2025-01-31,Politics,31
2025-02-03,Commodities,30
2025-02-03,Economics,8203
2025-02-03,Other,1370
2025-02-03,Politics,429
2025-02-04,Economics,7418
2025-02-04,Other,701
2025-02-04,Politics,50
2025-02-05,Economics,6745
2025-02-05,Other,365
2025-02-05,Politics,221
2025-02-06,Economics,5087
2025-02-06,Other,185
2025-02-06,Politics,115
2025-02-07,Economics,9169
2025-02-07,Other,499
2025-02-07,Politics,195
2025-02-10,Commodities,1
2025-02-10,Economics,7903
2025-02-10,Other,617
2025-02-11,Economics,4975
2025-02-11,Other,6706
2025-02-11,Politics,160
2025-02-12,Economics,8812
2025-02-12,Other,502
2025-02-12,Politics,180
2025-02-13,Economics,3385
2025-02-13,Other,5865
2025-02-13,Politics,160
2025-02-14,Economics,2943
2025-02-14,Other,610
2025-02-14,Politics,90
2025-02-17,Commodities,10
2025-02-17,Economics,5158
2025-02-17,Other,707
2025-02-17,Politics,120
2025-02-18,Commodities,40
2025-02-18,Economics,2277
2025-02-18,Other,15677
2025-02-18,Politics,20
2025-02-19,Economics,551
2025-02-19,Other,7580
2025-02-19,Politics,30
2025-02-20,Commodities,20
2025-02-20,Economics,3140
2025-02-20,Other,4683
2025-02-20,Politics,630
2025-02-21,Commodities,1352
2025-02-21,Economics,7336
2025-02-21,Other,26051
2025-02-21,Politics,920
2025-02-24,Commodities,51
2025-02-24,Economics,3572
2025-02-24,Other,10171
2025-02-25,Commodities,240
2025-02-25,Economics,821
2025-02-25,Other,7369
2025-02-26,Commodities,290
2025-02-26,Economics,9461
2025-02-26,Other,4688
2025-02-26,Politics,370
2025-02-27,Commodities,692
2025-02-27,Economics,11303
2025-02-27,Other,2329
2025-02-27,Politics,764
2025-02-28,Economics,2585
2025-02-28,Other,1327
2025-02-28,Politics,590
2025-03-03,Commodities,50
2025-03-03,Economics,4969
2025-03-03,Other,3278
2025-03-03,Politics,290
2025-03-04,Commodities,10
2025-03-04,Economics,7345
2025-03-04,Other,4625
2025-03-04,Politics,190
2025-03-05,Economics,2596
2025-03-05,Other,5823
2025-03-05,Politics,220
2025-03-06,Economics,4574
2025-03-06,Other,6970
2025-03-06,Politics,1021
2025-03-07,Economics,9079
2025-03-07,Other,1572
2025-03-07,Politics,260
2025-03-10,Commodities,60
2025-03-10,Economics,14868
2025-03-10,Other,9207
2025-03-10,Politics,140
2025-03-11,Economics,4149
2025-03-11,Other,2145
2025-03-11,Politics,140
2025-03-12,Commodities,30
2025-03-12,Economics,7274
2025-03-12,Other,2938
2025-03-12,Politics,35
2025-03-13,Economics,3568
2025-03-13,Other,15548
2025-03-13,Politics,20
2025-03-14,Commodities,385
2025-03-14,Economics,6633
2025-03-14,Other,27642
2025-03-14,Politics,50
2025-03-17,Commodities,740
2025-03-17,Economics,9575
2025-03-17,Other,29716
2025-03-17,Politics,710
2025-03-18,Economics,2507
2025-03-18,Other,20830
2025-03-18,Politics,340
2025-03-19,Economics,13403
2025-03-19,Other,3305
2025-03-19,Politics,70
2025-03-20,Economics,8573
2025-03-20,Other,5906
2025-03-20,Politics,90
2025-03-21,Commodities,980
2025-03-21,Economics,5992
2025-03-21,Other,3622
2025-03-24,Commodities,488
2025-03-24,Economics,2306
2025-03-24,Other,7457
2025-03-24,Politics,20
2025-03-25,Economics,33677
2025-03-25,Other,3716
2025-03-25,Politics,40
2025-03-26,Commodities,5
2025-03-26,Economics,11468
2025-03-26,Other,15364
2025-03-26,Politics,50
2025-03-27,Economics,2017
2025-03-27,Other,6900
2025-03-27,Politics,60
2025-03-28,Commodities,14
2025-03-28,Economics,4062
2025-03-28,Other,9183
2025-03-28,Politics,112
2025-03-31,Commodities,400
2025-03-31,Economics,3766
2025-03-31,Other,3581
2025-03-31,Politics,360
2025-04-01,Commodities,120
2025-04-01,Economics,2645
2025-04-01,Other,6296
2025-04-01,Politics,433
2025-04-02,Economics,6094
2025-04-02,Other,7734
2025-04-02,Politics,790
2025-04-03,Economics,6311
2025-04-03,Other,3094
2025-04-03,Politics,793
2025-04-04,Economics,5319
2025-04-04,Other,3263
2025-04-04,Politics,630
2025-04-07,Economics,8872
2025-04-07,Other,31559
2025-04-08,Commodities,40
2025-04-08,Economics,6934
2025-04-08,Other,7120
2025-04-08,Politics,1720
2025-04-09,Economics,9505
2025-04-09,Other,23057
2025-04-10,Economics,4953
2025-04-10,Other,6636
2025-04-10,Politics,850
2025-04-11,Economics,4014
2025-04-11,Other,22900
2025-04-11,Politics,50
2025-04-14,Economics,2162
2025-04-14,Other,27988
2025-04-15,Economics,3067
2025-04-15,Other,5706
2025-04-16,Commodities,49
2025-04-16,Economics,3085
2025-04-16,Other,1526
2025-04-17,Economics,5717
2025-04-17,Other,3863
2025-04-18,Economics,1001
2025-04-18,Other,2624
2025-04-21,Commodities,120
2025-04-21,Economics,9010
2025-04-21,Other,2004
2025-04-22,Commodities,21
2025-04-22,Economics,2736
2025-04-22,Other,4025
2025-04-23,Commodities,8342
2025-04-23,Economics,16988
2025-04-23,Other,6210
2025-04-23,Politics,1380
2025-04-24,Commodities,1079
2025-04-24,Economics,4629
2025-04-24,Other,5299
2025-04-25,Commodities,42636
2025-04-25,Economics,23991
2025-04-25,Other,2742
2025-04-25,Politics,240
2025-04-28,Commodities,1115
2025-04-28,Economics,4766
2025-04-28,Other,12167
2025-04-28,Politics,170
2025-04-29,Commodities,484
2025-04-29,Economics,1880
2025-04-29,Other,5561
2025-04-29,Politics,1220
2025-04-30,Commodities,2700
2025-04-30,Economics,2661
2025-04-30,Other,16026
2025-04-30,Politics,1713
2025-05-01,Commodities,4441
2025-05-01,Economics,9485
2025-05-01,Other,4018
2025-05-01,Politics,543
2025-05-02,Commodities,3542
2025-05-02,Economics,58744
2025-05-02,Other,8651
2025-05-02,Politics,469
2025-05-03,Economics,3343
2025-05-03,Other,170
2025-05-03,Politics,40
2025-05-04,Economics,340
2025-05-04,Other,1300
2025-05-04,Politics,100
2025-05-05,Commodities,7755
2025-05-05,Economics,9261
2025-05-05,Other,6825
2025-05-05,Politics,370
2025-05-06,Commodities,8897
2025-05-06,Economics,73053
2025-05-06,Other,5026
2025-05-06,Politics,50
2025-05-07,Commodities,5593
2025-05-07,Economics,12851
2025-05-07,Other,3511
2025-05-07,Politics,30
2025-05-08,Commodities,11960
2025-05-08,Economics,11679
2025-05-08,Other,9588
2025-05-08,Politics,10
2025-05-09,Commodities,19751
2025-05-09,Economics,12964
2025-05-09,Other,3140
2025-05-09,Politics,80
2025-05-10,Economics,19
2025-05-10,Other,348
2025-05-11,Commodities,10
2025-05-11,Economics,1595
2025-05-11,Other,2014
2025-05-11,Politics,20
2025-05-12,Commodities,63461
2025-05-12,Economics,15051
2025-05-12,Other,6688
2025-05-12,Politics,40
2025-05-13,Commodities,4156
2025-05-13,Economics,38089
2025-05-13,Other,5122
2025-05-13,Politics,290
2025-05-14,Commodities,4108
2025-05-14,Economics,28891
2025-05-14,Other,2516
2025-05-14,Politics,110
2025-05-15,Commodities,7259
2025-05-15,Economics,6362
2025-05-15,Other,7096
2025-05-15,Politics,220
2025-05-16,Commodities,3387
2025-05-16,Economics,16649
2025-05-16,Other,7971
2025-05-16,Politics,160
2025-05-17,Commodities,510
2025-05-17,Economics,10
2025-05-17,Other,440
2025-05-18,Commodities,10
2025-05-18,Economics,254
2025-05-18,Other,1161
2025-05-18,Politics,10
2025-05-19,Commodities,24809
2025-05-19,Economics,14552
2025-05-19,Other,16823
2025-05-20,Commodities,11731
2025-05-20,Economics,37496
2025-05-20,Other,1928
2025-05-21,Commodities,32756
2025-05-21,Economics,27425
2025-05-21,Other,8060
2025-05-21,Politics,21
2025-05-22,Commodities,21506
2025-05-22,Economics,23601
2025-05-22,Other,5422
2025-05-22,Politics,60
2025-05-23,Commodities,87552
2025-05-23,Economics,22664
2025-05-23,Other,5631
2025-05-23,Politics,10
2025-05-24,Economics,147
2025-05-24,Other,112
2025-05-25,Commodities,11
2025-05-25,Economics,1770
2025-05-25,Other,863
2025-05-25,Politics,10
2025-05-26,Commodities,892
2025-05-26,Economics,7858
2025-05-26,Other,2375
2025-05-26,Politics,350
2025-05-27,Commodities,12048
2025-05-27,Economics,11266
2025-05-27,Other,6538
2025-05-27,Politics,120
2025-05-28,Commodities,18413
2025-05-28,Economics,33449
2025-05-28,Other,6621
2025-05-28,Politics,750
2025-05-29,Commodities,43455
2025-05-29,Economics,17027
2025-05-29,Other,6058
2025-05-29,Politics,890
2025-05-30,Commodities,48773
2025-05-30,Economics,25368
2025-05-30,Other,12914
2025-05-30,Politics,140
2025-05-31,Economics,1028
2025-05-31,Other,1540
2025-05-31,Politics,20
2025-06-01,Commodities,660
2025-06-01,Economics,1115
2025-06-01,Other,3429
2025-06-01,Politics,30
2025-06-02,Commodities,28035
2025-06-02,Economics,39606
2025-06-02,Other,10858
2025-06-02,Politics,245
2025-06-03,Commodities,18214
2025-06-03,Economics,155026
2025-06-03,Other,10119
2025-06-03,Politics,141
2025-06-04,Commodities,36512
2025-06-04,Economics,88612
2025-06-04,Other,15251
2025-06-04,Politics,5979
2025-06-05,Commodities,81117
2025-06-05,Economics,27366
2025-06-05,Other,10578
2025-06-05,Politics,5011
2025-06-06,Commodities,39741
2025-06-06,Economics,84451
2025-06-06,Other,35639
2025-06-06,Politics,3049
2025-06-07,Commodities,90
2025-06-07,Economics,312
2025-06-07,Other,862
2025-06-07,Politics,14
2025-06-08,Economics,1254
2025-06-08,Other,902
2025-06-08,Politics,275
2025-06-09,Commodities,23233
2025-06-09,Economics,152523
2025-06-09,Other,4101
2025-06-09,Politics,126
2025-06-10,Commodities,13635
2025-06-10,Economics,279313
2025-06-10,Other,2029
2025-06-10,Politics,21
2025-06-11,Commodities,23906
2025-06-11,Economics,353673
2025-06-11,Other,21976
2025-06-11,Politics,45
2025-06-12,Commodities,42761
2025-06-12,Economics,73594
2025-06-12,Other,47238
2025-06-12,Politics,41
2025-06-13,Commodities,52130
2025-06-13,Economics,165060
2025-06-13,Other,25518
2025-06-13,Politics,102
2025-06-14,Economics,1043
2025-06-14,Other,103
2025-06-14,Politics,10
2025-06-15,Economics,1159
2025-06-15,Other,686
2025-06-15,Politics,19
2025-06-16,Commodities,14292
2025-06-16,Economics,145148
2025-06-16,Other,7671
2025-06-16,Politics,105
2025-06-17,Commodities,27370
2025-06-17,Economics,65511
2025-06-17,Other,105218
2025-06-17,Politics,15
2025-06-18,Commodities,12322
2025-06-18,Economics,250690
2025-06-18,Other,12751
2025-06-18,Politics,32
2025-06-19,Commodities,1620
2025-06-19,Economics,81328
2025-06-19,Other,3945
2025-06-19,Politics,97
2025-06-20,Commodities,22601
2025-06-20,Economics,106064
2025-06-20,Other,11940
2025-06-20,Politics,102
2025-06-21,Economics,187
2025-06-21,Other,1019
2025-06-21,Politics,10
2025-06-22,Commodities,2
2025-06-22,Economics,2647
2025-06-22,Other,4825
2025-06-22,Politics,12
2025-06-23,Commodities,59497
2025-06-23,Economics,131332
2025-06-23,Other,35363
2025-06-23,Politics,20
2025-06-24,Commodities,10278
2025-06-24,Economics,49513
2025-06-24,Other,178336
2025-06-24,Politics,20
2025-06-25,Commodities,14058
2025-06-25,Economics,34883
2025-06-25,Other,277642
2025-06-25,Politics,27
2025-06-26,Commodities,6338
2025-06-26,Crypto,280
2025-06-26,Economics,26515
2025-06-26,Other,14892
2025-06-26,Politics,20
2025-06-27,Commodities,215310
2025-06-27,Crypto,4621
2025-06-27,Economics,85729
2025-06-27,Other,19713
2025-06-27,Politics,200
2025-06-28,Economics,880
2025-06-28,Other,2289
2025-06-29,Commodities,1350
2025-06-29,Crypto,1
2025-06-29,Economics,1490
2025-06-29,Other,5252
2025-06-29,Politics,10
2025-06-30,Commodities,22347
2025-06-30,Crypto,6699
2025-06-30,Economics,33635
2025-06-30,Other,67103
2025-06-30,Politics,400
2025-07-01,Commodities,85005
2025-07-01,Crypto,7804
2025-07-01,Economics,82771
2025-07-01,Other,5707
2025-07-01,Politics,77
2025-07-02,Commodities,20763
2025-07-02,Crypto,4667
2025-07-02,Economics,93064
2025-07-02,Other,29366
2025-07-02,Politics,770
2025-07-03,Commodities,20764
2025-07-03,Crypto,14614
2025-07-03,Economics,46239
2025-07-03,Other,344211
2025-07-03,Politics,894
2025-07-04,Commodities,2830
2025-07-04,Crypto,24702
2025-07-04,Economics,139637
2025-07-04,Other,25729
2025-07-04,Politics,70
2025-07-05,Commodities,60
2025-07-05,Crypto,200
2025-07-05,Economics,366
2025-07-05,Other,88584
2025-07-05,Politics,10
2025-07-06,Commodities,10
2025-07-06,Crypto,1
2025-07-06,Economics,1060
2025-07-06,Other,711243
2025-07-06,Politics,30
2025-07-07,Commodities,28128
2025-07-07,Crypto,40217
2025-07-07,Economics,88195
2025-07-07,Other,30623
2025-07-07,Politics,230
2025-07-08,Commodities,13187
2025-07-08,Crypto,8798
2025-07-08,Economics,58223
2025-07-08,Other,30013
2025-07-08,Politics,10
2025-07-09,Commodities,32374
2025-07-09,Crypto,10751
2025-07-09,Economics,96860
2025-07-09,Other,10368
2025-07-10,Commodities,29764
2025-07-10,Crypto,5899
2025-07-10,Economics,41591
2025-07-10,Other,24098
2025-07-10,Politics,30
2025-07-11,Commodities,32639
2025-07-11,Crypto,4698
2025-07-11,Economics,39315
2025-07-11,Other,147240
2025-07-12,Economics,960
2025-07-12,Other,3775
2025-07-12,Politics,10
2025-07-13,Crypto,100
2025-07-13,Economics,2062
2025-07-13,Other,8676
2025-07-13,Politics,10
2025-07-14,Commodities,15195
2025-07-14,Crypto,9496
2025-07-14,Economics,55393
2025-07-14,Other,32793
2025-07-15,Commodities,23872
2025-07-15,Crypto,11125
2025-07-15,Economics,67471
2025-07-15,Other,15821
2025-07-16,Commodities,14662
2025-07-16,Crypto,15134
2025-07-16,Economics,48143
2025-07-16,Other,64498
2025-07-17,Commodities,32770
2025-07-17,Crypto,17247
2025-07-17,Economics,54323
2025-07-17,Other,26882
2025-07-18,Commodities,28983
2025-07-18,Crypto,12283
2025-07-18,Economics,43088
2025-07-18,Other,22637
2025-07-18,Politics,130
2025-07-19,Economics,181
2025-07-19,Other,2296
2025-07-20,Crypto,10410
2025-07-20,Economics,5669
2025-07-20,Other,10746
2025-07-21,Commodities,10538
2025-07-21,Crypto,15972
2025-07-21,Economics,25531
2025-07-21,Other,17394
2025-07-21,Politics,50
2025-07-22,Commodities,20478
2025-07-22,Crypto,6773
2025-07-22,Economics,32400
2025-07-22,Other,44922
2025-07-23,Commodities,11540
2025-07-23,Crypto,6950
2025-07-23,Economics,26392
2025-07-23,Other,14330
2025-07-23,Politics,10
2025-07-24,Commodities,25390
2025-07-24,Crypto,8529
2025-07-24,Economics,22454
2025-07-24,Other,86745
2025-07-24,Politics,190
2025-07-25,Commodities,4249
2025-07-25,Crypto,9215
2025-07-25,Economics,45086
2025-07-25,Other,21793
2025-07-26,Economics,5016
2025-07-26,Other,2021
2025-07-27,Commodities,190
2025-07-27,Crypto,301
2025-07-27,Economics,5870
2025-07-27,Other,12344
2025-07-27,Politics,6
2025-07-28,Commodities,9364
2025-07-28,Crypto,12639
2025-07-28,Economics,67151
2025-07-28,Other,9488
2025-07-28,Politics,351
2025-07-29,Commodities,18409
2025-07-29,Crypto,6494
2025-07-29,Economics,121356
2025-07-29,Other,38098
2025-07-29,Politics,40
2025-07-30,Commodities,51581
2025-07-30,Crypto,11081
2025-07-30,Economics,68914
2025-07-30,Other,182255
2025-07-30,Politics,69
2025-07-31,Commodities,16534
2025-07-31,Crypto,7616
2025-07-31,Economics,53154
2025-07-31,Other,165815
2025-07-31,Politics,153
2025-08-01,Commodities,36255
2025-08-01,Crypto,17485
2025-08-01,Economics,26258
2025-08-01,Other,101328
2025-08-01,Politics,11368
2025-08-02,Economics,1058
2025-08-02,Other,130
2025-08-03,Commodities,3
2025-08-03,Crypto,2863
2025-08-03,Economics,2139
2025-08-03,Other,12754
2025-08-03,Politics,450
2025-08-04,Commodities,25880
2025-08-04,Crypto,9330
2025-08-04,Economics,25373
2025-08-04,Other,38991
2025-08-04,Politics,230
2025-08-05,Commodities,59285
2025-08-05,Crypto,8393
2025-08-05,Economics,21712
2025-08-05,Other,244342
2025-08-05,Politics,100
2025-08-06,Commodities,28066
2025-08-06,Crypto,5377
2025-08-06,Economics,32920
2025-08-06,Other,109959
2025-08-06,Politics,10
2025-08-07,Commodities,26465
2025-08-07,Crypto,6780
2025-08-07,Economics,94373
2025-08-07,Other,9611
2025-08-07,Politics,740
2025-08-08,Commodities,41930
2025-08-08,Crypto,7370
2025-08-08,Economics,48527
2025-08-08,Other,111091
2025-08-08,Politics,20
2025-08-09,Economics,40
2025-08-09,Other,3726
2025-08-10,Commodities,20
2025-08-10,Crypto,35
2025-08-10,Economics,2205
2025-08-10,Other,11129
2025-08-10,Politics,60
2025-08-11,Commodities,56002
2025-08-11,Crypto,14095
2025-08-11,Economics,46377
2025-08-11,Other,6030
2025-08-12,Commodities,32454
2025-08-12,Crypto,8072
2025-08-12,Economics,57665
2025-08-12,Other,42003
2025-08-12,Politics,300
2025-08-13,Commodities,29879
2025-08-13,Crypto,6635
2025-08-13,Economics,83080
2025-08-13,Other,45475
2025-08-13,Politics,10
2025-08-14,Commodities,27543
2025-08-14,Crypto,19580
2025-08-14,Economics,36616
2025-08-14,Other,100681
2025-08-14,Politics,501
2025-08-15,Commodities,17291
2025-08-15,Crypto,11305
2025-08-15,Economics,65895
2025-08-15,Other,211154
2025-08-16,Crypto,200
2025-08-16,Economics,429
2025-08-16,Other,365
2025-08-17,Commodities,212
2025-08-17,Crypto,1865
2025-08-17,Economics,3156
2025-08-17,Other,2445
2025-08-17,Politics,50
2025-08-18,Commodities,7333
2025-08-18,Crypto,7117
2025-08-18,Economics,48321
2025-08-18,Other,6547
2025-08-18,Politics,1160
2025-08-19,Commodities,19029
2025-08-19,Crypto,8531
2025-08-19,Economics,30912
2025-08-19,Other,126990
2025-08-19,Politics,21
2025-08-20,Commodities,695
2025-08-20,Crypto,6978
2025-08-20,Economics,72335
2025-08-20,Other,161383
2025-08-20,Politics,10
2025-08-21,Commodities,25250
2025-08-21,Crypto,4324
2025-08-21,Economics,43737
2025-08-21,Other,28461
2025-08-22,Commodities,21626
2025-08-22,Crypto,6592
2025-08-22,Economics,133848
2025-08-22,Other,139330
2025-08-22,Politics,950
2025-08-23,Economics,392
2025-08-23,Other,860
2025-08-24,Commodities,2515
2025-08-24,Crypto,1160
2025-08-24,Economics,10084
2025-08-24,Other,2721
2025-08-24,Politics,151
2025-08-25,Commodities,30504
2025-08-25,Crypto,13445
2025-08-25,Economics,39092
2025-08-25,Other,415940
2025-08-25,Politics,30
2025-08-26,Commodities,9186
2025-08-26,Crypto,12148
2025-08-26,Economics,33482
2025-08-26,Other,107199
2025-08-26,Politics,99
2025-08-27,Commodities,27668
2025-08-27,Crypto,11227
2025-08-27,Economics,116031
2025-08-27,Other,15544
2025-08-27,Politics,140
2025-08-28,Commodities,25307
2025-08-28,Crypto,5489
2025-08-28,Economics,122463
2025-08-28,Other,99835
2025-08-28,Politics,50
2025-08-29,Commodities,34532
2025-08-29,Crypto,9105
2025-08-29,Economics,49577
2025-08-29,Other,153146
2025-08-29,Politics,220
2025-08-30,Commodities,100
2025-08-30,Crypto,1193
2025-08-30,Economics,1292
2025-08-30,Other,4150
2025-08-31,Commodities,5
2025-08-31,Crypto,1460
2025-08-31,Economics,11855
2025-08-31,Other,5260
2025-08-31,Politics,50
2025-09-01,Commodities,12227
2025-09-01,Crypto,8860
2025-09-01,Economics,11902
2025-09-01,Other,55397
2025-09-01,Politics,80
2025-09-02,Commodities,30552
2025-09-02,Crypto,13425
2025-09-02,Economics,39343
2025-09-02,Other,146680
2025-09-02,Politics,380
2025-09-03,Commodities,13003
2025-09-03,Crypto,11665
2025-09-03,Economics,48003
2025-09-03,Other,94257
2025-09-03,Politics,350
2025-09-04,Commodities,5646
2025-09-04,Crypto,18987
2025-09-04,Economics,55733
2025-09-04,Other,55398
2025-09-04,Politics,534
2025-09-05,Commodities,13051
2025-09-05,Crypto,15161
2025-09-05,Economics,113466
2025-09-05,Other,111809
2025-09-05,Politics,572
2025-09-06,Economics,2886
2025-09-06,Other,332
2025-09-06,Politics,40
2025-09-07,Commodities,1
2025-09-07,Crypto,4932
2025-09-07,Economics,38595
2025-09-07,Other,30479
2025-09-07,Politics,311
2025-09-08,Commodities,8006
2025-09-08,Crypto,29165
2025-09-08,Economics,194886
2025-09-08,Other,12546
2025-09-08,Politics,605
2025-09-09,Commodities,11941
2025-09-09,Crypto,15463
2025-09-09,Economics,297219
2025-09-09,Other,38944
2025-09-09,Politics,149
2025-09-10,Commodities,15361
2025-09-10,Crypto,18866
2025-09-10,Economics,365954
2025-09-10,Other,175212
2025-09-10,Politics,213
2025-09-11,Commodities,18776
2025-09-11,Crypto,16702
2025-09-11,Economics,177823
2025-09-11,Other,13257
2025-09-11,Politics,90
2025-09-12,Commodities,7967
2025-09-12,Crypto,17714
2025-09-12,Economics,185268
2025-09-12,Other,23629
2025-09-12,Politics,100
2025-09-13,Commodities,300
2025-09-13,Economics,1300
2025-09-13,Other,2523
2025-09-14,Commodities,567
2025-09-14,Crypto,2523
2025-09-14,Economics,28200
2025-09-14,Other,5174
2025-09-15,Commodities,12401
2025-09-15,Crypto,24636
2025-09-15,Economics,119540
2025-09-15,Other,84426
2025-09-15,Politics,130
2025-09-16,Commodities,18969
2025-09-16,Crypto,14120
2025-09-16,Economics,395428
2025-09-16,Other,65634
2025-09-16,Politics,10
2025-09-17,Commodities,16165
2025-09-17,Crypto,13742
2025-09-17,Economics,1066711
2025-09-17,Other,33226
2025-09-17,Politics,60
2025-09-18,Commodities,6177
2025-09-18,Crypto,23418
2025-09-18,Economics,21178
2025-09-18,Other,241490
2025-09-18,Politics,708
2025-09-19,Commodities,2722
2025-09-19,Crypto,28390
2025-09-19,Economics,19983
2025-09-19,Other,138700
2025-09-19,Politics,433
2025-09-20,Commodities,20
2025-09-20,Economics,1096
2025-09-20,Other,22810
2025-09-20,Politics,40
2025-09-21,Commodities,103
2025-09-21,Crypto,6535
2025-09-21,Economics,2492
2025-09-21,Other,14873
2025-09-21,Politics,610
2025-09-22,Commodities,21196
2025-09-22,Crypto,31395
2025-09-22,Economics,3717
2025-09-22,Other,83282
2025-09-22,Politics,20
2025-09-23,Commodities,7989
2025-09-23,Crypto,20765
2025-09-23,Economics,13670
2025-09-23,Other,39196
2025-09-23,Politics,183
2025-09-24,Commodities,12651
2025-09-24,Crypto,31148
2025-09-24,Economics,7313
2025-09-24,Other,136220
2025-09-24,Politics,40
2025-09-25,Commodities,16132
2025-09-25,Crypto,17649
2025-09-25,Economics,49927
2025-09-25,Other,103649
2025-09-25,Politics,30
2025-09-26,Commodities,5768
2025-09-26,Crypto,16949
2025-09-26,Economics,13126
2025-09-26,Other,89703
2025-09-26,Politics,50
2025-09-27,Economics,155
2025-09-27,Other,26866
2025-09-27,Politics,50
2025-09-28,Commodities,100
2025-09-28,Crypto,10147
2025-09-28,Economics,5714
2025-09-28,Other,188719
2025-09-28,Politics,30
2025-09-29,Commodities,10243
2025-09-29,Crypto,23451
2025-09-29,Economics,9701
2025-09-29,Other,51976
2025-09-29,Politics,205
2025-09-30,Commodities,35393
2025-09-30,Crypto,25154
2025-09-30,Economics,12749
2025-09-30,Other,78696
2025-09-30,Politics,34
2025-10-01,Commodities,10461
2025-10-01,Crypto,54026
2025-10-01,Economics,16994
2025-10-01,Other,72617
2025-10-01,Politics,152
2025-10-02,Commodities,41354
2025-10-02,Crypto,26784
2025-10-02,Economics,18668
2025-10-02,Other,95892
2025-10-02,Politics,15
2025-10-03,Commodities,9047
2025-10-03,Crypto,33363
2025-10-03,Economics,19809
2025-10-03,Other,227840
2025-10-03,Politics,154
2025-10-04,Commodities,211
2025-10-04,Crypto,1250
2025-10-04,Economics,570
2025-10-04,Other,10792
2025-10-04,Politics,156
2025-10-05,Commodities,20
2025-10-05,Crypto,3709
2025-10-05,Economics,7196
2025-10-05,Other,7393
2025-10-05,Politics,20
2025-10-06,Commodities,41024
2025-10-06,Crypto,21416
2025-10-06,Economics,78360
2025-10-06,Other,231400
2025-10-06,Politics,173
2025-10-07,Commodities,15061
2025-10-07,Crypto,23837
2025-10-07,Economics,37822
2025-10-07,Other,22793
2025-10-07,Politics,10
2025-10-08,Commodities,23119
2025-10-08,Crypto,9925
2025-10-08,Economics,19373
2025-10-08,Other,15408
2025-10-08,Politics,10
2025-10-09,Commodities,21108
2025-10-09,Crypto,12645
2025-10-09,Economics,54457
2025-10-09,Other,114248
2025-10-09,Politics,20
2025-10-10,Commodities,57708
2025-10-10,Crypto,30673
2025-10-10,Economics,34393
2025-10-10,Other,105006
2025-10-10,Politics,20
2025-10-11,Commodities,100
2025-10-11,Crypto,490
2025-10-11,Economics,2130
2025-10-11,Other,1255
2025-10-11,Politics,20
2025-10-12,Commodities,314
2025-10-12,Crypto,9285
2025-10-12,Economics,28378
2025-10-12,Other,50946
2025-10-12,Politics,27
2025-10-13,Commodities,137434
2025-10-13,Crypto,36111
2025-10-13,Economics,164361
2025-10-13,Other,196147
2025-10-13,Politics,10
2025-10-14,Commodities,162465
2025-10-14,Crypto,21109
2025-10-14,Economics,246020
2025-10-14,Other,76987
2025-10-14,Politics,10
2025-10-15,Commodities,94363
2025-10-15,Crypto,12643
2025-10-15,Economics,162051
2025-10-15,Other,30415
2025-10-15,Politics,820
2025-10-16,Commodities,204109
2025-10-16,Crypto,20808
2025-10-16,Economics,167512
2025-10-16,Other,252729
2025-10-16,Politics,60
2025-10-17,Commodities,242519
2025-10-17,Crypto,19560
2025-10-17,Economics,306836
2025-10-17,Other,584200
2025-10-17,Politics,55
2025-10-18,Economics,601
2025-10-18,Other,1257
2025-10-18,Politics,10
2025-10-19,Commodities,57
2025-10-19,Crypto,521
2025-10-19,Economics,12024
2025-10-19,Other,551269
2025-10-19,Politics,30
2025-10-20,Commodities,285097
2025-10-20,Crypto,10689
2025-10-20,Economics,122082
2025-10-20,Other,198122
2025-10-20,Politics,45
2025-10-21,Commodities,201947
2025-10-21,Crypto,13830
2025-10-21,Economics,224272
2025-10-21,Other,98071
2025-10-22,Commodities,57452
2025-10-22,Crypto,7655
2025-10-22,Economics,66002
2025-10-22,Other,104030
2025-10-22,Politics,20
2025-10-23,Commodities,135077
2025-10-23,Crypto,12887
2025-10-23,Economics,75928
2025-10-23,Other,191833
2025-10-23,Politics,30
2025-10-24,Commodities,124114
2025-10-24,Crypto,15052
2025-10-24,Economics,113614
2025-10-24,Other,540739
2025-10-24,Politics,240
2025-10-25,Commodities,8
2025-10-25,Crypto,80
2025-10-25,Economics,1866
2025-10-25,Other,265527
2025-10-25,Politics,60
2025-10-26,Commodities,100
2025-10-26,Crypto,1175
2025-10-26,Economics,66676
2025-10-26,Other,485771
2025-10-26,Politics,130
2025-10-27,Commodities,48596
2025-10-27,Crypto,11113
2025-10-27,Economics,205235
2025-10-27,Other,1877746
2025-10-27,Politics,60
2025-10-28,Commodities,57998
2025-10-28,Crypto,12043
2025-10-28,Economics,64271
2025-10-28,Other,3201256
2025-10-28,Politics,220
2025-10-29,Commodities,89577
2025-10-29,Crypto,5855
2025-10-29,Economics,289759
2025-10-29,Other,2489175
2025-10-29,Politics,20
2025-10-30,Commodities,1806
2025-10-30,Crypto,9690
2025-10-30,Economics,4681
2025-10-30,Other,3210051
2025-10-30,Politics,215
2025-10-31,Commodities,38495
2025-10-31,Crypto,9610
2025-10-31,Economics,33941
2025-10-31,Other,2101176
2025-10-31,Politics,120
2025-11-01,Commodities,90
2025-11-01,Economics,192
2025-11-01,Other,939992
2025-11-02,Commodities,25
2025-11-02,Crypto,430
2025-11-02,Economics,1856
2025-11-02,Other,1504770
2025-11-03,Commodities,69786
2025-11-03,Crypto,16356
2025-11-03,Economics,45688
2025-11-03,Other,3963645
2025-11-03,Politics,140
2025-11-04,Commodities,426874
2025-11-04,Crypto,10938
2025-11-04,Economics,251413
2025-11-04,Other,12242062
2025-11-04,Politics,10
2025-11-05,Commodities,318529
2025-11-05,Crypto,14037
2025-11-05,Economics,22391
2025-11-05,Other,6794400
2025-11-05,Politics,73
2025-11-06,Commodities,167817
2025-11-06,Crypto,9964
2025-11-06,Economics,63678
2025-11-06,Football,6
2025-11-06,Other,651981
2025-11-06,Politics,30
2025-11-07,Commodities,211066
2025-11-07,Crypto,11629
2025-11-07,Economics,140509
2025-11-07,Football,10
2025-11-07,Other,833049
2025-11-07,Politics,110
2025-11-08,Commodities,201
2025-11-08,Economics,760
2025-11-08,Other,300615
2025-11-08,Politics,10
2025-11-09,Crypto,101
2025-11-09,Economics,9723
2025-11-09,Other,78050
2025-11-10,Commodities,153054
2025-11-10,Crypto,8328
2025-11-10,Economics,39310
2025-11-10,Other,92748
2025-11-10,Politics,90
2025-11-11,Commodities,166776
2025-11-11,Crypto,12523
2025-11-11,Economics,69593
2025-11-11,Other,99087
2025-11-11,Politics,10
2025-11-11,Weather,12
2025-11-12,Commodities,130518
2025-11-12,Crypto,9136
2025-11-12,Economics,53747
2025-11-12,Other,125060
2025-11-12,Weather,1
2025-11-13,Commodities,125883
2025-11-13,Crypto,18236
2025-11-13,Economics,170361
2025-11-13,Football,914
2025-11-13,Other,89877
2025-11-13,Politics,2
2025-11-14,Commodities,248233
2025-11-14,Crypto,17626
2025-11-14,Economics,121796
2025-11-14,Football,1572
2025-11-14,Other,97799
2025-11-14,Politics,10
2025-11-15,Crypto,100
2025-11-15,Economics,2276
2025-11-15,Other,11705
2025-11-15,Politics,25
2025-11-16,Commodities,3
2025-11-16,Crypto,913
2025-11-16,Economics,11573
2025-11-16,Other,3767
2025-11-17,Commodities,160003
2025-11-17,Crypto,13845
2025-11-17,Economics,70768
2025-11-17,Football,2091
2025-11-17,Other,11595
2025-11-17,Politics,36
2025-11-18,Commodities,204589
2025-11-18,Crypto,18136
2025-11-18,Economics,163399
2025-11-18,Football,21689
2025-11-18,Other,20201
2025-11-18,Politics,228
2025-11-18,Weather,17055
2025-11-19,Commodities,135923
2025-11-19,Crypto,102277
2025-11-19,Economics,187370
2025-11-19,Football,8519
2025-11-19,Other,8094
2025-11-19,Politics,10
2025-11-19,Weather,629092
2025-11-20,Commodities,113294
2025-11-20,Crypto,80049
2025-11-20,Economics,246695
2025-11-20,Football,27793
2025-11-20,Other,9585
2025-11-20,Politics,1158
2025-11-20,Weather,1257170
2025-11-21,Commodities,250007
2025-11-21,Crypto,258931
2025-11-21,Economics,196355
2025-11-21,Football,73373
2025-11-21,Other,43921
2025-11-21,Politics,70
2025-11-21,Weather,1695534
2025-11-22,Commodities,111
2025-11-22,Crypto,277
2025-11-22,Economics,1358
2025-11-22,Football,26545
2025-11-22,Other,4140
2025-11-22,Weather,1518059
2025-11-23,Commodities,114
2025-11-23,Crypto,43635
2025-11-23,Economics,14934
2025-11-23,Football,1267360
2025-11-23,Other,5976
2025-11-23,Weather,1323367
2025-11-24,Commodities,181414
2025-11-24,Crypto,37211
2025-11-24,Economics,235947
2025-11-24,Football,8382
2025-11-24,Other,7279
2025-11-24,Politics,48
2025-11-24,Weather,1846178
2025-11-25,Commodities,202081
2025-11-25,Crypto,72644
2025-11-25,Economics,171002
2025-11-25,Football,54667
2025-11-25,Other,49206
2025-11-25,Politics,116
2025-11-25,Weather,2086427
2025-11-26,Commodities,151113
2025-11-26,Crypto,81463
2025-11-26,Economics,108996
2025-11-26,Football,57137
2025-11-26,Other,24188
2025-11-26,Politics,269
2025-11-26,Weather,2515686
2025-11-27,Commodities,383
2025-11-27,Crypto,76391
2025-11-27,Economics,16704
2025-11-27,Football,39046
2025-11-27,Other,66774
2025-11-27,Politics,210
2025-11-27,Weather,1502807
2025-11-28,Commodities,484205
2025-11-28,Crypto,82984
2025-11-28,Economics,180780
2025-11-28,Football,138314
2025-11-28,Other,6793
2025-11-28,Politics,260
2025-11-28,Weather,1656801
2025-11-29,Crypto,200
2025-11-29,Economics,460
2025-11-29,Football,229721
2025-11-29,Other,120
2025-11-29,Weather,1841523
2025-11-30,Commodities,2
2025-11-30,Crypto,180
2025-11-30,Economics,2927
2025-11-30,Football,9492771
2025-11-30,Other,52672
2025-11-30,Politics,20
2025-11-30,Weather,2069088
2025-12-01,Commodities,277873
2025-12-01,Crypto,62906
2025-12-01,Economics,432352
2025-12-01,Football,26260
2025-12-01,Other,8750
2025-12-01,Politics,595
2025-12-01,Weather,1970313
2025-12-02,Commodities,248378
2025-12-02,Crypto,48420
2025-12-02,Economics,235120
2025-12-02,Football,66251
2025-12-02,Other,6381
2025-12-02,Politics,2950
2025-12-02,Weather,2416896
2025-12-03,Commodities,263332
2025-12-03,Crypto,51291
2025-12-03,Economics,215928
2025-12-03,Football,41031
2025-12-03,Other,19154
2025-12-03,Politics,720
2025-12-03,Weather,2904291
2025-12-04,Commodities,272818
2025-12-04,Crypto,28632
2025-12-04,Economics,194505
2025-12-04,Football,73729
2025-12-04,Other,63315
2025-12-04,Politics,13392
2025-12-04,Weather,2380054
2025-12-05,Commodities,189661
2025-12-05,Crypto,81299
2025-12-05,Economics,201103
2025-12-05,Football,69269
2025-12-05,Other,12975
2025-12-05,Politics,828
2025-12-05,Weather,2659534
2025-12-06,Commodities,1100
2025-12-06,Economics,253
2025-12-06,Football,163901
2025-12-06,Other,679
2025-12-06,Weather,2197397
2025-12-07,Commodities,118
2025-12-07,Crypto,16780
2025-12-07,Economics,10710
2025-12-07,Football,8582068
2025-12-07,Other,4329
2025-12-07,Politics,138
2025-12-07,Weather,2157121
2025-12-08,Commodities,165520
2025-12-08,Crypto,24089
2025-12-08,Economics,181041
2025-12-08,Football,131421
2025-12-08,Other,83136
2025-12-08,Politics,440
2025-12-08,Weather,2739724
2025-12-09,Commodities,27682
2025-12-09,Crypto,58000
2025-12-09,Economics,138090
2025-12-09,Football,257494
2025-12-09,Other,16135
2025-12-09,Politics,1325
2025-12-09,Weather,2194579
2025-12-10,Commodities,78438
2025-12-10,Crypto,145744
2025-12-10,Economics,492428
2025-12-10,Football,190028
2025-12-10,Other,83560
2025-12-10,Politics,5760
2025-12-10,Weather,2951538
2025-12-11,Commodities,128238
2025-12-11,Crypto,81342
2025-12-11,Economics,108119
2025-12-11,Football,354896
2025-12-11,Other,18661
2025-12-11,Politics,8646
2025-12-11,Weather,2620180
2025-12-12,Commodities,91770
2025-12-12,Crypto,88024
2025-12-12,Economics,205576
2025-12-12,Football,751109
2025-12-12,Other,34007
2025-12-12,Politics,11929
2025-12-12,Weather,2053575
2025-12-13,Commodities,225
2025-12-13,Economics,10255
2025-12-13,Football,527967
2025-12-13,Other,2401
2025-12-13,Politics,1275
2025-12-13,Weather,1687210
2025-12-14,Commodities,261
2025-12-14,Crypto,1000
2025-12-14,Economics,9710
2025-12-14,Football,24282329
2025-12-14,Other,5909
2025-12-14,Politics,1203
2025-12-14,Weather,1545136
2025-12-15,Commodities,22835
2025-12-15,Crypto,83171
2025-12-15,Economics,50879
2025-12-15,Football,46741
2025-12-15,Other,39335
2025-12-15,Politics,9728
2025-12-15,Weather,2438338
2025-12-16,Commodities,135413
2025-12-16,Crypto,83339
2025-12-16,Economics,190184
2025-12-16,Football,148253
2025-12-16,Other,35584
2025-12-16,Politics,5002
2025-12-16,Weather,1940618
2025-12-17,Commodities,111281
2025-12-17,Crypto,145514
2025-12-17,Economics,144900
2025-12-17,Football,89820
2025-12-17,Other,33588
2025-12-17,Politics,8806
2025-12-17,Weather,2773857
2025-12-18,Commodities,29168
2025-12-18,Crypto,98299
2025-12-18,Economics,56530
2025-12-18,Football,102800
2025-12-18,Other,15245
2025-12-18,Politics,3342
2025-12-18,Weather,2708929
2025-12-19,Commodities,27085
2025-12-19,Crypto,142604
2025-12-19,Economics,42342
2025-12-19,Football,256753
2025-12-19,Other,24372
2025-12-19,Politics,8493
2025-12-19,Weather,2468966
2025-12-20,Commodities,1913
2025-12-20,Crypto,142
2025-12-20,Economics,771
2025-12-20,Football,222790
2025-12-20,Other,1064
2025-12-20,Politics,1118
2025-12-20,Weather,1331879
2025-12-21,Crypto,51542
2025-12-21,Economics,7062
2025-12-21,Football,17463920
2025-12-21,Other,4850
2025-12-21,Politics,726
2025-12-21,Weather,1303596
2025-12-22,Commodities,69873
2025-12-22,Crypto,115218
2025-12-22,Economics,37394
2025-12-22,Football,2452306
2025-12-22,Other,11955
2025-12-22,Politics,3816
2025-12-22,Weather,1906091
2025-12-23,Commodities,17561
2025-12-23,Crypto,49574
2025-12-23,Economics,21813
2025-12-23,Football,14608032
2025-12-23,Other,27053
2025-12-23,Politics,133
2025-12-23,Weather,2166591
2025-12-24,Commodities,37970
2025-12-24,Crypto,62552
2025-12-24,Economics,79076
2025-12-24,Football,404230
2025-12-24,Other,6522
2025-12-24,Politics,546
2025-12-24,Weather,3286702
2025-12-25,Commodities,5
2025-12-25,Crypto,45102
2025-12-25,Economics,1573
2025-12-25,Football,9619949
2025-12-25,Other,1632
2025-12-25,Politics,26
2025-12-25,Weather,2341426
2025-12-26,Commodities,34347
2025-12-26,Crypto,124700
2025-12-26,Economics,42919
2025-12-26,Football,362756
2025-12-26,Other,3884
2025-12-26,Politics,4367
2025-12-26,Weather,2720465
2025-12-27,Commodities,50
2025-12-27,Crypto,400
2025-12-27,Economics,113
2025-12-27,Football,830180
2025-12-27,Other,757
2025-12-27,Weather,1925512
2025-12-28,Commodities,190
2025-12-28,Crypto,26357
2025-12-28,Economics,5001
2025-12-28,Football,37346428
2025-12-28,Other,2185
2025-12-28,Politics,517
2025-12-28,Weather,1268973
2025-12-29,Commodities,13929
2025-12-29,Crypto,69438
2025-12-29,Economics,47099
2025-12-29,Other,18080
2025-12-29,Politics,162
2025-12-29,Weather,2080414
2025-12-30,Commodities,31134
2025-12-30,Crypto,65221
2025-12-30,Economics,75668
2025-12-30,Football,518397
2025-12-30,Other,9618
2025-12-30,Politics,1611
2025-12-30,Weather,2003722
2025-12-31,Commodities,5010
2025-12-31,Crypto,53113
2025-12-31,Economics,62459
2025-12-31,Football,241253
2025-12-31,Other,18829
2025-12-31,Politics,1771
2025-12-31,Weather,1575422
2026-01-01,Commodities,100
2026-01-01,Crypto,41986
2026-01-01,Economics,26725
2026-01-01,Football,314874
2026-01-01,Other,15183
2026-01-01,Politics,180
2026-01-01,Weather,1071260
2026-01-02,Commodities,52282
2026-01-02,Crypto,77659
2026-01-02,Economics,55710
2026-01-02,Football,671978
2026-01-02,Other,80811
2026-01-02,Politics,883
2026-01-02,Weather,1196992
2026-01-03,Crypto,2230
2026-01-03,Economics,27707
2026-01-03,Football,6440164
2026-01-03,Other,1387
2026-01-03,Politics,5320
2026-01-03,Weather,1194007
2026-01-04,Commodities,172
2026-01-04,Crypto,18672
2026-01-04,Economics,7083
2026-01-04,Football,49600649
2026-01-04,Other,11169
2026-01-04,Politics,3242
2026-01-04,Weather,1127131
2026-01-05,Commodities,62001
2026-01-05,Crypto,40818
2026-01-05,Economics,111641
2026-01-05,Football,107831
2026-01-05,Other,18792
2026-01-05,Politics,5701
2026-01-05,Weather,1257029
2026-01-06,Commodities,72866
2026-01-06,Crypto,69471
2026-01-06,Economics,88894
2026-01-06,Football,131778
2026-01-06,Other,40846
2026-01-06,Politics,5537
2026-01-06,Weather,1064247
2026-01-07,Commodities,67731
2026-01-07,Crypto,47333
2026-01-07,Economics,131240
2026-01-07,Football,83866
2026-01-07,Other,14226
2026-01-07,Politics,4153
2026-01-07,Weather,1334892
2026-01-08,Commodities,58423
2026-01-08,Crypto,88497
2026-01-08,Economics,160093
2026-01-08,Football,82842
2026-01-08,Other,12949
2026-01-08,Politics,3516
2026-01-08,Weather,1331213
2026-01-09,Commodities,25089
2026-01-09,Crypto,157807
2026-01-09,Economics,91721
2026-01-09,Football,311796
2026-01-09,Other,20919
2026-01-09,Politics,580
2026-01-09,Weather,1604372
2026-01-10,Commodities,101
2026-01-10,Crypto,707
2026-01-10,Economics,10419
2026-01-10,Football,296654
2026-01-10,Other,4188
2026-01-10,Politics,76
2026-01-10,Weather,2097869
2026-01-11,Commodities,100
2026-01-11,Crypto,11800
2026-01-11,Economics,1129
2026-01-11,Football,19998756
2026-01-11,Other,5392
2026-01-11,Politics,2560
2026-01-11,Weather,975595
2026-01-12,Commodities,32757
2026-01-12,Crypto,96979
2026-01-12,Economics,179011
2026-01-12,Other,13642
2026-01-12,Politics,10741
2026-01-12,Weather,1196937
2026-01-13,Commodities,33581
2026-01-13,Crypto,82685
2026-01-13,Economics,161395
2026-01-13,Football,203471
2026-01-13,Other,13247
2026-01-13,Politics,1450
2026-01-13,Weather,1606698
2026-01-14,Commodities,55457
2026-01-14,Crypto,75708
2026-01-14,Economics,111453
2026-01-14,Football,163224
2026-01-14,Other,29745
2026-01-14,Politics,14682
2026-01-14,Weather,1437623
2026-01-15,Basketball (pro),20
2026-01-15,Commodities,17286
2026-01-15,Crypto,160735
2026-01-15,Economics,64438
2026-01-15,Football,182202
2026-01-15,Other,23390
2026-01-15,Politics,1488
2026-01-15,Weather,1453658
2026-01-16,Commodities,33201
2026-01-16,Crypto,284236
2026-01-16,Economics,74852
2026-01-16,Football,247031
2026-01-16,Other,24321
2026-01-16,Politics,76251
2026-01-16,Weather,1598472
2026-01-17,Commodities,171
2026-01-17,Crypto,36327
2026-01-17,Economics,6084
2026-01-17,Football,463562
2026-01-17,Other,14047
2026-01-17,Politics,2350
2026-01-17,Weather,1220076
2026-01-18,Commodities,601
2026-01-18,Crypto,33230
2026-01-18,Economics,3815
2026-01-18,Football,18911369
2026-01-18,Other,9752
2026-01-18,Politics,2076
2026-01-18,Weather,1007514
2026-01-19,Commodities,18199
2026-01-19,Crypto,91329
2026-01-19,Economics,92722
2026-01-19,Football,4693200
2026-01-19,Other,10213
2026-01-19,Politics,22634
2026-01-19,Weather,1665092
2026-01-20,Basketball (pro),1250
2026-01-20,Commodities,94893
2026-01-20,Crypto,161224
2026-01-20,Economics,170470
2026-01-20,Other,10385
2026-01-20,Politics,21995
2026-01-20,Weather,1759129
2026-01-21,Basketball (pro),1002
2026-01-21,Commodities,12456
2026-01-21,Crypto,177593
2026-01-21,Economics,85146
2026-01-21,Other,20882
2026-01-21,Politics,20138
2026-01-21,Weather,1599491
2026-01-22,Commodities,26049
2026-01-22,Crypto,136484
2026-01-22,Economics,113697
2026-01-22,Other,32979
2026-01-22,Politics,3756
2026-01-22,Weather,1871490
2026-01-23,Commodities,32845
2026-01-23,Crypto,275335
2026-01-23,Economics,96110
2026-01-23,Other,8963
2026-01-23,Politics,7173
2026-01-23,Weather,1847544
2026-01-24,Commodities,100
2026-01-24,Crypto,38911
2026-01-24,Economics,25523
2026-01-24,Other,9146
2026-01-24,Politics,2440
2026-01-24,Weather,1216029
2026-01-25,Commodities,349
2026-01-25,Crypto,113151
2026-01-25,Economics,25239
2026-01-25,Other,8286
2026-01-25,Politics,1720
2026-01-25,Weather,1130082
2026-01-26,Commodities,39653
2026-01-26,Crypto,176582
2026-01-26,Economics,72527
2026-01-26,Other,36539
2026-01-26,Politics,408
2026-01-26,Weather,1542185
2026-01-27,Commodities,23832
2026-01-27,Crypto,130714
2026-01-27,Economics,35762
2026-01-27,Other,23222
2026-01-27,Politics,3517
2026-01-27,Weather,1412803
2026-01-28,Commodities,36439
2026-01-28,Crypto,98755
2026-01-28,Economics,106312
2026-01-28,Other,13549
2026-01-28,Politics,8000
2026-01-28,Weather,1461122
2026-01-29,Commodities,19316
2026-01-29,Crypto,185500
2026-01-29,Economics,43172
2026-01-29,Other,23411
2026-01-29,Politics,6044
2026-01-29,Weather,1349496
2026-01-30,Basketball (pro),22
2026-01-30,Commodities,16198
2026-01-30,Crypto,221360
2026-01-30,Economics,37760
2026-01-30,Other,26076
2026-01-30,Politics,86822
2026-01-30,Weather,1498243
2026-01-31,Basketball (pro),67659
2026-01-31,Crypto,186236
2026-01-31,Economics,11678
2026-01-31,Other,4580
2026-01-31,Politics,381
2026-01-31,Weather,850204
2026-02-01,Commodities,1274
2026-02-01,Crypto,284015
2026-02-01,Economics,8611
2026-02-01,Other,33632
2026-02-01,Politics,2240
2026-02-01,Weather,806552
2026-02-02,Commodities,11183
2026-02-02,Crypto,407990
2026-02-02,Economics,22239
2026-02-02,Other,25137
2026-02-02,Politics,112
2026-02-02,Weather,1359290
2026-02-03,Basketball (pro),18158
2026-02-03,Commodities,15589
2026-02-03,Crypto,201245
2026-02-03,Economics,26422
2026-02-03,Other,21021
2026-02-03,Politics,810
2026-02-03,Weather,1791420
2026-02-04,Basketball (pro),10340
2026-02-04,Commodities,19204
2026-02-04,Crypto,284321
2026-02-04,Economics,130369
2026-02-04,Other,8700
2026-02-04,Politics,17958
2026-02-04,Weather,1472789
2026-02-05,Basketball (pro),81811
2026-02-05,Commodities,49311
2026-02-05,Crypto,397517
2026-02-05,Economics,105724
2026-02-05,Other,44528
2026-02-05,Politics,242
2026-02-05,Weather,1523309
2026-02-06,Basketball (pro),647848
2026-02-06,Commodities,54804
2026-02-06,Crypto,436239
2026-02-06,Economics,40645
2026-02-06,Other,6638
2026-02-06,Politics,4830
2026-02-06,Weather,1284090
2026-02-07,Commodities,2261
2026-02-07,Crypto,90617
2026-02-07,Economics,2089
2026-02-07,Other,8326
2026-02-07,Politics,31
2026-02-07,Weather,1561711
2026-02-08,Commodities,4579
2026-02-08,Crypto,79451
2026-02-08,Economics,5315
2026-02-08,Other,9442
2026-02-08,Weather,1729912
2026-02-09,Commodities,19179
2026-02-09,Crypto,225510
2026-02-09,Economics,60875
2026-02-09,Other,10998
2026-02-09,Politics,240
2026-02-09,Weather,1400374
2026-02-10,Commodities,47063
2026-02-10,Crypto,173579
2026-02-10,Economics,76565
2026-02-10,Other,27448
2026-02-10,Politics,14910
2026-02-10,Weather,1399552
2026-02-11,Basketball (pro),5942
2026-02-11,Commodities,29859
2026-02-11,Crypto,161498
2026-02-11,Economics,42598
2026-02-11,Other,13820
2026-02-11,Politics,2904
2026-02-11,Weather,1421579
2026-02-12,Basketball (pro),1324472
2026-02-12,Commodities,56140
2026-02-12,Crypto,122327
2026-02-12,Economics,51417
2026-02-12,Other,38813
2026-02-12,Politics,30383
2026-02-12,Weather,1284266
2026-02-13,Basketball (pro),12041744
2026-02-13,Commodities,23131
2026-02-13,Crypto,199559
2026-02-13,Economics,64356
2026-02-13,Other,17876
2026-02-13,Politics,1680
2026-02-13,Weather,1129841
2026-02-14,Commodities,7961
2026-02-14,Crypto,59261
2026-02-14,Economics,1380
2026-02-14,Other,11674
2026-02-14,Politics,11
2026-02-14,Weather,1380639
2026-02-15,Commodities,9872
2026-02-15,Crypto,85392
2026-02-15,Economics,2721
2026-02-15,Other,7155
2026-02-15,Politics,30
2026-02-15,Weather,1498012
2026-02-16,Commodities,24840
2026-02-16,Crypto,102213
2026-02-16,Economics,28699
2026-02-16,Other,4927
2026-02-16,Politics,400
2026-02-16,Weather,1542541
2026-02-17,Commodities,97650
2026-02-17,Crypto,227879
2026-02-17,Economics,34145
2026-02-17,Other,13774
2026-02-17,Politics,1895
2026-02-17,Weather,1528733
2026-02-18,Commodities,48688
2026-02-18,Crypto,271614
2026-02-18,Economics,52928
2026-02-18,Other,19984
2026-02-18,Politics,2470
2026-02-18,Weather,1618148
2026-02-19,Commodities,81266
2026-02-19,Crypto,181861
2026-02-19,Economics,91320
2026-02-19,Other,28913
2026-02-19,Weather,1535850
2026-02-20,Commodities,115384
2026-02-20,Crypto,207404
2026-02-20,Economics,126148
2026-02-20,Other,24036
2026-02-20,Weather,2012920
2026-02-21,Commodities,38066
2026-02-21,Crypto,130161
2026-02-21,Economics,2727
2026-02-21,Other,9728
2026-02-21,Politics,762
2026-02-21,Weather,1496698
2026-02-22,Commodities,18560
2026-02-22,Crypto,38437
2026-02-22,Economics,1049
2026-02-22,Other,1409
2026-02-22,Politics,50
2026-02-22,Weather,812450
2026-02-23,Commodities,200164
2026-02-23,Crypto,309518
2026-02-23,Economics,67851
2026-02-23,Other,13915
2026-02-23,Politics,2103
2026-02-23,Weather,1355966
2026-02-24,Commodities,173142
2026-02-24,Crypto,113178
2026-02-24,Economics,82949
2026-02-24,Other,90060
2026-02-24,Politics,20
2026-02-24,Weather,1453155
2026-02-25,Commodities,208249
2026-02-25,Crypto,133874
2026-02-25,Economics,62921
2026-02-25,Other,32293
2026-02-25,Politics,1030
2026-02-25,Weather,1320983
2026-02-26,Commodities,184137
2026-02-26,Crypto,126422
2026-02-26,Economics,68272
2026-02-26,Other,49505
2026-02-26,Politics,60
2026-02-26,Weather,1290947
2026-02-27,Commodities,214708
2026-02-27,Crypto,161970
2026-02-27,Economics,152037
2026-02-27,Other,12362
2026-02-27,Politics,10
2026-02-27,Weather,1588047
2026-02-28,Commodities,65761
2026-02-28,Crypto,184152
2026-02-28,Economics,736
2026-02-28,Other,2992
2026-02-28,Politics,10
2026-02-28,Weather,1313933
2026-03-01,Commodities,33140
2026-03-01,Crypto,117945
2026-03-01,Economics,9505
2026-03-01,Other,3044
2026-03-01,Politics,60
2026-03-01,Weather,1380916
2026-03-02,Commodities,250685
2026-03-02,Crypto,84872
2026-03-02,Economics,180097
2026-03-02,Other,5171
2026-03-02,Politics,745
2026-03-02,Weather,1233714
2026-03-03,Commodities,196596
2026-03-03,Crypto,158493
2026-03-03,Economics,227399
2026-03-03,Other,10361
2026-03-03,Politics,1040
2026-03-03,Weather,966351
2026-03-04,Commodities,304103
2026-03-04,Crypto,146545
2026-03-04,Economics,100517
2026-03-04,Other,26552
2026-03-04,Politics,2689
2026-03-04,Weather,1240228
2026-03-05,Commodities,237670
2026-03-05,Crypto,118348
2026-03-05,Economics,89425
2026-03-05,Other,39714
2026-03-05,Politics,330
2026-03-05,Weather,1188584
2026-03-06,Commodities,186017
2026-03-06,Crypto,151063
2026-03-06,Economics,130041
2026-03-06,Other,303769
2026-03-06,Politics,436
2026-03-06,Weather,1151129
2026-03-07,Commodities,5184
2026-03-07,Crypto,122180
2026-03-07,Economics,3343
2026-03-07,Other,27761
2026-03-07,Politics,230
2026-03-07,Weather,1042176
2026-03-08,Commodities,6571
2026-03-08,Crypto,74190
2026-03-08,Economics,3660
2026-03-08,Other,11373
2026-03-08,Politics,400
2026-03-08,Weather,541951
2026-03-09,Commodities,176407
2026-03-09,Crypto,85197
2026-03-09,Economics,148579
2026-03-09,Other,16951
2026-03-09,Politics,560
2026-03-09,Weather,784067
2026-03-10,Commodities,134857
2026-03-10,Crypto,102403
2026-03-10,Economics,71520
2026-03-10,Other,34396
2026-03-10,Politics,30
2026-03-10,Weather,966853
2026-03-11,Commodities,121864
2026-03-11,Crypto,106332
2026-03-11,Economics,150320
2026-03-11,Other,44824
2026-03-11,Politics,50
2026-03-11,Weather,1089044
2026-03-12,Commodities,145884
2026-03-12,Crypto,98374
2026-03-12,Economics,130739
2026-03-12,Other,62226
2026-03-12,Politics,30
2026-03-12,Weather,1488366
2026-03-13,Commodities,171306
2026-03-13,Crypto,570210
2026-03-13,Economics,83798
2026-03-13,Other,14167
2026-03-13,Politics,12
2026-03-13,Weather,1073600
2026-03-14,Commodities,3015
2026-03-14,Crypto,83319
2026-03-14,Economics,22159
2026-03-14,Other,24075
2026-03-14,Weather,854751
2026-03-15,Commodities,2208
2026-03-15,Crypto,35762
2026-03-15,Economics,1300
2026-03-15,Other,5960
2026-03-15,Politics,50
2026-03-15,Weather,1081160
2026-03-16,Commodities,152787
2026-03-16,Crypto,92574
2026-03-16,Economics,201206
2026-03-16,Other,15882
2026-03-16,Politics,22
2026-03-16,Weather,1113243
2026-03-17,Commodities,76002
2026-03-17,Crypto,78528
2026-03-17,Economics,96328
2026-03-17,Other,15429
2026-03-17,Weather,1325401
2026-03-18,Commodities,188412
2026-03-18,Crypto,81473
2026-03-18,Economics,161806
2026-03-18,Other,32816
2026-03-18,Politics,6
2026-03-18,Weather,1152607
2026-03-19,Commodities,168929
2026-03-19,Crypto,105675
2026-03-19,Economics,168576
2026-03-19,Other,16746
2026-03-19,Politics,20
2026-03-19,Weather,817895
2026-03-20,Commodities,185667
2026-03-20,Crypto,138635
2026-03-20,Economics,110421
2026-03-20,Other,20175
2026-03-20,Weather,1229988
2026-03-21,Commodities,1608
2026-03-21,Crypto,92050
2026-03-21,Economics,498
2026-03-21,Other,11347
2026-03-21,Weather,610839
2026-03-22,Commodities,1634
2026-03-22,Crypto,74700
2026-03-22,Economics,883
2026-03-22,Other,35850
2026-03-22,Politics,25
2026-03-22,Weather,667972
2026-03-23,Commodities,215858
2026-03-23,Crypto,47212
2026-03-23,Economics,57692
2026-03-23,Other,16521
2026-03-23,Politics,105
2026-03-23,Weather,813507
2026-03-24,Commodities,130794
2026-03-24,Crypto,66895
2026-03-24,Economics,94955
2026-03-24,Other,33686
2026-03-24,Politics,165
2026-03-24,Weather,776004
2026-03-25,Commodities,126234
2026-03-25,Crypto,44490
2026-03-25,Economics,91448
2026-03-25,Other,28455
2026-03-25,Weather,759423
2026-03-26,Commodities,96227
2026-03-26,Crypto,49450
2026-03-26,Economics,75430
2026-03-26,Other,42603
2026-03-26,Politics,40
2026-03-26,Weather,806080
2026-03-27,Commodities,179698
2026-03-27,Crypto,193768
2026-03-27,Economics,105848
2026-03-27,Other,45423
2026-03-27,Weather,990208
2026-03-28,Commodities,2790
2026-03-28,Crypto,157722
2026-03-28,Economics,3158
2026-03-28,Other,14288
2026-03-28,Politics,10
2026-03-28,Weather,766824
2026-03-29,Commodities,3883
2026-03-29,Crypto,76336
2026-03-29,Economics,12578
2026-03-29,Other,8607
2026-03-29,Politics,60
2026-03-29,Weather,723938
2026-03-30,Commodities,175869
2026-03-30,Crypto,24482
2026-03-30,Economics,106086
2026-03-30,Other,50570
2026-03-30,Politics,290
2026-03-30,Weather,748896
2026-03-31,Commodities,135471
2026-03-31,Crypto,34263
2026-03-31,Economics,33844
2026-03-31,Other,26180
2026-03-31,Weather,814558
2026-04-01,Commodities,127471
2026-04-01,Crypto,39821
2026-04-01,Economics,57239
2026-04-01,Other,18369
2026-04-01,Politics,112
2026-04-01,Weather,791351
2026-04-02,Commodities,157513
2026-04-02,Crypto,60615
2026-04-02,Economics,70033
2026-04-02,Other,45234
2026-04-02,Politics,370
2026-04-02,Weather,611706
2026-04-03,Commodities,1570
2026-04-03,Crypto,33920
2026-04-03,Economics,27841
2026-04-03,Other,32585
2026-04-03,Politics,430
2026-04-03,Weather,1044364
2026-04-04,Commodities,8
2026-04-04,Crypto,118572
2026-04-04,Economics,1840
2026-04-04,Other,9376
2026-04-04,Politics,10
2026-04-04,Weather,1141831
2026-04-05,Commodities,2272
2026-04-05,Crypto,20555
2026-04-05,Economics,1268
2026-04-05,Other,4595
2026-04-05,Weather,900831
2026-04-06,Commodities,123119
2026-04-06,Crypto,38438
2026-04-06,Economics,35788
2026-04-06,Other,24008
2026-04-06,Politics,110
2026-04-06,Weather,908022
2026-04-07,Commodities,234809
2026-04-07,Crypto,45311
2026-04-07,Economics,77915
2026-04-07,Other,9056
2026-04-07,Weather,988304
2026-04-08,Commodities,305387
2026-04-08,Crypto,39467
2026-04-08,Economics,167420
2026-04-08,Other,25953
2026-04-08,Politics,150
2026-04-08,Weather,812980
2026-04-09,Commodities,209577
2026-04-09,Crypto,40452
2026-04-09,Economics,72450
2026-04-09,Other,61689
2026-04-09,Weather,994458
2026-04-10,Commodities,109773
2026-04-10,Crypto,40681
2026-04-10,Economics,67564
2026-04-10,Other,43104
2026-04-10,Politics,31
2026-04-10,Weather,761592
2026-04-11,Commodities,915
2026-04-11,Crypto,205907
2026-04-11,Economics,5987
2026-04-11,Other,37396
2026-04-11,Politics,210
2026-04-11,Weather,679398
2026-04-12,Commodities,5220
2026-04-12,Crypto,81778
2026-04-12,Economics,1483
2026-04-12,Other,5630
2026-04-12,Weather,818612
2026-04-13,Commodities,62336
2026-04-13,Crypto,57151
2026-04-13,Economics,49251
2026-04-13,Other,42731
2026-04-13,Weather,593861
2026-04-14,Commodities,97906
2026-04-14,Crypto,32701
2026-04-14,Economics,61756
2026-04-14,Other,48063
2026-04-14,Politics,1063
2026-04-14,Weather,892445
