group,price_bin,n_trades,n_contracts,sum_price,yes_trades,yes_contracts,actual_win_rate,actual_win_rate_wt,implied_prob,calib_error,calib_error_qty,n_events,n_contracts_distinct,n_settle_days,g_eff,se_event_cents,se_event_cents_qty,se_day_cents,se_naive_cents,significant_2se
ALL,0,194397,71528265,551170,4181,723928,0.021507533552472518,0.010120866205827864,0.028352803798412526,-0.006845270245936373,-0.015910485735953633,8585,27017,446,51.326684863039965,0.31617515734033314,0.5080961639472305,0.3173013674593021,0.03282697039856134,1
ALL,5,337903,74151639,2390665,20161,1924450,0.05966505180480789,0.02595289903167211,0.07075003773272211,-0.011084985927890442,-0.04447932728769804,9471,32450,466,141.47858538471343,0.6323770879341786,1.1088431972503043,0.6331147952072409,0.04074656262986993,0
ALL,10,367747,76980088,4390976,33480,2928216,0.0910408514549405,0.038038615908051444,0.1194020889361436,-0.02836123748118932,-0.08221528234678478,9541,31799,472,63.07481347980821,1.2456522028184815,1.8666674655401474,1.2494816756218041,0.047456556943174015,1
ALL,15,333842,56303271,5646423,44847,4378389,0.13433600325902673,0.0777643806875803,0.16913459061472194,-0.03479858735569656,-0.09150143425946969,9375,28492,479,81.99476540319574,1.5885831154371304,3.133963773462959,1.6082043603010177,0.05900354093847562,1
ALL,20,287095,33550534,6281368,56598,5317885,0.19714031940646823,0.15850373648300203,0.2187905745484944,-0.021650255142037396,-0.06059723520346763,9303,27260,479,530.6959975218939,1.0806642067865762,2.718934811871374,1.0209000879648849,0.07422226380716657,1
ALL,25,307633,45900204,8280203,69931,6568886,0.22731956584631688,0.14311234869457226,0.2691584777965953,-0.0418389119503245,-0.12643589623263296,9124,25566,483,99.82720551589595,2.4700807047214832,5.163296583835486,2.409195883552285,0.07555420408394477,0
ALL,30,290027,39142203,9274937,88220,9881064,0.30417857647736246,0.25244016030472277,0.31979563971630226,-0.015617063238910819,-0.06925184461386015,9028,24747,485,209.50268346259182,3.1503490664627756,7.526589941069897,3.064851303402807,0.08534535063252231,0
ALL,35,321469,59094127,11896403,89858,8878691,0.27952306443234026,0.1502465888023018,0.3700637697569595,-0.09054070532467433,-0.2212817679834867,8886,23358,489,30.51948805234574,5.316396038204878,7.896504445112885,5.347755364651496,0.07929108966950756,0
ALL,40,373297,85604206,15687400,98850,10594088,0.26480255667739094,0.12375662943477334,0.4202391125564899,-0.15543655587911465,-0.2980329958320141,8862,22905,491,9.445840000113906,8.744786449682831,8.434951751487482,8.840652427487743,0.07233416477801362,0
ALL,45,445090,122942205,20751447,111794,14988285,0.25117167314475725,0.12191325997447337,0.4662303579051428,-0.21505868476038567,-0.3428129037542618,8806,22312,487,5.363021527390184,10.748488182056482,8.438476185106008,10.805798890632397,0.06459242892205161,1
ALL,50,296132,60720306,15385485,145407,26580367,0.49102089608688015,0.43775087365337056,0.5195482082314643,-0.02852731214458568,-0.08337647985502888,8827,22682,494,22.677364573248884,1.4077378901032949,2.8930725918780626,1.399625616972199,0.09139763982318862,1
ALL,55,375456,82801733,21505891,271747,70726087,0.7237785519474985,0.8541619171183289,0.5727939092729907,0.15098464267453746,0.2790096011637906,8707,21858,487,6.76477598301091,10.433423932659851,9.606635136569365,10.43632410149501,0.07264296818770007,0
ALL,60,449755,98951042,27680550,355222,88873365,0.7898122311036009,0.8981549178633207,0.6154584162488466,0.1743538148547243,0.28484004210891173,8799,22155,481,4.360039490580147,10.31625970519084,7.721069166165486,10.335560570904414,0.06104172895918823,0
ALL,65,296781,45140104,19796220,214029,37088503,0.7211681340786641,0.8216308717410132,0.6670312452616576,0.05413688881706177,0.15586949622448293,8880,22545,487,20.281452940291008,6.481107008118175,8.646593065566725,6.45298829932373,0.08257456489689469,0
ALL,70,241533,32360422,17366120,176558,26370373,0.7309891402003039,0.8148958317045433,0.7189957479930279,0.01199339220725657,0.09637802003942965,8870,22766,480,156.3518366937858,2.2589810655808353,4.962743726558627,2.194924646971853,0.09018720585838064,0
ALL,75,230274,33989311,17720947,176191,29100236,0.7651363158671843,0.856158455227292,0.7695591773278789,-0.004422861460691107,0.0841455450509064,8962,23719,483,538.7409658875276,1.1925587632790966,4.34262531115562,1.1178825966129644,0.08823358763216077,0
ALL,80,228758,30370612,18720906,187031,26563542,0.8175932644978536,0.8746462534241983,0.8183716416475052,-0.0007783771496510706,0.0568961211581781,9096,24630,478,391.85539230189016,1.131067151403521,3.0986891014767304,1.1625360269230536,0.08070787554570213,0
ALL,85,234179,34199657,20369633,203040,30910295,0.8670290675081882,0.9038188599376888,0.8698317526336691,-0.002802685125481075,0.03291220347619349,9065,25882,477,638.9936606335654,0.7945023107364237,2.3503557298951665,0.8287010526622652,0.07009813755170863,0
ALL,90,251948,55516764,23161723,232902,53765797,0.9244050359598013,0.9684605716572385,0.9193056900630289,0.005099345896775843,0.04849088898625254,9124,27294,472,66.92808965234173,0.9725159183905393,1.25139432141174,0.9826855191972274,0.052565730705390966,0
ALL,95,357752,121597691,34822633,351316,120718488,0.9820098839419487,0.9927695748762203,0.9733735380934279,0.00863634584850381,0.01855144626060563,9295,31520,465,12.028930616783512,0.5343736929090043,0.451230209146079,0.5349775714097954,0.022145763997773894,0
ALL_EX_ELECTION,0,167966,35255261,489249,4181,723928,0.02489194241691771,0.020533899890856005,0.029127859209601942,-0.004235916792683718,-0.007228216804294601,8584,27016,446,748.9362189741494,0.25822637806313475,0.5721043722556554,0.2537836770850664,0.03794775307497036,0
ALL_EX_ELECTION,5,311652,45361263,2197298,20161,1924450,0.06469074480510313,0.0424249651073428,0.07050485798262164,-0.005814113177516397,-0.02751472153674275,9470,32449,466,823.6551394428149,0.4442601829203735,0.8013987693346176,0.4393881294463824,0.04404156245043843,0
ALL_EX_ELECTION,10,323576,43078532,3844638,33480,2928216,0.10346873686552772,0.06797390403182726,0.11881715578411255,-0.015348418918587032,-0.050497704517878196,9540,31798,472,542.4684228152413,0.5892284353409504,1.6161129603198665,0.579582869345955,0.053520359284796565,1
ALL_EX_ELECTION,15,298725,35739585,5052003,44847,4378389,0.15012804418779815,0.122508109705247,0.16911885513432087,-0.018990810946522673,-0.047376126779312015,9374,28491,479,708.0289000730406,0.8298835333984385,2.386487458593601,0.8599324471829486,0.06532915968041395,1
ALL_EX_ELECTION,20,282255,30950107,6174352,56598,5317885,0.2005208056544614,0.17182121535153336,0.21875084586632654,-0.018230040211881494,-0.047028872953493,9302,27259,479,604.0637351168965,1.0515917909223127,2.704514168144944,0.979974349795977,0.07533123055889064,0
ALL_EX_ELECTION,25,279469,30870460,7518223,69931,6568886,0.25022811116796495,0.21278873071538293,0.2690181379687908,-0.018790026800818226,-0.05682360256374746,9123,25565,483,504.5152389780221,1.4735017170029288,3.423331777049892,1.2910959675529292,0.081907207158596,0
ALL_EX_ELECTION,30,280136,32707399,8948450,88220,9881064,0.3149184681726019,0.3021048540117788,0.3194323471456721,-0.00451387897305518,-0.018134367394973434,9027,24746,485,258.42609885589184,3.043781405307789,7.187461528195289,2.923566364650881,0.08762437146318255,0
ALL_EX_ELECTION,35,266059,30361753,9823897,89858,8878691,0.33773711845868776,0.2924301175890602,0.3692375375386662,-0.031500419079972364,-0.07680544334841086,8885,23357,489,224.12346309048732,2.625605187128933,5.654242582828,2.504795296261525,0.09174349363274391,0
ALL_EX_ELECTION,40,252952,29191516,10595451,98835,10586013,0.3907263038046744,0.36264005610397215,0.418871999430722,-0.028145695626058096,-0.056716684395561594,8861,22903,491,237.2653262793816,2.159342853449991,4.572630675547253,2.2971574728141935,0.09696497439891999,0
ALL_EX_ELECTION,45,254583,33224933,11952557,111464,13965531,0.4378297058326754,0.42033285665316467,0.4694954887011309,-0.031665782868469404,-0.04971857399983405,8805,22310,487,100.30287479636544,3.644277007439585,7.435295516261718,3.685956509933442,0.09805041132398142,0
ALL_EX_ELECTION,50,236525,27947161,12263640,118893,13751363,0.5026656801606596,0.49204865567561584,0.5184923369622662,-0.015826656801594813,-0.02700587512269909,8826,22680,494,178.14286721162208,1.2199037381981244,2.854203190014771,1.1301227768569022,0.10270632528427508,0
ALL_EX_ELECTION,55,231900,28177958,13200812,128256,16181382,0.553065976714101,0.5742567293201303,0.5692458818456231,-0.016179905131504507,0.004729961979502715,8706,21856,487,233.7245837122798,2.25165772687823,5.374358373537412,2.4924893364969014,0.10326526720715642,0
ALL_EX_ELECTION,60,234983,26941761,14558454,140472,16885204,0.5977964363379479,0.626729782065842,0.6195534996148657,-0.021757063276913652,0.006643975128425079,8798,22153,481,206.83448282707928,2.7650844856334933,6.361510332584016,2.860887659550087,0.10105228430210397,0
ALL_EX_ELECTION,65,231810,24829342,15523221,149058,16777741,0.6430179888701955,0.6757223369028467,0.6696527759803287,-0.02663478711015283,0.004905061116802371,8879,22544,487,441.89923707075394,1.910392066473197,4.732567340693288,1.7717632285927192,0.09944566868038769,0
ALL_EX_ELECTION,70,224677,24515308,16157239,159702,18525259,0.7108070697045091,0.7556608711585431,0.7191318648548806,-0.00832479515037851,0.036811373938275174,8869,22765,480,567.2105760409873,1.365673051433273,3.031840288003241,1.2391213248832895,0.0955835421888953,0
ALL_EX_ELECTION,75,223219,24374507,17171465,169136,19485432,0.7577132770955878,0.7994185072132947,0.7692653851150664,-0.011552108019469483,0.029311314481150763,8961,23718,483,1024.125001723944,1.0088848598080133,2.7287702178767157,0.9107392362756169,0.09061162110826614,0
ALL_EX_ELECTION,80,219116,24809833,17938796,177389,21002763,0.8095666222457512,0.8465499546087231,0.8186894612899104,-0.009122839044154682,0.027170982569693386,9095,24629,478,1183.240135599449,0.8413746199326533,2.478662598067009,0.888177951927892,0.08380863016565232,0
ALL_EX_ELECTION,85,228538,30534313,19875108,197399,27244951,0.8637469479911437,0.8922732599223699,0.8696631632376235,-0.005916215246479518,0.02205023410875435,9064,25881,476,967.192570025218,0.7545432160502913,2.4910040637814648,0.793117839269979,0.07170440403255403,0
ALL_EX_ELECTION,90,225019,36667911,20686025,205973,34916944,0.9153582586359374,0.9522479750755367,0.9193012590047952,-0.003943000368856388,0.0315287385747167,9123,27293,471,226.77490690037956,0.6505575197238743,1.274949184466667,0.6682973867358942,0.05855739584876748,0
ALL_EX_ELECTION,95,254978,55986928,24818293,248542,55107725,0.9747586066248853,0.9842962807318165,0.9733503674826848,0.0014082391422000156,0.009257266088969327,9294,31519,464,840.0309945013923,0.20571426243021848,0.3294762940759113,0.2018160744828743,0.030941580004652615,0
WEATHER,0,135558,21659842,393453,3249,573085,0.02396760058425176,0.02645841091546282,0.029024697915283493,-0.005057097331032535,-0.0012360708817730703,6421,21964,262,785.2742290766782,0.3029000856643317,0.8371844877008372,0.29222854941034215,0.041444425620979775,0
WEATHER,5,244936,23342441,1725671,16722,1550493,0.0682708952542705,0.06642377290361363,0.07045395531894046,-0.002183060064670096,-0.0030315741185765023,6925,26205,262,1338.5110364341144,0.469932003200385,0.8548319532406274,0.44675937697246476,0.05092777187242914,0
WEATHER,10,252744,19513981,2996563,28709,2331216,0.11358924445288514,0.11946388591851145,0.11856119235273636,-0.004971947899852128,0.0019520804084006672,7071,25989,262,1711.196669860317,0.52337416063612,1.0026259651286245,0.5002541289369058,0.0630747933093612,0
WEATHER,15,227664,16026668,3841284,37000,2727848,0.16252020521470237,0.1702068078030942,0.16872601728863587,-0.006205812073934094,0.001926023550247707,6988,23188,262,1880.3977745589013,0.5925693950605887,1.0184937385945783,0.550309351517309,0.07727180709984335,0
WEATHER,20,213709,14134989,4667579,46093,3190614,0.21568113649869683,0.22572454778705522,0.2184081625013453,-0.0027270260026481426,0.007529081204095862,6996,22340,262,2019.085961803468,0.6711587003853147,0.9942294764417948,0.6288424775316561,0.08892155257797793,0
WEATHER,25,200811,12938509,5393999,53778,3550467,0.2678040545587642,0.27441083049059206,0.2686107334757558,-0.0008066789169906119,0.0061036669681182746,6942,20971,263,2049.3381178936156,0.7777937877995806,1.0850941649416341,0.7154990921047941,0.09874475784944847,0
WEATHER,30,193140,12217478,6161601,60890,4019826,0.31526353940147045,0.3290225691423385,0.3190225225225225,-0.0037589831210525417,0.01024753963133795,6937,20332,262,2170.2350782686644,0.7879529373271342,1.116904882253445,0.6735833184480037,0.10566864534701309,0
WEATHER,35,183021,11537301,6750983,64671,4219864,0.35335289393020475,0.36575833463996477,0.36886384622529655,-0.015510952295094207,-0.0030007997537725285,6850,19243,262,2095.0480636557327,0.8334388807573516,1.1235424857378498,0.724931352746092,0.11172113016343138,0
WEATHER,40,172951,10835640,7234657,69352,4487481,0.40099218853895036,0.4141408352436958,0.41830674584130767,-0.017314557302355062,-0.0039580735424954655,6852,18867,263,2091.1238605780795,0.8411404458688914,1.1397556491970298,0.8385840430212279,0.11780332956849252,1
WEATHER,45,163411,10067666,7665263,72227,4478485,0.4419959488651315,0.4448384561029339,0.4690787645874513,-0.02708281572233173,-0.024195014018144567,6813,18305,262,2169.725001647415,0.862214449593107,1.1121946071586817,0.8137978779789328,0.12280224874666253,1
WEATHER,50,166722,10619979,8639702,82389,5313487,0.494169935581387,0.5003293321013158,0.5182100742553473,-0.024040138673954537,-0.017866846064384965,6757,18408,262,2271.855544309161,0.8559487231706955,1.1456421248064068,0.8253399059533758,0.12235006801642806,1
WEATHER,55,157911,9765397,8984525,84014,5178515,0.5320338671783473,0.5302923168407797,0.5689613136513606,-0.03692744647300133,-0.03870294981351048,6695,17621,262,2192.905327361854,0.8793022847752489,1.1419538580874224,0.8282861106541919,0.1255342715217316,1
WEATHER,60,163194,10211687,10098408,94375,5876927,0.5782994472836012,0.5755099035056598,0.6187977499172763,-0.04049830263367202,-0.04326640152601669,6700,17732,263,2176.763348963057,0.8816477829629329,1.1633522184208092,0.9346200415638449,0.12221111319216313,1
WEATHER,65,165436,10292633,11070432,104467,6382916,0.6314647356077274,0.6201441361020061,0.6691670494934597,-0.037702313885743556,-0.049083021807928194,6722,17963,262,2176.6284745125404,0.8623159136883853,1.1236277145680935,0.9570821392794221,0.11857003489798991,1
WEATHER,70,162830,10617698,11709580,110345,7083577,0.6776699625376159,0.6671480955664778,0.7191291531044648,-0.041459190566863924,-0.05189798014597958,6659,17890,262,2052.3160923027954,0.8630123380632531,1.1570764473077295,0.9305487492286992,0.11579162789493327,1
WEATHER,75,167488,11058777,12880312,122668,8065613,0.7323987390141383,0.7293404144056798,0.7690289453572793,-0.036630206343131876,-0.039640105772997786,6632,18411,262,2017.6049289801988,0.8222016268734864,1.0788198063079186,0.9010147207055391,0.10808660104045188,1
WEATHER,80,168121,11481008,13760469,133048,9000922,0.7913823972020152,0.7839836014398736,0.8184860308944153,-0.027103633692393412,-0.034887495941122816,6650,18842,263,1891.9385370850714,0.7541164584475146,1.093327719909142,0.8282197893708638,0.09899903749909231,1
WEATHER,85,169982,12399064,14777300,143732,10340327,0.8455718840818439,0.8339602892605442,0.8693449894694733,-0.023773105387630698,-0.03543115593241574,6611,19732,262,1899.4511017177567,0.6322072437475815,0.9231484605246442,0.7132269954237651,0.08758859350998766,1
WEATHER,90,163855,14831522,15057953,147053,13361452,0.8974581184583931,0.9008820537770837,0.9189803789936224,-0.021522260535227836,-0.018953427706205738,6607,20713,262,1735.3766118840101,0.5321581648676931,0.7485251766133318,0.549489262556291,0.07480520298033863,1
WEATHER,95,206862,36994926,20156326,201249,36172286,0.972865968616759,0.9777634370724245,0.9743851456526573,-0.0015191770358981265,0.00041657199152131093,6866,25108,262,1670.2811055547688,0.231950498236384,0.45496201715769946,0.2251123211321625,0.035518973184044525,0
NON_WEATHER_EX_ELECTION,0,32408,13595419,95796,932,150843,0.02875833127622809,0.011095134324289675,0.02955936805726981,-0.0008010367810418343,-0.016774736402019146,2163,5052,414,73.60306286964345,0.45252825254347767,0.5157103713848564,0.5754424279672321,0.09287247896239682,0
NON_WEATHER_EX_ELECTION,5,66716,22018822,471627,3439,373957,0.05154685532705798,0.016983515285240964,0.0706917381137958,-0.01914488278673642,-0.05346962612259584,2545,6244,442,60.88894044637707,1.0373981922309083,0.7117279636136618,1.1527117280865136,0.0856345266322695,0
NON_WEATHER_EX_ELECTION,10,70832,23564551,848075,4771,597000,0.06735656200587305,0.02533466476827842,0.11973048904449966,-0.05237392703862723,-0.09393176386004531,2469,5809,447,32.227689126233216,1.3783867069677318,1.3013249505868694,1.377079870885798,0.09420618144131089,1
NON_WEATHER_EX_ELECTION,15,71061,19712917,1210719,7847,1650541,0.11042625350051365,0.08372890729464341,0.17037742221471694,-0.05995116871421055,-0.0874589412617123,2386,5303,456,51.28048298201389,2.6834487113019967,3.938611210443213,2.886427197521401,0.11757820956504851,1
NON_WEATHER_EX_ELECTION,20,68546,16815118,1506773,10505,2127271,0.1532547486359525,0.12650943038282575,0.21981924547019518,-0.06656449683424982,-0.09289094075938108,2306,4919,454,43.000807675549815,3.3853322117490077,4.399119256477356,3.3558081504499717,0.13751936086265518,0
NON_WEATHER_EX_ELECTION,25,78658,17931951,2124224,16153,3018419,0.20535736987973252,0.16832630202926607,0.2700582267537949,-0.06470085687405165,-0.1022277553624841,2181,4594,455,45.78588759617704,4.612237007626567,5.590156376529314,4.175245870948015,0.1441025984825788,0
NON_WEATHER_EX_ELECTION,30,86996,20489921,2786849,27330,5861238,0.3141523748218309,0.2860546900107619,0.32034219964136285,-0.006189824819521473,-0.03505758172518088,2090,4414,452,26.418150422438508,9.656806498236373,11.563384444699235,9.464552330051463,0.1567755475053267,0
NON_WEATHER_EX_ELECTION,35,83038,18824452,3072914,25187,4658827,0.30331896240275535,0.24748805436673535,0.37006117681061684,-0.06674221440786192,-0.1220395031950994,2035,4114,459,22.995667030374314,8.0010672747937,8.720617069468496,7.869197092887305,0.15986235145758002,0
NON_WEATHER_EX_ELECTION,40,80001,18355876,3360794,29483,6098532,0.36853289333883327,0.33223867931990825,0.4200939988250147,-0.05156110548618911,-0.08786057064233697,2009,4036,460,25.062154845730493,6.47965680281852,7.168279893602639,7.142665184383841,0.17040536927973912,0
NON_WEATHER_EX_ELECTION,45,91172,23157267,4287294,39237,9487046,0.43036239196244463,0.40967900054872625,0.47024239898214365,-0.03988000701971198,-0.060814990387250356,1992,4005,452,13.113815541563119,10.065037524503083,10.722430439284876,10.318389109755644,0.1628004395108186,0
NON_WEATHER_EX_ELECTION,50,69803,17327182,3623938,36504,8437876,0.5229574660114895,0.48697335781432893,0.5191665114679885,0.003790954543505468,-0.032607264701207374,2069,4272,462,16.144368731473392,3.6330364321075113,4.50591266074844,3.375712968360536,0.18878496779779638,0
NON_WEATHER_EX_ELECTION,55,73989,18412561,4216287,44242,11002867,0.5979537498817392,0.5975739605153243,0.5698532214248064,0.028100528456932696,0.027765303262267577,2011,4235,457,25.02930568784953,6.779782233134574,8.15884674331217,7.283435431207602,0.18051077271099172,0
NON_WEATHER_EX_ELECTION,60,71789,16730074,4460046,46097,11008277,0.6421178732117734,0.6579933238789022,0.6212715039908621,0.020846369220910963,0.03710822438681228,2098,4421,455,20.232054182199263,8.297175461865494,9.799564438611688,8.483525093138415,0.1785003716648557,0
NON_WEATHER_EX_ELECTION,65,66374,14536709,4452789,44591,10394825,0.6718142646216892,0.7150741615588507,0.6708634405038117,0.0009508241178829364,0.04313101197802123,2157,4581,460,40.407110295924255,6.270467973494149,7.753368419411302,5.612129512120178,0.1820026627625957,0
NON_WEATHER_EX_ELECTION,70,61847,13897610,4447659,49357,11441682,0.7980500266787395,0.8232841474181531,0.7191390043171051,0.07891102236162133,0.1045848350903512,2210,4875,453,50.278270503318154,3.8564775445675825,4.648360680101906,3.313372419365881,0.16105180114430526,1
NON_WEATHER_EX_ELECTION,75,55731,13315730,4291153,46468,11419819,0.8337908883745133,0.8576186960835043,0.7699759559311694,0.06381493244335075,0.08657579644525651,2329,5307,457,89.38164609120527,2.9258185129398795,4.594398451613719,2.2697484301033937,0.15761098994360312,1
NON_WEATHER_EX_ELECTION,80,50995,13328825,4178327,44341,12001841,0.8695166192763997,0.900442537132868,0.8193601333464066,0.050156485929994686,0.0806260986996232,2445,5787,453,101.4348898821654,2.4336654707473335,4.131885889343462,2.372421541465612,0.1491856011659725,1
NON_WEATHER_EX_ELECTION,85,58556,18135249,5097808,53667,16904624,0.9165072750870961,0.9321418195030021,0.8705867887150762,0.045920486372020126,0.06135024228230945,2453,6149,450,88.39505103950651,2.182469237268969,3.6527327043753144,2.1189169907139442,0.11425113226972987,1
NON_WEATHER_EX_ELECTION,90,61164,21836389,5628072,58920,21555492,0.9633117520109868,0.9871362888799975,0.920160878948401,0.043150873062587705,0.06581679599131499,2516,6580,448,18.002584898768045,0.8836229781611398,0.586357444766796,0.8910792781872842,0.07584270380744555,1
NON_WEATHER_EX_ELECTION,95,48116,18992002,4661967,47293,18935439,0.9828955025355391,0.9970217463119475,0.9689016127691412,0.013993889766398716,0.026478242788727416,2428,6411,436,44.71564627900028,0.2987281113182678,0.13247176038461075,0.3373140610878155,0.059378992803390436,1
ELECTION_ONLY,0,26431,36273004,61921,0,0,0.0,0.0,0.023427414778101473,-0.02342741477810198,-0.02434914874985259,1,1,1,1.0,0.0,0.0,0.0,0.00413834327383158,0
ELECTION_ONLY,5,26251,28790376,193367,0,0,0.0,0.0,0.07366081292141252,-0.07366081292140962,-0.07120825723151386,1,1,1,1.0,0.0,0.0,0.0,0.009387004679436472,0
ELECTION_ONLY,10,44171,33901556,546338,0,0,0.0,0.0,0.12368703447963596,-0.1236870344796156,-0.12251864457194862,1,1,1,1.0,0.0,0.0,0.0,0.007194639549953604,0
ELECTION_ONLY,15,35117,20563686,594420,0,0,0.0,0.0,0.16926844548224507,-0.1692684454822571,-0.16819100136035917,1,1,1,1.0,0.0,0.0,0.0,0.006762795258866281,0
ELECTION_ONLY,20,4840,2600427,107016,0,0,0.0,0.0,0.22110743801652893,-0.2211074380165277,-0.22208696879397116,1,1,1,1.0,0.0,0.0,0.0,0.019940576337959634,0
ELECTION_ONLY,25,28164,15029744,761980,0,0,0.0,0.0,0.27055105808833974,-0.270551058088329,-0.26941661015650104,1,1,1,1.0,0.0,0.0,0.0,0.007301231852356242,0
ELECTION_ONLY,30,9891,6434804,326487,0,0,0.0,0.0,0.33008492569002124,-0.3300849256900222,-0.3290763432732371,1,1,1,1.0,0.0,0.0,0.0,0.012391199940298244,0
ELECTION_ONLY,35,55410,28732374,2072506,0,0,0.0,0.0,0.3740310413282801,-0.3740310413283169,-0.3739511743791214,1,1,1,1.0,0.0,0.0,0.0,0.005918085685761754,0
ELECTION_ONLY,40,120345,56412690,5091949,15,8075,0.0001246416552411816,0.00014314155201604461,0.4231126345091196,-0.4229879928539009,-0.4229054131260173,1,2,1,1.0,0.0,0.0,0.0,0.005150222933765623,0
ELECTION_ONLY,45,190507,89717272,8798890,330,1022754,0.0017322198134451753,0.011399744744802317,0.4618670180098369,-0.4601347981962209,-0.451354316702817,1,2,1,1.0,0.0,0.0,0.0,0.009656188600952976,0
ELECTION_ONLY,50,59607,32773145,3121845,26514,12829004,0.4448135286124113,0.391448669329721,0.5237379837938497,-0.07892445518143505,-0.13144627499130862,1,2,1,1.0,0.0,0.0,0.0,0.19887762398665879,0
ELECTION_ONLY,55,143556,54623775,8305079,143491,54544705,0.999547215024102,0.9985524618172216,0.5785253838223411,0.42102183120171205,0.42049817739619666,1,2,1,1.0,0.0,0.0,0.0,0.006723779360106851,0
ELECTION_ONLY,60,214772,72009281,13122096,214750,71988161,0.999897565790699,0.9997067044732748,0.6109779673327994,0.3889195984579114,0.3889251245266553,1,2,1,1.0,0.0,0.0,0.0,0.0036346136540791993,0
ELECTION_ONLY,65,64971,20310762,4272999,64971,20310762,1.0,1.0,0.6576778870573025,0.34232211294272746,0.34041932203233244,1,1,1,1.0,0.0,0.0,0.0,0.004115131733631811,0
ELECTION_ONLY,70,16856,7845114,1208881,16856,7845114,1.0,1.0,0.7171814190792596,0.28281858092072476,0.28251867723018526,1,1,1,1.0,0.0,0.0,0.0,0.008921402555200079,0
ELECTION_ONLY,75,7055,9614804,549482,7055,9614804,1.0,1.0,0.7788547129695251,0.2211452870304795,0.2231559020859912,1,1,1,1.0,0.0,0.0,0.0,0.016407659822747483,0
ELECTION_ONLY,80,9642,5560779,782110,9642,5560779,1.0,1.0,0.8111491391827421,0.18885086081725483,0.189517058671096,1,1,1,1.0,0.0,0.0,0.0,0.013612365693095561,0
ELECTION_ONLY,85,5641,3665344,494525,5641,3665344,1.0,1.0,0.8766619393724517,0.12333806062755089,0.12339832768766051,1,1,1,1.0,0.0,0.0,0.0,0.01736958895554891,0
ELECTION_ONLY,90,26929,18848853,2475698,26929,18848853,1.0,1.0,0.9193427160310446,0.08065728396895627,0.08148847359571425,1,1,1,1.0,0.0,0.0,0.0,0.008852995231258638,0
ELECTION_ONLY,95,102774,65610763,10004340,102774,65610763,1.0,1.0,0.9734310234105902,0.02656897658939605,0.026482349245047315,1,1,1,1.0,0.0,0.0,0.0,0.0024294359403164985,0
