table,metric,rank,date,ticker_name,market_key,report_ticker,kalshi_category,is_sports,contracts_traded,price,taker_side,one_party_stake,taker_stake,market_total_contracts,pct_of_market
overall,contracts,24,2026-07-11,KXWCADVANCE-26JUL11NORENG-ENG,KXWCADVANCE-26JUL11NORENG,KXWCADVANCE,Sports,TRUE,1500000,65,yes,975000,975000,152741634,0.00982050512828742
overall,contracts,12,2026-07-11,KXWCADVANCE-26JUL11NORENG-ENG,KXWCADVANCE-26JUL11NORENG,KXWCADVANCE,Sports,TRUE,2052500,65,yes,1334125,1334125,152741634,0.0134377245172066
overall,contracts,9,2026-07-11,KXWCADVANCE-26JUL11NORENG-ENG,KXWCADVANCE-26JUL11NORENG,KXWCADVANCE,Sports,TRUE,2500000,65,yes,1625000,1625000,152741634,0.0163675085471457
overall,contracts,39,2026-07-11,KXWCADVANCE-26JUL11NORENG-ENG,KXWCADVANCE-26JUL11NORENG,KXWCADVANCE,Sports,TRUE,1200000,65,yes,780000,780000,152741634,0.00785640410262994
overall,contracts,45,2026-02-24,KXFEDCHAIRNOM-29-JS,KXFEDCHAIRNOM-29,KXFEDCHAIRNOM,Politics,FALSE,1024120,5,yes,972914,51206,216970761,0.00472008299772705
overall,contracts,47,2026-07-06,KXWCADVANCE-26JUL06USABEL-BEL,KXWCADVANCE-26JUL06USABEL,KXWCADVANCE,Sports,TRUE,1002078,47,yes,531101.34,470976.66,125583324,0.00797938745434067
overall,contracts,21,2026-07-06,KXWCADVANCE-26JUL06USABEL-BEL,KXWCADVANCE-26JUL06USABEL,KXWCADVANCE,Sports,TRUE,1800000,47,yes,954000,846000,125583324,0.0143331132085658
overall,contracts,49,2026-07-06,KXWCADVANCE-26JUL06USABEL-BEL,KXWCADVANCE-26JUL06USABEL,KXWCADVANCE,Sports,TRUE,1000000,47,yes,530000,470000,125583324,0.00796284067142545
overall,contracts,16,2026-07-06,KXWCADVANCE-26JUL06USABEL-BEL,KXWCADVANCE-26JUL06USABEL,KXWCADVANCE,Sports,TRUE,2000000,47,yes,1060000,940000,125583324,0.0159256813428509
overall,contracts,5,2026-05-22,KXLALIGARELEGATION-26-OSA,KXLALIGARELEGATION-26,KXLALIGARELEGATION,Sports,TRUE,3480000,16,yes,2923200,556800,7256402,0.479576517398016
overall,contracts,6,2026-05-22,KXLALIGARELEGATION-26-OSA,KXLALIGARELEGATION-26,KXLALIGARELEGATION,Sports,TRUE,3480000,17,yes,2888400,591600,7256402,0.479576517398016
overall,contracts,25,2026-06-11,KXWCGAME-26JUN11KORCZE-TIE,KXWCGAME-26JUN11KORCZE,KXWCGAME,Sports,TRUE,1494619,32,yes,1016340.92,478278.08,58247934,0.0256596053690076
overall,contracts,3,2026-02-08,KXMVESPORTSMULTIGAMEEXTENDED-S20267524AF37619-226F069E62F,KXMVESPORTSMULTIGAMEEXTENDED-S20267524AF37619,KXMVESPORTSMULTIGAMEEXTENDED,Sports,TRUE,5000000,2,yes,4900000,1e+05,25011354,0.199909209233535
overall,contracts,32,2026-06-30,KXMENWORLDCUP-26-DZA,KXMENWORLDCUP-26,KXMENWORLDCUP,Sports,TRUE,1300000,0.1,yes,1298700,1300,1514797172,0.000858200704377866
overall,contracts,37,2026-06-18,KXMENWORLDCUP-26-DZA,KXMENWORLDCUP-26,KXMENWORLDCUP,Sports,TRUE,1266130,0.1,yes,1264863.87,1266.13,1514797172,0.000835841275256883
overall,contracts,20,2026-06-28,KXMENWORLDCUP-26-AT,KXMENWORLDCUP-26,KXMENWORLDCUP,Sports,TRUE,1895513,0.1,yes,1893617.487,1895.513,1514797172,0.00125133122442877
overall,contracts,23,2026-06-28,KXMENWORLDCUP-26-SE,KXMENWORLDCUP-26,KXMENWORLDCUP,Sports,TRUE,1608443,0.1,yes,1606834.557,1608.443,1514797172,0.0010618207042705
overall,contracts,17,2026-06-12,KXMENWORLDCUP-26-SC,KXMENWORLDCUP-26,KXMENWORLDCUP,Sports,TRUE,1979277,0.2,yes,1975318.446,3958.554,1514797172,0.00130662839658378
overall,contracts,38,2026-06-21,KXMENWORLDCUP-26-AU,KXMENWORLDCUP-26,KXMENWORLDCUP,Sports,TRUE,1250000,0.1,no,1248750,1248750,1514797172,0.000825192984978718
overall,contracts,29,2026-05-18,KXNBAGAME-26MAY18SASOKC-OKC,KXNBAGAME-26MAY18SASOKC,KXNBAGAME,Sports,TRUE,1376911,68,yes,936299.48,936299.48,66691583,0.0206459486799106
overall,contracts,15,2024-11-15,POPVOTE-24-D,POPVOTE-24,POPVOTE,Politics,FALSE,2000000,2,"",1960000,,82368078,0.0242812512876651
overall,contracts,50,2024-11-15,POPVOTE-24-R,POPVOTE-24,POPVOTE,Politics,FALSE,1000000,98,"",980000,,82368078,0.0121406256438326
overall,contracts,31,2024-11-15,POPVOTE-24-R,POPVOTE-24,POPVOTE,Politics,FALSE,1343232,98,"",1316367.36,,82368078,0.0163076768648165
overall,contracts,41,2024-11-15,POPVOTE-24-R,POPVOTE-24,POPVOTE,Politics,FALSE,1195752,98,"",1171836.96,,82368078,0.0145171773948641
overall,contracts,42,2026-07-04,KXWCADVANCE-26JUL04CANMAR-CAN,KXWCADVANCE-26JUL04CANMAR,KXWCADVANCE,Sports,TRUE,1100000,27,yes,803000,297000,49232201,0.0223431001998062
overall,contracts,36,2026-07-04,KXWCADVANCE-26JUL04CANMAR-CAN,KXWCADVANCE-26JUL04CANMAR,KXWCADVANCE,Sports,TRUE,1274911,27,yes,930685.03,344225.97,49232201,0.0258958765625774
overall,contracts,18,2026-07-07,KXWCADVANCE-26JUL07SUICOL-COL,KXWCADVANCE-26JUL07SUICOL,KXWCADVANCE,Sports,TRUE,1950114,62,yes,1209070.68,1209070.68,21815851,0.0893897744351114
overall,contracts,33,2026-07-07,KXWCADVANCE-26JUL07SUICOL-SUI,KXWCADVANCE-26JUL07SUICOL,KXWCADVANCE,Sports,TRUE,1300000,39,yes,793000,507000,21815851,0.0595896992512463
overall,contracts,34,2026-06-19,KXWCGAME-26JUN19USAAUS-USA,KXWCGAME-26JUN19USAAUS,KXWCGAME,Sports,TRUE,1300000,61,yes,793000,793000,56162919,0.0231469450510576
overall,contracts,11,2024-12-05,PRES-2024-DJT,PRES-2024,PRES,Elections,FALSE,2227377,99,"",2205103.23,,537986877,0.00414020693668333
overall,contracts,30,2024-11-18,PRES-2024-DJT,PRES-2024,PRES,Elections,FALSE,1370000,98,"",1342600,,537986877,0.00254653051695162
overall,contracts,8,2024-11-13,PRES-2024-DJT,PRES-2024,PRES,Elections,FALSE,2694776,97,"",2613932.72,,537986877,0.00500899950390426
overall,contracts,35,2026-06-26,KXWCGAME-26JUN26NORFRA-FRA,KXWCGAME-26JUN26NORFRA,KXWCGAME,Sports,TRUE,1300000,62,yes,806000,806000,71780795,0.0181106938144109
overall,contracts,22,2026-07-15,KXWCADVANCE-26JUL15ENGARG-ARG,KXWCADVANCE-26JUL15ENGARG,KXWCADVANCE,Sports,TRUE,1792501,99,no,1774575.99,17925.01,134175929,0.0133593336253331
overall,contracts,26,2026-07-14,KXWCADVANCE-26JUL14FRAESP-ESP,KXWCADVANCE-26JUL14FRAESP,KXWCADVANCE,Sports,TRUE,1460723,42,yes,847219.34,613503.66,165729717,0.00881388701098186
overall,contracts,46,2026-07-14,KXWCADVANCE-26JUL14FRAESP-ESP,KXWCADVANCE-26JUL14FRAESP,KXWCADVANCE,Sports,TRUE,1018721,41,yes,601045.39,417675.61,165729717,0.00614688191376083
overall,contracts,28,2026-07-14,KXWCADVANCE-26JUL14FRAESP-ESP,KXWCADVANCE-26JUL14FRAESP,KXWCADVANCE,Sports,TRUE,1413356,44,yes,791479.36,621876.64,165729717,0.00852807828061397
overall,contracts,48,2026-07-11,KXWCGOAL-26JUL11ARGSUI-ARGLMESSI10-1,KXWCGOAL-26JUL11ARGSUI-ARGLMESSI10,KXWCGOAL,Sports,TRUE,1000000,52,yes,520000,520000,23817811,0.0419853864824102
overall,contracts,19,2026-07-06,KXWCADVANCE-26JUL06PORESP-ESP,KXWCADVANCE-26JUL06PORESP,KXWCADVANCE,Sports,TRUE,1907003,99,no,1887932.97,19070.03,70131030,0.0271920004597109
overall,contracts,40,2026-07-22,KXMVESPORTSMULTIGAMEEXTENDED-S20265BB8F2EF46D-77CBCFDD3A4,KXMVESPORTSMULTIGAMEEXTENDED-S20265BB8F2EF46D,KXMVESPORTSMULTIGAMEEXTENDED,Sports,TRUE,1200000,0,no,1200000,1200000,34612403,0.034669652956485
overall,contracts,13,2026-07-15,KXWCGOAL-26JUL15ENGARG-ARGLMESSI10-3,KXWCGOAL-26JUL15ENGARG-ARGLMESSI10,KXWCGOAL,Sports,TRUE,2000000,2,yes,1960000,40000,10022371,0.199553578689115
overall,contracts,27,2026-05-20,KXMAYORLA-26-SPRA,KXMAYORLA-26,KXMAYORLA,Elections,FALSE,1420135,31,no,979893.15,979893.15,86465243,0.0164243452134865
overall,contracts,2,2026-06-05,KXMVESPORTSMULTIGAMEEXTENDED-S202637D6E1B4F28-CC2208F8F90,KXMVESPORTSMULTIGAMEEXTENDED-S202637D6E1B4F28,KXMVESPORTSMULTIGAMEEXTENDED,Sports,TRUE,7812500,4,yes,7500000,312500,15625010,0.499999680000205
overall,contracts,1,2026-06-05,KXMVESPORTSMULTIGAMEEXTENDED-S202637D6E1B4F28-CC2208F8F90,KXMVESPORTSMULTIGAMEEXTENDED-S202637D6E1B4F28,KXMVESPORTSMULTIGAMEEXTENDED,Sports,TRUE,7812500,4,yes,7500000,312500,15625010,0.499999680000205
overall,contracts,10,2026-07-10,KXWCGAME-26JUL10ESPBEL-BEL,KXWCGAME-26JUL10ESPBEL,KXWCGAME,Sports,TRUE,2484399,17,yes,2062051.17,422347.83,34608572,0.0717856547216106
overall,contracts,44,2026-06-25,KXWCGAME-26JUN25JPNSWE-SWE,KXWCGAME-26JUN25JPNSWE,KXWCGAME,Sports,TRUE,1027584,23,yes,791239.68,236344.32,66592868,0.015430841633071
overall,contracts,14,2025-11-04,KXMAYORNYCPARTY-25-AC,KXMAYORNYCPARTY-25,KXMAYORNYCPARTY,Politics,FALSE,2000000,1,"",1980000,,121452244,0.0164673779102838
overall,contracts,7,2025-11-04,KXMAYORNYCPARTY-25-D,KXMAYORNYCPARTY-25,KXMAYORNYCPARTY,Politics,FALSE,3127823,99,"",3096544.77,,121452244,0.0257535216887388
overall,contracts,4,2026-06-11,KXNBAGAME-26JUN13NYKSAS-NYK,KXNBAGAME-26JUN13NYKSAS,KXNBAGAME,Sports,TRUE,3608286,36,yes,2309303.04,1298982.96,155502355,0.0232040601571597
overall,contracts,43,2026-07-21,KXMVESPORTSMULTIGAMEEXTENDED-S2026432AAA357D4-4FB47008207,KXMVESPORTSMULTIGAMEEXTENDED-S2026432AAA357D4,KXMVESPORTSMULTIGAMEEXTENDED,Sports,TRUE,1068937,0,yes,1068937,0,21218999,0.0503764103104015
overall,one_party_stake,21,2026-07-11,KXWCADVANCE-26JUL11NORENG-ENG,KXWCADVANCE-26JUL11NORENG,KXWCADVANCE,Sports,TRUE,2052500,65,yes,1334125,1334125,152741634,0.0134377245172066
overall,one_party_stake,18,2026-07-11,KXWCADVANCE-26JUL11NORENG-ENG,KXWCADVANCE-26JUL11NORENG,KXWCADVANCE,Sports,TRUE,2500000,65,yes,1625000,1625000,152741634,0.0163675085471457
overall,one_party_stake,30,2026-07-06,KXWCADVANCE-26JUL06USABEL-BEL,KXWCADVANCE-26JUL06USABEL,KXWCADVANCE,Sports,TRUE,2000000,47,yes,1060000,940000,125583324,0.0159256813428509
overall,one_party_stake,5,2026-05-22,KXLALIGARELEGATION-26-OSA,KXLALIGARELEGATION-26,KXLALIGARELEGATION,Sports,TRUE,3480000,16,yes,2923200,556800,7256402,0.479576517398016
overall,one_party_stake,6,2026-05-22,KXLALIGARELEGATION-26-OSA,KXLALIGARELEGATION-26,KXLALIGARELEGATION,Sports,TRUE,3480000,17,yes,2888400,591600,7256402,0.479576517398016
overall,one_party_stake,31,2026-06-11,KXWCGAME-26JUN11KORCZE-TIE,KXWCGAME-26JUN11KORCZE,KXWCGAME,Sports,TRUE,1494619,32,yes,1016340.92,478278.08,58247934,0.0256596053690076
overall,one_party_stake,3,2026-02-08,KXMVESPORTSMULTIGAMEEXTENDED-S20267524AF37619-226F069E62F,KXMVESPORTSMULTIGAMEEXTENDED-S20267524AF37619,KXMVESPORTSMULTIGAMEEXTENDED,Sports,TRUE,5000000,2,yes,4900000,1e+05,25011354,0.199909209233535
overall,one_party_stake,50,2026-02-08,KXMVESPORTSMULTIGAMEEXTENDED-S20267524AF37619-226F069E62F,KXMVESPORTSMULTIGAMEEXTENDED-S20267524AF37619,KXMVESPORTSMULTIGAMEEXTENDED,Sports,TRUE,1000000,2,yes,980000,20000,25011354,0.0399818418467069
overall,one_party_stake,35,2026-06-30,KXMENWORLDCUP-26-DZA,KXMENWORLDCUP-26,KXMENWORLDCUP,Sports,TRUE,1000000,0.1,yes,999000,1000,1514797172,0.000660154387982974
overall,one_party_stake,23,2026-06-30,KXMENWORLDCUP-26-DZA,KXMENWORLDCUP-26,KXMENWORLDCUP,Sports,TRUE,1300000,0.1,yes,1298700,1300,1514797172,0.000858200704377866
overall,one_party_stake,24,2026-06-18,KXMENWORLDCUP-26-DZA,KXMENWORLDCUP-26,KXMENWORLDCUP,Sports,TRUE,1266130,0.1,yes,1264863.87,1266.13,1514797172,0.000835841275256883
overall,one_party_stake,15,2026-06-28,KXMENWORLDCUP-26-AT,KXMENWORLDCUP-26,KXMENWORLDCUP,Sports,TRUE,1895513,0.1,yes,1893617.487,1895.513,1514797172,0.00125133122442877
overall,one_party_stake,19,2026-06-28,KXMENWORLDCUP-26-SE,KXMENWORLDCUP-26,KXMENWORLDCUP,Sports,TRUE,1608443,0.1,yes,1606834.557,1608.443,1514797172,0.0010618207042705
overall,one_party_stake,12,2026-06-12,KXMENWORLDCUP-26-SC,KXMENWORLDCUP-26,KXMENWORLDCUP,Sports,TRUE,1979277,0.2,yes,1975318.446,3958.554,1514797172,0.00130662839658378
overall,one_party_stake,25,2026-06-21,KXMENWORLDCUP-26-AU,KXMENWORLDCUP-26,KXMENWORLDCUP,Sports,TRUE,1250000,0.1,no,1248750,1248750,1514797172,0.000825192984978718
overall,one_party_stake,36,2026-06-21,KXMENWORLDCUP-26-EC,KXMENWORLDCUP-26,KXMENWORLDCUP,Sports,TRUE,1000000,0.1,no,999000,999000,1514797172,0.000660154387982974
overall,one_party_stake,48,2024-12-31,SENATEAZ-24-D,SENATEAZ-24,SENATEAZ,Politics,FALSE,997436,99,"",987461.64,,35514247,0.028085517341815
overall,one_party_stake,13,2024-11-15,POPVOTE-24-D,POPVOTE-24,POPVOTE,Politics,FALSE,2000000,2,"",1960000,,82368078,0.0242812512876651
overall,one_party_stake,22,2024-11-15,POPVOTE-24-R,POPVOTE-24,POPVOTE,Politics,FALSE,1343232,98,"",1316367.36,,82368078,0.0163076768648165
overall,one_party_stake,28,2024-11-15,POPVOTE-24-R,POPVOTE-24,POPVOTE,Politics,FALSE,1195752,98,"",1171836.96,,82368078,0.0145171773948641
overall,one_party_stake,41,2024-11-26,POPVOTE-24-D,POPVOTE-24,POPVOTE,Politics,FALSE,1000000,1,"",990000,,82368078,0.0121406256438326
overall,one_party_stake,42,2026-03-16,KXNCAAMBGAME-26MAR19SIEDUKE-DUKE,KXNCAAMBGAME-26MAR19SIEDUKE,KXNCAAMBGAME,Sports,TRUE,1000000,99,yes,990000,990000,42436402,0.0235646744980878
overall,one_party_stake,17,2026-07-15,KXWCADVANCE-26JUL15ENGARG-ARG,KXWCADVANCE-26JUL15ENGARG,KXWCADVANCE,Sports,TRUE,1792501,99,no,1774575.99,17925.01,134175929,0.0133593336253331
overall,one_party_stake,44,2026-06-19,KXWCGAME-26JUN19SCOMAR-SCO,KXWCGAME-26JUN19SCOMAR,KXWCGAME,Sports,TRUE,1000000,1,yes,990000,10000,28243994,0.0354057574151871
overall,one_party_stake,16,2026-07-06,KXWCADVANCE-26JUL06PORESP-ESP,KXWCADVANCE-26JUL06PORESP,KXWCADVANCE,Sports,TRUE,1907003,99,no,1887932.97,19070.03,70131030,0.0271920004597109
overall,one_party_stake,39,2026-07-06,KXWCADVANCE-26JUL06PORESP-ESP,KXWCADVANCE-26JUL06PORESP,KXWCADVANCE,Sports,TRUE,1000000,99,no,990000,10000,70131030,0.0142590234308551
overall,one_party_stake,33,2026-07-22,KXMVESPORTSMULTIGAMEEXTENDED-S20265BB8F2EF46D-77CBCFDD3A4,KXMVESPORTSMULTIGAMEEXTENDED-S20265BB8F2EF46D,KXMVESPORTSMULTIGAMEEXTENDED,Sports,TRUE,1000000,0,no,1e+06,1e+06,34612403,0.0288913774637375
overall,one_party_stake,34,2026-07-22,KXMVESPORTSMULTIGAMEEXTENDED-S20265BB8F2EF46D-77CBCFDD3A4,KXMVESPORTSMULTIGAMEEXTENDED-S20265BB8F2EF46D,KXMVESPORTSMULTIGAMEEXTENDED,Sports,TRUE,1000000,0,no,1e+06,1e+06,34612403,0.0288913774637375
overall,one_party_stake,27,2026-07-22,KXMVESPORTSMULTIGAMEEXTENDED-S20265BB8F2EF46D-77CBCFDD3A4,KXMVESPORTSMULTIGAMEEXTENDED-S20265BB8F2EF46D,KXMVESPORTSMULTIGAMEEXTENDED,Sports,TRUE,1200000,0,no,1200000,1200000,34612403,0.034669652956485
overall,one_party_stake,37,2026-07-18,KXWCADVANCE-26JUL18FRAENG-ENG,KXWCADVANCE-26JUL18FRAENG,KXWCADVANCE,Sports,TRUE,1000000,99,no,990000,10000,143710910,0.00695841394365953
overall,one_party_stake,14,2026-07-15,KXWCGOAL-26JUL15ENGARG-ARGLMESSI10-3,KXWCGOAL-26JUL15ENGARG-ARGLMESSI10,KXWCGOAL,Sports,TRUE,2000000,2,yes,1960000,40000,10022371,0.199553578689115
overall,one_party_stake,2,2026-06-05,KXMVESPORTSMULTIGAMEEXTENDED-S202637D6E1B4F28-CC2208F8F90,KXMVESPORTSMULTIGAMEEXTENDED-S202637D6E1B4F28,KXMVESPORTSMULTIGAMEEXTENDED,Sports,TRUE,7812500,4,yes,7500000,312500,15625010,0.499999680000205
overall,one_party_stake,1,2026-06-05,KXMVESPORTSMULTIGAMEEXTENDED-S202637D6E1B4F28-CC2208F8F90,KXMVESPORTSMULTIGAMEEXTENDED-S202637D6E1B4F28,KXMVESPORTSMULTIGAMEEXTENDED,Sports,TRUE,7812500,4,yes,7500000,312500,15625010,0.499999680000205
overall,one_party_stake,10,2026-07-10,KXWCGAME-26JUL10ESPBEL-BEL,KXWCGAME-26JUL10ESPBEL,KXWCGAME,Sports,TRUE,2484399,17,yes,2062051.17,422347.83,34608572,0.0717856547216106
overall,one_party_stake,38,2024-11-19,PRESPARTYGA-24-R,PRESPARTYGA-24,PRESPARTYGA,Politics,FALSE,1000000,99,"",990000,,20015705,0.0499607683066872
overall,one_party_stake,11,2025-11-04,KXMAYORNYCPARTY-25-AC,KXMAYORNYCPARTY-25,KXMAYORNYCPARTY,Politics,FALSE,2000000,1,"",1980000,,121452244,0.0164673779102838
overall,one_party_stake,40,2025-11-04,KXMAYORNYCPARTY-25-AC,KXMAYORNYCPARTY-25,KXMAYORNYCPARTY,Politics,FALSE,1000000,1,"",990000,,121452244,0.00823368895514191
overall,one_party_stake,4,2025-11-04,KXMAYORNYCPARTY-25-D,KXMAYORNYCPARTY-25,KXMAYORNYCPARTY,Politics,FALSE,3127823,99,"",3096544.77,,121452244,0.0257535216887388
overall,one_party_stake,8,2026-06-11,KXNBAGAME-26JUN13NYKSAS-NYK,KXNBAGAME-26JUN13NYKSAS,KXNBAGAME,Sports,TRUE,3608286,36,yes,2309303.04,1298982.96,155502355,0.0232040601571597
overall,one_party_stake,29,2026-07-21,KXMVESPORTSMULTIGAMEEXTENDED-S2026432AAA357D4-4FB47008207,KXMVESPORTSMULTIGAMEEXTENDED-S2026432AAA357D4,KXMVESPORTSMULTIGAMEEXTENDED,Sports,TRUE,1068937,0,yes,1068937,0,21218999,0.0503764103104015
overall,one_party_stake,32,2026-07-21,KXMVESPORTSMULTIGAMEEXTENDED-S2026432AAA357D4-4FB47008207,KXMVESPORTSMULTIGAMEEXTENDED-S2026432AAA357D4,KXMVESPORTSMULTIGAMEEXTENDED,Sports,TRUE,1000000,0,no,1e+06,1e+06,21218999,0.0471275765647569
overall,one_party_stake,26,2026-07-07,KXWCADVANCE-26JUL07SUICOL-COL,KXWCADVANCE-26JUL07SUICOL,KXWCADVANCE,Sports,TRUE,1950114,62,yes,1209070.68,1209070.68,21815851,0.0893897744351114
overall,one_party_stake,47,2024-12-05,PRES-2024-DJT,PRES-2024,PRES,Elections,FALSE,997623,99,"",987646.77,,537986877,0.00185436307584878
overall,one_party_stake,9,2024-12-05,PRES-2024-DJT,PRES-2024,PRES,Elections,FALSE,2227377,99,"",2205103.23,,537986877,0.00414020693668333
overall,one_party_stake,49,2024-12-05,PRES-2024-DJT,PRES-2024,PRES,Elections,FALSE,995788,99,"",985830.12,,537986877,0.00185095221198119
overall,one_party_stake,43,2024-12-05,PRES-2024-KH,PRES-2024,PRES,Elections,FALSE,1000000,1,"",990000,,537986877,0.00185878139923476
overall,one_party_stake,45,2024-12-05,PRES-2024-KH,PRES-2024,PRES,Elections,FALSE,999999,1,"",989999.01,,537986877,0.00185877954045336
overall,one_party_stake,20,2024-11-18,PRES-2024-DJT,PRES-2024,PRES,Elections,FALSE,1370000,98,"",1342600,,537986877,0.00254653051695162
overall,one_party_stake,7,2024-11-13,PRES-2024-DJT,PRES-2024,PRES,Elections,FALSE,2694776,97,"",2613932.72,,537986877,0.00500899950390426
overall,one_party_stake,46,2026-06-16,KXFEDDECISION-26JUN-H0,KXFEDDECISION-26JUN,KXFEDDECISION,Economics,FALSE,999323,99,yes,989329.77,989329.77,33132592,0.0301613287605147
overall,taker_stake,23,2026-06-26,KXWCGAME-26JUN26NORFRA-FRA,KXWCGAME-26JUN26NORFRA,KXWCGAME,Sports,TRUE,1300000,62,yes,806000,806000,71780795,0.0181106938144109
overall,taker_stake,49,2026-06-26,KXWCGAME-26JUN26NORFRA-FRA,KXWCGAME-26JUN26NORFRA,KXWCGAME,Sports,TRUE,800000,71,yes,568000,568000,71780795,0.0111450423473298
overall,taker_stake,11,2026-03-16,KXNCAAMBGAME-26MAR19SIEDUKE-DUKE,KXNCAAMBGAME-26MAR19SIEDUKE,KXNCAAMBGAME,Sports,TRUE,1000000,99,yes,990000,990000,42436402,0.0235646744980878
overall,taker_stake,19,2026-07-20,KXMVESPORTSMULTIGAMEEXTENDED-S202670489D48311-40E6BE2A815,KXMVESPORTSMULTIGAMEEXTENDED-S202670489D48311,KXMVESPORTSMULTIGAMEEXTENDED,Sports,TRUE,893819,0,no,893819,893819,29617668,0.0301785744914151
overall,taker_stake,37,2026-07-02,KXWCADVANCE-26JUL03ARGCPV-ARG,KXWCADVANCE-26JUL03ARGCPV,KXWCADVANCE,Sports,TRUE,703675,91,yes,640344.25,640344.25,135104801,0.00520836413503914
overall,taker_stake,43,2026-07-14,KXWCADVANCE-26JUL14FRAESP-ESP,KXWCADVANCE-26JUL14FRAESP,KXWCADVANCE,Sports,TRUE,1460723,42,yes,847219.34,613503.66,165729717,0.00881388701098186
overall,taker_stake,42,2026-07-14,KXWCADVANCE-26JUL14FRAESP-ESP,KXWCADVANCE-26JUL14FRAESP,KXWCADVANCE,Sports,TRUE,1413356,44,yes,791479.36,621876.64,165729717,0.00852807828061397
overall,taker_stake,14,2026-07-11,KXWCADVANCE-26JUL11NORENG-ENG,KXWCADVANCE-26JUL11NORENG,KXWCADVANCE,Sports,TRUE,1500000,65,yes,975000,975000,152741634,0.00982050512828742
overall,taker_stake,2,2026-07-11,KXWCADVANCE-26JUL11NORENG-ENG,KXWCADVANCE-26JUL11NORENG,KXWCADVANCE,Sports,TRUE,2052500,65,yes,1334125,1334125,152741634,0.0134377245172066
overall,taker_stake,39,2026-07-11,KXWCADVANCE-26JUL11NORENG-ENG,KXWCADVANCE-26JUL11NORENG,KXWCADVANCE,Sports,TRUE,979022,65,yes,636364.3,636364.3,152741634,0.00640966038113747
overall,taker_stake,1,2026-07-11,KXWCADVANCE-26JUL11NORENG-ENG,KXWCADVANCE-26JUL11NORENG,KXWCADVANCE,Sports,TRUE,2500000,65,yes,1625000,1625000,152741634,0.0163675085471457
overall,taker_stake,26,2026-07-11,KXWCADVANCE-26JUL11NORENG-ENG,KXWCADVANCE-26JUL11NORENG,KXWCADVANCE,Sports,TRUE,1200000,65,yes,780000,780000,152741634,0.00785640410262994
overall,taker_stake,15,2026-03-04,KXFEDCHAIRNOM-29-JS,KXFEDCHAIRNOM-29,KXFEDCHAIRNOM,Politics,FALSE,980808,3,no,951383.76,951383.76,216970761,0.00452046163031156
overall,taker_stake,21,2026-07-06,KXWCADVANCE-26JUL06USABEL-BEL,KXWCADVANCE-26JUL06USABEL,KXWCADVANCE,Sports,TRUE,1800000,47,yes,954000,846000,125583324,0.0143331132085658
overall,taker_stake,16,2026-07-06,KXWCADVANCE-26JUL06USABEL-BEL,KXWCADVANCE-26JUL06USABEL,KXWCADVANCE,Sports,TRUE,2000000,47,yes,1060000,940000,125583324,0.0159256813428509
overall,taker_stake,47,2026-05-22,KXLALIGARELEGATION-26-OSA,KXLALIGARELEGATION-26,KXLALIGARELEGATION,Sports,TRUE,3480000,17,yes,2888400,591600,7256402,0.479576517398016
overall,taker_stake,31,2026-06-21,KXMENWORLDCUP-26-SE,KXMENWORLDCUP-26,KXMENWORLDCUP,Sports,TRUE,724587,0.2,no,723137.826,723137.826,1514797172,0.000478339287525419
overall,taker_stake,20,2026-06-19,KXMENWORLDCUP-26-AU,KXMENWORLDCUP-26,KXMENWORLDCUP,Sports,TRUE,888888,0.2,no,887110.224,887110.224,1514797172,0.00058680331362541
overall,taker_stake,48,2026-06-30,KXMENWORLDCUP-26-MA,KXMENWORLDCUP-26,KXMENWORLDCUP,Sports,TRUE,609797,3,no,591503.09,591503.09,1514797172,0.000402560165328854
overall,taker_stake,44,2026-06-13,KXMENWORLDCUP-26-GH,KXMENWORLDCUP-26,KXMENWORLDCUP,Sports,TRUE,600000,0.1,no,599400,599400,1514797172,0.000396092632789784
overall,taker_stake,41,2026-06-24,KXMENWORLDCUP-26-KR,KXMENWORLDCUP-26,KXMENWORLDCUP,Sports,TRUE,625513,0,no,625513,625513,1514797172,0.000412935151690394
overall,taker_stake,33,2026-06-12,KXMENWORLDCUP-26-CA,KXMENWORLDCUP-26,KXMENWORLDCUP,Sports,TRUE,696878,0.2,no,695484.244,695484.244,1514797172,0.000460047069588799
overall,taker_stake,50,2026-06-27,KXMENWORLDCUP-26-PY,KXMENWORLDCUP-26,KXMENWORLDCUP,Sports,TRUE,567318,0.1,no,566750.682,566750.682,1514797172,0.000374517467081725
overall,taker_stake,4,2026-06-21,KXMENWORLDCUP-26-AU,KXMENWORLDCUP-26,KXMENWORLDCUP,Sports,TRUE,1250000,0.1,no,1248750,1248750,1514797172,0.000825192984978718
overall,taker_stake,10,2026-06-21,KXMENWORLDCUP-26-EC,KXMENWORLDCUP-26,KXMENWORLDCUP,Sports,TRUE,1000000,0.1,no,999000,999000,1514797172,0.000660154387982974
overall,taker_stake,27,2026-07-11,KXWCADVANCE-26JUL11ARGSUI-SUI,KXWCADVANCE-26JUL11ARGSUI,KXWCADVANCE,Sports,TRUE,777777,1,no,769999.23,769999.23,99091172,0.00784910486274196
overall,taker_stake,46,2026-07-11,KXWCADVANCE-26JUL11ARGSUI-ARG,KXWCADVANCE-26JUL11ARGSUI,KXWCADVANCE,Sports,TRUE,600861,99,yes,594852.39,594852.39,99091172,0.00606371877405991
overall,taker_stake,45,2026-05-18,KXNBAGAME-26MAY18SASOKC-OKC,KXNBAGAME-26MAY18SASOKC,KXNBAGAME,Sports,TRUE,876902,68,yes,596293.36,596293.36,66691583,0.0131486157705988
overall,taker_stake,17,2026-05-18,KXNBAGAME-26MAY18SASOKC-OKC,KXNBAGAME-26MAY18SASOKC,KXNBAGAME,Sports,TRUE,1376911,68,yes,936299.48,936299.48,66691583,0.0206459486799106
overall,taker_stake,40,2026-03-11,KXFEDDECISION-26MAR-H0,KXFEDDECISION-26MAR,KXFEDDECISION,Economics,FALSE,639739,99,yes,633341.61,633341.61,34682807,0.0184454216753563
overall,taker_stake,24,2026-07-06,KXWCADVANCE-26JUL06PORESP-ESP,KXWCADVANCE-26JUL06PORESP,KXWCADVANCE,Sports,TRUE,808707,99,yes,800619.93,800619.93,70131030,0.0115313720616965
overall,taker_stake,9,2026-07-22,KXMVESPORTSMULTIGAMEEXTENDED-S20265BB8F2EF46D-77CBCFDD3A4,KXMVESPORTSMULTIGAMEEXTENDED-S20265BB8F2EF46D,KXMVESPORTSMULTIGAMEEXTENDED,Sports,TRUE,1000000,0,no,1e+06,1e+06,34612403,0.0288913774637375
overall,taker_stake,8,2026-07-22,KXMVESPORTSMULTIGAMEEXTENDED-S20265BB8F2EF46D-77CBCFDD3A4,KXMVESPORTSMULTIGAMEEXTENDED-S20265BB8F2EF46D,KXMVESPORTSMULTIGAMEEXTENDED,Sports,TRUE,1000000,0,no,1e+06,1e+06,34612403,0.0288913774637375
overall,taker_stake,6,2026-07-22,KXMVESPORTSMULTIGAMEEXTENDED-S20265BB8F2EF46D-77CBCFDD3A4,KXMVESPORTSMULTIGAMEEXTENDED-S20265BB8F2EF46D,KXMVESPORTSMULTIGAMEEXTENDED,Sports,TRUE,1200000,0,no,1200000,1200000,34612403,0.034669652956485
overall,taker_stake,36,2026-06-07,KXMAYORLA-26-SPRA,KXMAYORLA-26,KXMAYORLA,Elections,FALSE,655555,0.4,no,652932.78,652932.78,86465243,0.00758171696805386
overall,taker_stake,13,2026-05-20,KXMAYORLA-26-SPRA,KXMAYORLA-26,KXMAYORLA,Elections,FALSE,1420135,31,no,979893.15,979893.15,86465243,0.0164243452134865
overall,taker_stake,22,2026-06-22,KXWCGAME-26JUN22FRAIRQ-FRA,KXWCGAME-26JUN22FRAIRQ,KXWCGAME,Sports,TRUE,895698,91,yes,815085.18,815085.18,51589023,0.0173621818734579
overall,taker_stake,29,2026-06-22,KXWCGAME-26JUN22FRAIRQ-FRA,KXWCGAME-26JUN22FRAIRQ,KXWCGAME,Sports,TRUE,800000,92,yes,736000,736000,51589023,0.0155071748499676
overall,taker_stake,28,2026-07-21,KXFEDDECISION-26JUL-H26,KXFEDDECISION-26JUL,KXFEDDECISION,Economics,FALSE,756773,1,no,749205.27,749205.27,34267494,0.0220842819728808
overall,taker_stake,3,2026-06-11,KXNBAGAME-26JUN13NYKSAS-NYK,KXNBAGAME-26JUN13NYKSAS,KXNBAGAME,Sports,TRUE,3608286,36,yes,2309303.04,1298982.96,155502355,0.0232040601571597
overall,taker_stake,7,2026-07-21,KXMVESPORTSMULTIGAMEEXTENDED-S2026432AAA357D4-4FB47008207,KXMVESPORTSMULTIGAMEEXTENDED-S2026432AAA357D4,KXMVESPORTSMULTIGAMEEXTENDED,Sports,TRUE,1000000,0,no,1e+06,1e+06,21218999,0.0471275765647569
overall,taker_stake,35,2026-06-17,KXWCGAME-26JUN17UZBCOL-COL,KXWCGAME-26JUN17UZBCOL,KXWCGAME,Sports,TRUE,900000,73,yes,657000,657000,53306596,0.0168834641026413
overall,taker_stake,30,2026-06-17,KXWCGAME-26JUN17UZBCOL-COL,KXWCGAME-26JUN17UZBCOL,KXWCGAME,Sports,TRUE,1000000,73,yes,730000,730000,53306596,0.0187594045584903
overall,taker_stake,38,2026-02-25,KXATTENDSOTU-NSHI,KXATTENDSOTU,KXATTENDSOTU,Politics,FALSE,645686,99,yes,639229.14,639229.14,15535513,0.041561936190971
overall,taker_stake,34,2026-07-01,KXWCADVANCE-26JUL01BELSEN-BEL,KXWCADVANCE-26JUL01BELSEN,KXWCADVANCE,Sports,TRUE,682938,99,yes,676108.62,676108.62,86154336,0.00792691385840406
overall,taker_stake,32,2026-07-01,KXWCADVANCE-26JUL01BELSEN-BEL,KXWCADVANCE-26JUL01BELSEN,KXWCADVANCE,Sports,TRUE,723554,99,yes,716318.46,716318.46,86154336,0.00839834689225624
overall,taker_stake,5,2026-07-07,KXWCADVANCE-26JUL07SUICOL-COL,KXWCADVANCE-26JUL07SUICOL,KXWCADVANCE,Sports,TRUE,1950114,62,yes,1209070.68,1209070.68,21815851,0.0893897744351114
overall,taker_stake,25,2026-06-19,KXWCGAME-26JUN19USAAUS-USA,KXWCGAME-26JUN19USAAUS,KXWCGAME,Sports,TRUE,1300000,61,yes,793000,793000,56162919,0.0231469450510576
overall,taker_stake,18,2026-06-07,KXFEDDECISION-26JUN-H0,KXFEDDECISION-26JUN,KXFEDDECISION,Economics,FALSE,949837,98,yes,930840.26,930840.26,33132592,0.0286677540954236
overall,taker_stake,12,2026-06-16,KXFEDDECISION-26JUN-H0,KXFEDDECISION-26JUN,KXFEDDECISION,Economics,FALSE,999323,99,yes,989329.77,989329.77,33132592,0.0301613287605147
small_market,contracts,29,2025-12-16,KXNCAAMBGAME-25DEC16ACARIZ-AC,KXNCAAMBGAME-25DEC16ACARIZ,KXNCAAMBGAME,Sports,TRUE,246106,1,"",243644.94,,506273,0.486113223497994
small_market,contracts,42,2026-04-28,KXHOOD-26APRGOLDSUBS-4500000,KXHOOD-26APRGOLDSUBS,KXHOOD,Companies,FALSE,168888,1,no,167199.12,167199.12,629467,0.268303183486982
small_market,contracts,40,2025-10-27,KXMLBTOTAL-25OCT28TORLAD-8,KXMLBTOTAL-25OCT28TORLAD,KXMLBTOTAL,Sports,TRUE,179700,99,"",177903,,873229,0.205787943368807
small_market,contracts,30,2026-03-10,KXLOWTPHIL-26MAR10-B45.5,KXLOWTPHIL-26MAR10,KXLOWTPHIL,Climate and Weather,FALSE,240928,1,yes,238518.72,2409.28,343423,0.701548818803633
small_market,contracts,12,2025-08-27,KXNFLSPREAD-25SEP07MIAIND-MIA1,KXNFLSPREAD-25SEP07MIAIND,KXNFLSPREAD,Sports,TRUE,313071,49,"",159666.21,,351579,0.890471273881546
small_market,contracts,28,2025-10-23,KXNCAAFTOTAL-25OCT25MISSOKLA-54,KXNCAAFTOTAL-25OCT25MISSOKLA,KXNCAAFTOTAL,Sports,TRUE,250000,48,"",130000,,368868,0.677749221943893
small_market,contracts,44,2025-12-13,KXNCAAMBGAME-25DEC13UCRVBYU-UCRV,KXNCAAMBGAME-25DEC13UCRVBYU,KXNCAAMBGAME,Sports,TRUE,158935,1,"",157345.65,,433969,0.366235837122006
small_market,contracts,19,2026-01-04,KXNCAAMBGAME-26JAN04WASHIND-WASH,KXNCAAMBGAME-26JAN04WASHIND,KXNCAAMBGAME,Sports,TRUE,274964,1,yes,272214.36,2749.64,1000459,0.274837849427113
small_market,contracts,14,2025-10-22,KXNFLTOTAL-25OCT26BUFCAR-45,KXNFLTOTAL-25OCT26BUFCAR,KXNFLTOTAL,Sports,TRUE,300000,52,"",156000,,931860,0.321936771618054
small_market,contracts,16,2025-10-19,KXNFLTOTAL-25OCT19MIACLE-44,KXNFLTOTAL-25OCT19MIACLE,KXNFLTOTAL,Sports,TRUE,300000,20,"",240000,,1418080,0.211553650005641
small_market,contracts,1,2026-05-22,KXLALIGARELEGATION-26-OSA,KXLALIGARELEGATION-26,KXLALIGARELEGATION,Sports,TRUE,3480000,16,yes,2923200,556800,7256402,0.479576517398016
small_market,contracts,2,2026-05-22,KXLALIGARELEGATION-26-OSA,KXLALIGARELEGATION-26,KXLALIGARELEGATION,Sports,TRUE,3480000,17,yes,2888400,591600,7256402,0.479576517398016
small_market,contracts,10,2025-08-19,KXMLBGAME-25AUG18MILCHCG2-MIL,KXMLBGAME-25AUG18MILCHCG2,KXMLBGAME,Sports,TRUE,350917,43,"",200022.69,,1255090,0.279595088798413
small_market,contracts,21,2025-10-14,KXNCAAFSPREAD-25OCT18TTUASU-TTU10,KXNCAAFSPREAD-25OCT18TTUASU,KXNCAAFSPREAD,Sports,TRUE,250000,51,"",127500,,488857,0.511396993394796
small_market,contracts,45,2025-10-24,KXNCAAFSPREAD-25OCT25ULLTROY-TROY9,KXNCAAFSPREAD-25OCT25ULLTROY,KXNCAAFSPREAD,Sports,TRUE,151021,48,"",78530.92,,171494,0.880619730136331
small_market,contracts,33,2026-06-09,KXCAPRIMARY-0626-LTOM,KXCAPRIMARY-0626,KXCAPRIMARY,Elections,FALSE,200000,0.1,no,199800,199800,682926,0.29285749846982
small_market,contracts,34,2026-06-09,KXCAPRIMARY-0626-MGUE,KXCAPRIMARY-0626,KXCAPRIMARY,Elections,FALSE,200000,0.1,no,199800,199800,682926,0.29285749846982
small_market,contracts,23,2025-10-24,KXNCAAFTOTAL-25OCT24BSUNEV-50,KXNCAAFTOTAL-25OCT24BSUNEV,KXNCAAFTOTAL,Sports,TRUE,250000,51,"",127500,,371619,0.672732018545876
small_market,contracts,46,2026-03-04,KXHIGHTBOS-26MAR04-B49.5,KXHIGHTBOS-26MAR04,KXHIGHTBOS,Climate and Weather,FALSE,150000,1,yes,148500,1500,608157,0.246646836261031
small_market,contracts,11,2026-01-11,KXNCAAMBSPREAD-26JAN10BYUUTAH-BYU4,KXNCAAMBSPREAD-26JAN10BYUUTAH,KXNCAAMBSPREAD,Sports,TRUE,344077,99,no,340636.23,3440.77,1289711,0.266786124953575
small_market,contracts,25,2026-05-18,KXCCAPRICE-26MAY47-27.94,KXCCAPRICE-26MAY47,KXCCAPRICE,Financials,FALSE,250000,40,no,150000,150000,514938,0.485495341186706
small_market,contracts,26,2025-10-24,KXNCAAFSPREAD-25OCT25ILLWASH-WASH4,KXNCAAFSPREAD-25OCT25ILLWASH,KXNCAAFSPREAD,Sports,TRUE,250000,48,"",130000,,448485,0.557432244110728
small_market,contracts,17,2025-12-23,KXHIGHLAX-25DEC22-T62,KXHIGHLAX-25DEC22,KXHIGHLAX,Climate and Weather,FALSE,298519,1,"",295533.81,,936746,0.318676567607441
small_market,contracts,4,2026-03-25,KXNBAGAME-26MAR25SASMEM-MEM,KXNBAGAME-26MAR25SASMEM,KXNBAGAME,Sports,TRUE,865056,7,yes,804502.08,60553.92,3058144,0.282869609802547
small_market,contracts,41,2026-05-01,KXBTCMAX150-25-26JUN30-149999.99,KXBTCMAX150-25-26JUN30,KXBTCMAX150,Crypto,FALSE,171597,1,no,169881.03,169881.03,424468,0.404263690077933
small_market,contracts,22,2025-10-16,KXNCAAFSPREAD-25OCT18SMUCLEM-CLEM9,KXNCAAFSPREAD-25OCT18SMUCLEM,KXNCAAFSPREAD,Sports,TRUE,250000,47,"",132500,,323438,0.772945665011532
small_market,contracts,36,2025-10-26,KXNFLTOTAL-25OCT26NYJCIN-44,KXNFLTOTAL-25OCT26NYJCIN,KXNFLTOTAL,Sports,TRUE,200000,49,"",102000,,720946,0.277413287541647
small_market,contracts,13,2025-10-24,KXNFLTOTAL-25OCT26SFHOU-41,KXNFLTOTAL-25OCT26SFHOU,KXNFLTOTAL,Sports,TRUE,300000,51,"",153000,,1073510,0.279457107991542
small_market,contracts,50,2025-12-07,KXNCAAWBGAME-25DEC07NCCUSCAR-NCCU,KXNCAAWBGAME-25DEC07NCCUSCAR,KXNCAAWBGAME,Sports,TRUE,140278,1,"",138875.22,,531509,0.263924035152744
small_market,contracts,7,2026-02-24,KXNCAAMBGAME-26FEB24DUKEND-ND,KXNCAAMBGAME-26FEB24DUKEND,KXNCAAMBGAME,Sports,TRUE,400000,1,yes,396000,4000,1595029,0.250779139438844
small_market,contracts,39,2026-05-31,KXBTCMAX150-25-26JUL31-149999.99,KXBTCMAX150-25-26JUL31,KXBTCMAX150,Crypto,FALSE,185341,1,no,183487.59,183487.59,868985,0.213284464058643
small_market,contracts,43,2026-03-22,KXSERIEAGAME-26MAR22BFCLAZ-BFC,KXSERIEAGAME-26MAR22BFCLAZ,KXSERIEAGAME,Sports,TRUE,166265,45,yes,91445.75,74819.25,667925,0.248927649062395
small_market,contracts,37,2025-10-26,KXNFLTOTAL-25OCT26CHIBAL-38,KXNFLTOTAL-25OCT26CHIBAL,KXNFLTOTAL,Sports,TRUE,199982,72,"",143987.04,,748471,0.267187372657057
small_market,contracts,31,2025-10-25,KXNFLSPREAD-25OCT26MIAATL-ATL3,KXNFLSPREAD-25OCT26MIAATL,KXNFLSPREAD,Sports,TRUE,200000,64,"",128000,,899017,0.222465203661332
small_market,contracts,32,2026-01-04,KXNHLGAME-26JAN04PITCBJ-PIT,KXNHLGAME-26JAN04PITCBJ,KXNHLGAME,Sports,TRUE,200000,47,yes,106000,94000,965297,0.207190118688859
small_market,contracts,18,2026-01-08,KXNHLGAME-26JAN08OTTCOL-OTT,KXNHLGAME-26JAN08OTTCOL,KXNHLGAME,Sports,TRUE,297767,29,yes,211414.57,86352.43,1202886,0.247543823770499
small_market,contracts,3,2025-11-08,KXNCAAFGAME-25NOV08LTDEL-LT,KXNCAAFGAME-25NOV08LTDEL,KXNCAAFGAME,Sports,TRUE,958639,99,"",949052.61,,3855006,0.248673802323524
small_market,contracts,9,2026-01-09,KXNCAAWBGAME-26JAN11CONNCREI-CREI,KXNCAAWBGAME-26JAN11CONNCREI,KXNCAAWBGAME,Sports,TRUE,355821,1,yes,352262.79,3558.21,1130989,0.314610486927813
small_market,contracts,38,2026-01-08,KXHIGHCHI-26JAN07-B42.5,KXHIGHCHI-26JAN07,KXHIGHCHI,Climate and Weather,FALSE,187879,1,yes,186000.21,1878.79,649053,0.289466345583489
small_market,contracts,6,2026-07-11,KXWCFIRSTGOAL-26JUL11ARGSUI-ARGLMESSI10,KXWCFIRSTGOAL-26JUL11ARGSUI,KXWCFIRSTGOAL,Sports,TRUE,481464,28,no,346654.08,346654.08,1460312,0.329699406702129
small_market,contracts,49,2026-03-23,KXNBAGAME-26MAR23HOUCHI-HOU,KXNBAGAME-26MAR23HOUCHI,KXNBAGAME,Sports,TRUE,147492,3,yes,143067.24,4424.76,350513,0.420788957898851
small_market,contracts,5,2025-11-06,KXNCAAMBGAME-25NOV06MHULCHI-L-IL,KXNCAAMBGAME-25NOV06MHULCHI,KXNCAAMBGAME,Sports,TRUE,500000,98,"",490000,,1391637,0.35928909622265
small_market,contracts,47,2026-06-24,KXCS2GAME-26JUN240800VSCLARGA-LARGA,KXCS2GAME-26JUN240800VSCLARGA,KXCS2GAME,Sports,TRUE,150000,72,yes,108000,108000,187235,0.801132266937271
small_market,contracts,35,2026-03-13,KXNCAAMBGAME-26MAR13MISSALA-ALA,KXNCAAMBGAME-26MAR13MISSALA,KXNCAAMBGAME,Sports,TRUE,200000,1,yes,198000,2000,951555,0.210182280582835
small_market,contracts,20,2026-04-06,KXNHLGAME-26APR06SEAWPG-WPG,KXNHLGAME-26APR06SEAWPG,KXNHLGAME,Sports,TRUE,251094,61,yes,153167.34,153167.34,706743,0.355283320811101
small_market,contracts,24,2025-10-24,KXNCAAFSPREAD-25OCT25BYUISU-ISU2,KXNCAAFSPREAD-25OCT25BYUISU,KXNCAAFSPREAD,Sports,TRUE,250000,50,"",125000,,448065,0.557954761027976
small_market,contracts,8,2026-04-18,KXMLBRFI-26APR181605TBPIT,KXMLBRFI-26APR181605TBPIT,KXMLBRFI,Sports,TRUE,369298,99,yes,365605.02,365605.02,769764,0.479754833949107
small_market,contracts,15,2025-10-22,KXNFLSPREAD-25OCT26SFHOU-HOU2,KXNFLSPREAD-25OCT26SFHOU,KXNFLSPREAD,Sports,TRUE,300000,47,"",159000,,1446739,0.207362903744214
small_market,contracts,27,2025-10-16,KXNCAAFTOTAL-25OCT18SMUCLEM-55,KXNCAAFTOTAL-25OCT18SMUCLEM,KXNCAAFTOTAL,Sports,TRUE,250000,48,"",130000,,354976,0.704272964932841
small_market,contracts,48,2025-02-02,KXGRAMBPS-67-E,KXGRAMBPS-67,KXGRAMBPS,Entertainment,FALSE,150000,99,"",148500,,185224,0.809830259577593
small_market,one_party_stake,13,2025-12-16,KXNCAAMBGAME-25DEC16ACARIZ-AC,KXNCAAMBGAME-25DEC16ACARIZ,KXNCAAMBGAME,Sports,TRUE,246106,1,"",243644.94,,506273,0.486113223497994
small_market,one_party_stake,25,2026-04-28,KXHOOD-26APRGOLDSUBS-4500000,KXHOOD-26APRGOLDSUBS,KXHOOD,Companies,FALSE,168888,1,no,167199.12,167199.12,629467,0.268303183486982
small_market,one_party_stake,23,2025-10-27,KXMLBTOTAL-25OCT28TORLAD-8,KXMLBTOTAL-25OCT28TORLAD,KXMLBTOTAL,Sports,TRUE,179700,99,"",177903,,873229,0.205787943368807
small_market,one_party_stake,15,2026-03-10,KXLOWTPHIL-26MAR10-B45.5,KXLOWTPHIL-26MAR10,KXLOWTPHIL,Climate and Weather,FALSE,240928,1,yes,238518.72,2409.28,343423,0.701548818803633
small_market,one_party_stake,26,2025-08-27,KXNFLSPREAD-25SEP07MIAIND-MIA1,KXNFLSPREAD-25SEP07MIAIND,KXNFLSPREAD,Sports,TRUE,313071,49,"",159666.21,,351579,0.890471273881546
small_market,one_party_stake,41,2025-10-23,KXNCAAFTOTAL-25OCT25MISSOKLA-54,KXNCAAFTOTAL-25OCT25MISSOKLA,KXNCAAFTOTAL,Sports,TRUE,250000,48,"",130000,,368868,0.677749221943893
small_market,one_party_stake,28,2025-12-13,KXNCAAMBGAME-25DEC13UCRVBYU-UCRV,KXNCAAMBGAME-25DEC13UCRVBYU,KXNCAAMBGAME,Sports,TRUE,158935,1,"",157345.65,,433969,0.366235837122006
small_market,one_party_stake,12,2026-01-04,KXNCAAMBGAME-26JAN04WASHIND-WASH,KXNCAAMBGAME-26JAN04WASHIND,KXNCAAMBGAME,Sports,TRUE,274964,1,yes,272214.36,2749.64,1000459,0.274837849427113
small_market,one_party_stake,29,2025-10-22,KXNFLTOTAL-25OCT26BUFCAR-45,KXNFLTOTAL-25OCT26BUFCAR,KXNFLTOTAL,Sports,TRUE,300000,52,"",156000,,931860,0.321936771618054
small_market,one_party_stake,14,2025-10-19,KXNFLTOTAL-25OCT19MIACLE-44,KXNFLTOTAL-25OCT19MIACLE,KXNFLTOTAL,Sports,TRUE,300000,20,"",240000,,1418080,0.211553650005641
small_market,one_party_stake,1,2026-05-22,KXLALIGARELEGATION-26-OSA,KXLALIGARELEGATION-26,KXLALIGARELEGATION,Sports,TRUE,3480000,16,yes,2923200,556800,7256402,0.479576517398016
small_market,one_party_stake,2,2026-05-22,KXLALIGARELEGATION-26-OSA,KXLALIGARELEGATION-26,KXLALIGARELEGATION,Sports,TRUE,3480000,17,yes,2888400,591600,7256402,0.479576517398016
small_market,one_party_stake,46,2026-06-19,KXWCTEAMGOALS-26USA-5,KXWCTEAMGOALS-26USA,KXWCTEAMGOALS,Sports,TRUE,125000,99,no,123750,1250,250181,0.499638261898386
small_market,one_party_stake,17,2025-08-19,KXMLBGAME-25AUG18MILCHCG2-MIL,KXMLBGAME-25AUG18MILCHCG2,KXMLBGAME,Sports,TRUE,350917,43,"",200022.69,,1255090,0.279595088798413
small_market,one_party_stake,44,2025-10-14,KXNCAAFSPREAD-25OCT18TTUASU-TTU10,KXNCAAFSPREAD-25OCT18TTUASU,KXNCAAFSPREAD,Sports,TRUE,250000,51,"",127500,,488857,0.511396993394796
small_market,one_party_stake,18,2026-06-09,KXCAPRIMARY-0626-LTOM,KXCAPRIMARY-0626,KXCAPRIMARY,Elections,FALSE,200000,0.1,no,199800,199800,682926,0.29285749846982
small_market,one_party_stake,19,2026-06-09,KXCAPRIMARY-0626-MGUE,KXCAPRIMARY-0626,KXCAPRIMARY,Elections,FALSE,200000,0.1,no,199800,199800,682926,0.29285749846982
small_market,one_party_stake,43,2025-10-24,KXNCAAFTOTAL-25OCT24BSUNEV-50,KXNCAAFTOTAL-25OCT24BSUNEV,KXNCAAFTOTAL,Sports,TRUE,250000,51,"",127500,,371619,0.672732018545876
small_market,one_party_stake,33,2026-03-04,KXHIGHTBOS-26MAR04-B49.5,KXHIGHTBOS-26MAR04,KXHIGHTBOS,Climate and Weather,FALSE,150000,1,yes,148500,1500,608157,0.246646836261031
small_market,one_party_stake,10,2026-01-11,KXNCAAMBSPREAD-26JAN10BYUUTAH-BYU4,KXNCAAMBSPREAD-26JAN10BYUUTAH,KXNCAAMBSPREAD,Sports,TRUE,344077,99,no,340636.23,3440.77,1289711,0.266786124953575
small_market,one_party_stake,32,2026-05-18,KXCCAPRICE-26MAY47-27.94,KXCCAPRICE-26MAY47,KXCCAPRICE,Financials,FALSE,250000,40,no,150000,150000,514938,0.485495341186706
small_market,one_party_stake,40,2025-10-24,KXNCAAFSPREAD-25OCT25ILLWASH-WASH4,KXNCAAFSPREAD-25OCT25ILLWASH,KXNCAAFSPREAD,Sports,TRUE,250000,48,"",130000,,448485,0.557432244110728
small_market,one_party_stake,48,2025-11-29,KXHIGHDEN-25NOV29-T35,KXHIGHDEN-25NOV29,KXHIGHDEN,Climate and Weather,FALSE,112910,1,"",111780.9,,442426,0.255206520412453
small_market,one_party_stake,11,2025-12-23,KXHIGHLAX-25DEC22-T62,KXHIGHLAX-25DEC22,KXHIGHLAX,Climate and Weather,FALSE,298519,1,"",295533.81,,936746,0.318676567607441
small_market,one_party_stake,4,2026-03-25,KXNBAGAME-26MAR25SASMEM-MEM,KXNBAGAME-26MAR25SASMEM,KXNBAGAME,Sports,TRUE,865056,7,yes,804502.08,60553.92,3058144,0.282869609802547
small_market,one_party_stake,24,2026-05-01,KXBTCMAX150-25-26JUN30-149999.99,KXBTCMAX150-25-26JUN30,KXBTCMAX150,Crypto,FALSE,171597,1,no,169881.03,169881.03,424468,0.404263690077933
small_market,one_party_stake,38,2025-10-16,KXNCAAFSPREAD-25OCT18SMUCLEM-CLEM9,KXNCAAFSPREAD-25OCT18SMUCLEM,KXNCAAFSPREAD,Sports,TRUE,250000,47,"",132500,,323438,0.772945665011532
small_market,one_party_stake,31,2025-10-24,KXNFLTOTAL-25OCT26SFHOU-41,KXNFLTOTAL-25OCT26SFHOU,KXNFLTOTAL,Sports,TRUE,300000,51,"",153000,,1073510,0.279457107991542
small_market,one_party_stake,37,2025-12-07,KXNCAAWBGAME-25DEC07NCCUSCAR-NCCU,KXNCAAWBGAME-25DEC07NCCUSCAR,KXNCAAWBGAME,Sports,TRUE,140278,1,"",138875.22,,531509,0.263924035152744
small_market,one_party_stake,6,2026-02-24,KXNCAAMBGAME-26FEB24DUKEND-ND,KXNCAAMBGAME-26FEB24DUKEND,KXNCAAMBGAME,Sports,TRUE,400000,1,yes,396000,4000,1595029,0.250779139438844
small_market,one_party_stake,22,2026-05-31,KXBTCMAX150-25-26JUL31-149999.99,KXBTCMAX150-25-26JUL31,KXBTCMAX150,Crypto,FALSE,185341,1,no,183487.59,183487.59,868985,0.213284464058643
small_market,one_party_stake,49,2025-06-28,KXUFCFIGHT-25JUN28AMIDEL-AMI,KXUFCFIGHT-25JUN28AMIDEL,KXUFCFIGHT,Sports,TRUE,109173,1,"",108081.27,,479429,0.227714635535189
small_market,one_party_stake,35,2025-10-26,KXNFLTOTAL-25OCT26CHIBAL-38,KXNFLTOTAL-25OCT26CHIBAL,KXNFLTOTAL,Sports,TRUE,199982,72,"",143987.04,,748471,0.267187372657057
small_market,one_party_stake,42,2025-10-25,KXNFLSPREAD-25OCT26MIAATL-ATL3,KXNFLSPREAD-25OCT26MIAATL,KXNFLSPREAD,Sports,TRUE,200000,64,"",128000,,899017,0.222465203661332
small_market,one_party_stake,16,2026-01-08,KXNHLGAME-26JAN08OTTCOL-OTT,KXNHLGAME-26JAN08OTTCOL,KXNHLGAME,Sports,TRUE,297767,29,yes,211414.57,86352.43,1202886,0.247543823770499
small_market,one_party_stake,3,2025-11-08,KXNCAAFGAME-25NOV08LTDEL-LT,KXNCAAFGAME-25NOV08LTDEL,KXNCAAFGAME,Sports,TRUE,958639,99,"",949052.61,,3855006,0.248673802323524
small_market,one_party_stake,8,2026-01-09,KXNCAAWBGAME-26JAN11CONNCREI-CREI,KXNCAAWBGAME-26JAN11CONNCREI,KXNCAAWBGAME,Sports,TRUE,355821,1,yes,352262.79,3558.21,1130989,0.314610486927813
small_market,one_party_stake,21,2026-01-08,KXHIGHCHI-26JAN07-B42.5,KXHIGHCHI-26JAN07,KXHIGHCHI,Climate and Weather,FALSE,187879,1,yes,186000.21,1878.79,649053,0.289466345583489
small_market,one_party_stake,9,2026-07-11,KXWCFIRSTGOAL-26JUL11ARGSUI-ARGLMESSI10,KXWCFIRSTGOAL-26JUL11ARGSUI,KXWCFIRSTGOAL,Sports,TRUE,481464,28,no,346654.08,346654.08,1460312,0.329699406702129
small_market,one_party_stake,36,2026-03-23,KXNBAGAME-26MAR23HOUCHI-HOU,KXNBAGAME-26MAR23HOUCHI,KXNBAGAME,Sports,TRUE,147492,3,yes,143067.24,4424.76,350513,0.420788957898851
small_market,one_party_stake,5,2025-11-06,KXNCAAMBGAME-25NOV06MHULCHI-L-IL,KXNCAAMBGAME-25NOV06MHULCHI,KXNCAAMBGAME,Sports,TRUE,500000,98,"",490000,,1391637,0.35928909622265
small_market,one_party_stake,50,2026-06-24,KXCS2GAME-26JUN240800VSCLARGA-LARGA,KXCS2GAME-26JUN240800VSCLARGA,KXCS2GAME,Sports,TRUE,150000,72,yes,108000,108000,187235,0.801132266937271
small_market,one_party_stake,20,2026-03-13,KXNCAAMBGAME-26MAR13MISSALA-ALA,KXNCAAMBGAME-26MAR13MISSALA,KXNCAAMBGAME,Sports,TRUE,200000,1,yes,198000,2000,951555,0.210182280582835
small_market,one_party_stake,30,2026-04-06,KXNHLGAME-26APR06SEAWPG-WPG,KXNHLGAME-26APR06SEAWPG,KXNHLGAME,Sports,TRUE,251094,61,yes,153167.34,153167.34,706743,0.355283320811101
small_market,one_party_stake,45,2025-10-24,KXNCAAFSPREAD-25OCT25BYUISU-ISU2,KXNCAAFSPREAD-25OCT25BYUISU,KXNCAAFSPREAD,Sports,TRUE,250000,50,"",125000,,448065,0.557954761027976
small_market,one_party_stake,47,2026-01-18,KXRAINNYC-26JAN18-T0,KXRAINNYC-26JAN18,KXRAINNYC,Climate and Weather,FALSE,117227,99,no,116054.73,1172.27,395351,0.296513730836649
small_market,one_party_stake,7,2026-04-18,KXMLBRFI-26APR181605TBPIT,KXMLBRFI-26APR181605TBPIT,KXMLBRFI,Sports,TRUE,369298,99,yes,365605.02,365605.02,769764,0.479754833949107
small_market,one_party_stake,27,2025-10-22,KXNFLSPREAD-25OCT26SFHOU-HOU2,KXNFLSPREAD-25OCT26SFHOU,KXNFLSPREAD,Sports,TRUE,300000,47,"",159000,,1446739,0.207362903744214
small_market,one_party_stake,39,2025-10-16,KXNCAAFTOTAL-25OCT18SMUCLEM-55,KXNCAAFTOTAL-25OCT18SMUCLEM,KXNCAAFTOTAL,Sports,TRUE,250000,48,"",130000,,354976,0.704272964932841
small_market,one_party_stake,34,2025-02-02,KXGRAMBPS-67-E,KXGRAMBPS-67,KXGRAMBPS,Entertainment,FALSE,150000,99,"",148500,,185224,0.809830259577593
small_market,taker_stake,9,2026-04-28,KXHOOD-26APRGOLDSUBS-4500000,KXHOOD-26APRGOLDSUBS,KXHOOD,Companies,FALSE,168888,1,no,167199.12,167199.12,629467,0.268303183486982
small_market,taker_stake,36,2026-03-10,KXLOWTPHIL-26MAR10-B45.5,KXLOWTPHIL-26MAR10,KXLOWTPHIL,Climate and Weather,FALSE,240928,1,yes,238518.72,2409.28,343423,0.701548818803633
small_market,taker_stake,15,2026-06-19,KXMLBGAME-26JUN192015STLKC-KC,KXMLBGAME-26JUN192015STLKC,KXMLBGAME,Sports,TRUE,100000,99,yes,99000,99000,151155,0.661572557970295
small_market,taker_stake,35,2026-01-04,KXNCAAMBGAME-26JAN04WASHIND-WASH,KXNCAAMBGAME-26JAN04WASHIND,KXNCAAMBGAME,Sports,TRUE,274964,1,yes,272214.36,2749.64,1000459,0.274837849427113
small_market,taker_stake,13,2026-05-17,KXNBAUNBEATEN-26OKC-1,KXNBAUNBEATEN-26OKC,KXNBAUNBEATEN,Sports,TRUE,103876,4,no,99720.96,99720.96,492841,0.2107698020254
small_market,taker_stake,20,2026-07-16,GOVPARTYGA-26-D,GOVPARTYGA-26,GOVPARTYGA,Elections,FALSE,100000,50,yes,50000,50000,420083,0.238048195237608
small_market,taker_stake,24,2026-02-10,KXINXU-26FEB10H1600-T6949.9999,KXINXU-26FEB10H1600,KXINXU,Financials,FALSE,100000,62,no,62000,38000,316289,0.316166543888659
small_market,taker_stake,2,2026-05-22,KXLALIGARELEGATION-26-OSA,KXLALIGARELEGATION-26,KXLALIGARELEGATION,Sports,TRUE,3480000,16,yes,2923200,556800,7256402,0.479576517398016
small_market,taker_stake,1,2026-05-22,KXLALIGARELEGATION-26-OSA,KXLALIGARELEGATION-26,KXLALIGARELEGATION,Sports,TRUE,3480000,17,yes,2888400,591600,7256402,0.479576517398016
small_market,taker_stake,40,2026-06-19,KXWCTEAMGOALS-26USA-5,KXWCTEAMGOALS-26USA,KXWCTEAMGOALS,Sports,TRUE,125000,99,no,123750,1250,250181,0.499638261898386
small_market,taker_stake,22,2026-01-23,KXINXU-26JAN23H1600-T6924.9999,KXINXU-26JAN23H1600,KXINXU,Financials,FALSE,100000,57,no,57000,43000,355148,0.28157275276786
small_market,taker_stake,6,2026-06-09,KXCAPRIMARY-0626-LTOM,KXCAPRIMARY-0626,KXCAPRIMARY,Elections,FALSE,200000,0.1,no,199800,199800,682926,0.29285749846982
small_market,taker_stake,5,2026-06-09,KXCAPRIMARY-0626-MGUE,KXCAPRIMARY-0626,KXCAPRIMARY,Elections,FALSE,200000,0.1,no,199800,199800,682926,0.29285749846982
small_market,taker_stake,21,2026-02-06,KXNASDAQ100U-26FEB06H1600-T24999.99,KXNASDAQ100U-26FEB06H1600,KXNASDAQ100U,Financials,FALSE,100000,55,no,55000,45000,142088,0.703789201058499
small_market,taker_stake,39,2026-03-04,KXHIGHTBOS-26MAR04-B49.5,KXHIGHTBOS-26MAR04,KXHIGHTBOS,Climate and Weather,FALSE,150000,1,yes,148500,1500,608157,0.246646836261031
small_market,taker_stake,34,2026-01-11,KXNCAAMBSPREAD-26JAN10BYUUTAH-BYU4,KXNCAAMBSPREAD-26JAN10BYUUTAH,KXNCAAMBSPREAD,Sports,TRUE,344077,99,no,340636.23,3440.77,1289711,0.266786124953575
small_market,taker_stake,11,2026-05-18,KXCCAPRICE-26MAY47-27.94,KXCCAPRICE-26MAY47,KXCCAPRICE,Financials,FALSE,250000,40,no,150000,150000,514938,0.485495341186706
small_market,taker_stake,14,2026-07-08,KXITFMATCH-26JUL08CHAION-CHA,KXITFMATCH-26JUL08CHAION,KXITFMATCH,Sports,TRUE,100000,99,yes,99000,99000,379352,0.263607414749362
small_market,taker_stake,28,2026-06-03,KXINXU-26JUN03H1600-T7599.9999,KXINXU-26JUN03H1600,KXINXU,Financials,FALSE,100000,17,yes,83000,17000,277913,0.359824837269217
small_market,taker_stake,26,2026-01-29,KXNASDAQ100U-26JAN29H1600-T25699.99,KXNASDAQ100U-26JAN29H1600,KXNASDAQ100U,Financials,FALSE,100000,76,no,76000,24000,130718,0.765005584540767
small_market,taker_stake,19,2026-03-25,KXNBAGAME-26MAR25SASMEM-MEM,KXNBAGAME-26MAR25SASMEM,KXNBAGAME,Sports,TRUE,865056,7,yes,804502.08,60553.92,3058144,0.282869609802547
small_market,taker_stake,8,2026-05-01,KXBTCMAX150-25-26JUN30-149999.99,KXBTCMAX150-25-26JUN30,KXBTCMAX150,Crypto,FALSE,171597,1,no,169881.03,169881.03,424468,0.404263690077933
small_market,taker_stake,31,2026-02-24,KXNCAAMBGAME-26FEB24DUKEND-ND,KXNCAAMBGAME-26FEB24DUKEND,KXNCAAMBGAME,Sports,TRUE,400000,1,yes,396000,4000,1595029,0.250779139438844
small_market,taker_stake,7,2026-05-31,KXBTCMAX150-25-26JUL31-149999.99,KXBTCMAX150-25-26JUL31,KXBTCMAX150,Crypto,FALSE,185341,1,no,183487.59,183487.59,868985,0.213284464058643
small_market,taker_stake,18,2026-03-22,KXSERIEAGAME-26MAR22BFCLAZ-BFC,KXSERIEAGAME-26MAR22BFCLAZ,KXSERIEAGAME,Sports,TRUE,166265,45,yes,91445.75,74819.25,667925,0.248927649062395
small_market,taker_stake,32,2026-03-26,KXINXU-26MAR26H1600-T6574.9999,KXINXU-26MAR26H1600,KXINXU,Financials,FALSE,100000,4,yes,96000,4000,358695,0.278788385675853
small_market,taker_stake,16,2026-01-04,KXNHLGAME-26JAN04PITCBJ-PIT,KXNHLGAME-26JAN04PITCBJ,KXNHLGAME,Sports,TRUE,200000,47,yes,106000,94000,965297,0.207190118688859
small_market,taker_stake,17,2026-01-08,KXNHLGAME-26JAN08OTTCOL-OTT,KXNHLGAME-26JAN08OTTCOL,KXNHLGAME,Sports,TRUE,297767,29,yes,211414.57,86352.43,1202886,0.247543823770499
small_market,taker_stake,33,2026-01-09,KXNCAAWBGAME-26JAN11CONNCREI-CREI,KXNCAAWBGAME-26JAN11CONNCREI,KXNCAAWBGAME,Sports,TRUE,355821,1,yes,352262.79,3558.21,1130989,0.314610486927813
small_market,taker_stake,38,2026-01-08,KXHIGHCHI-26JAN07-B42.5,KXHIGHCHI-26JAN07,KXHIGHCHI,Climate and Weather,FALSE,187879,1,yes,186000.21,1878.79,649053,0.289466345583489
small_market,taker_stake,4,2026-07-11,KXWCFIRSTGOAL-26JUL11ARGSUI-ARGLMESSI10,KXWCFIRSTGOAL-26JUL11ARGSUI,KXWCFIRSTGOAL,Sports,TRUE,481464,28,no,346654.08,346654.08,1460312,0.329699406702129
small_market,taker_stake,30,2026-03-23,KXNBAGAME-26MAR23HOUCHI-HOU,KXNBAGAME-26MAR23HOUCHI,KXNBAGAME,Sports,TRUE,147492,3,yes,143067.24,4424.76,350513,0.420788957898851
small_market,taker_stake,29,2026-07-13,KXATP-26USO-DJO,KXATP-26USO,KXATP,Sports,TRUE,100000,7,yes,93000,7000,453988,0.220270139298836
small_market,taker_stake,12,2026-06-24,KXCS2GAME-26JUN240800VSCLARGA-LARGA,KXCS2GAME-26JUN240800VSCLARGA,KXCS2GAME,Sports,TRUE,150000,72,yes,108000,108000,187235,0.801132266937271
small_market,taker_stake,23,2026-07-18,SENATEIA-26-R,SENATEIA-26,SENATEIA,Elections,FALSE,100000,61,no,61000,39000,434797,0.229992387251982
small_market,taker_stake,37,2026-03-13,KXNCAAMBGAME-26MAR13MISSALA-ALA,KXNCAAMBGAME-26MAR13MISSALA,KXNCAAMBGAME,Sports,TRUE,200000,1,yes,198000,2000,951555,0.210182280582835
small_market,taker_stake,10,2026-04-06,KXNHLGAME-26APR06SEAWPG-WPG,KXNHLGAME-26APR06SEAWPG,KXNHLGAME,Sports,TRUE,251094,61,yes,153167.34,153167.34,706743,0.355283320811101
small_market,taker_stake,27,2026-03-13,KXNCAAMBGAME-26MAR13KUHOU-KU,KXNCAAMBGAME-26MAR13KUHOU,KXNCAAMBGAME,Sports,TRUE,100000,20,yes,80000,20000,159875,0.625488663017983
small_market,taker_stake,41,2026-01-18,KXRAINNYC-26JAN18-T0,KXRAINNYC-26JAN18,KXRAINNYC,Climate and Weather,FALSE,117227,99,no,116054.73,1172.27,395351,0.296513730836649
small_market,taker_stake,25,2026-07-15,KXNCAAFWINS-26SCAR-8,KXNCAAFWINS-26SCAR,KXNCAAFWINS,Sports,TRUE,100000,27,yes,73000,27000,103679,0.964515475650807
small_market,taker_stake,3,2026-04-18,KXMLBRFI-26APR181605TBPIT,KXMLBRFI-26APR181605TBPIT,KXMLBRFI,Sports,TRUE,369298,99,yes,365605.02,365605.02,769764,0.479754833949107
small_market,taker_stake,42,2026-04-29,KXEUROLEAGUEGAME-26APR291445HTARMA-RMA,KXEUROLEAGUEGAME-26APR291445HTARMA,KXEUROLEAGUEGAME,Sports,TRUE,105000,99,no,103950,1050,464477,0.22606070914168
