date,kind,n_parlays,total_vol,taker_stake,gross_pnl,fee,net_pnl
2025-09-17,independent,17,2326,146.31,-144.31,9.01,-153.32
2025-09-18,independent,7,249,60.9,-60.9,3.19,-64.09
2025-09-19,independent,7,51,6.93,-4.93,0.4,-5.33
2025-09-20,independent,65,38411,9110.64,-6319.64,342.46,-6662.1
2025-09-21,independent,91,14890,2094.88,-1746.88,110.37,-1857.25
2025-09-23,independent,10,3779,2079.59,-1991.59,62.43,-2054.02
2025-09-24,independent,51,12088,3574.29,-967.29,156.77,-1124.06
2025-09-25,independent,121,34152,7041.57,-3072.57,278.08,-3350.65
2025-09-26,independent,100,24265,2921.66,-2072.66,150.81,-2223.47
2025-09-27,independent,97,27450,2782.12,-2095.12,153.64,-2248.76
2025-09-28,correlated,3,31,2.59,-2.59,0.17,-2.76
2025-09-28,independent,330,95473,10045.28,-5443.28,560.23,-6003.51
2025-09-29,correlated,715,247183,34530.98,-254.98,1734.27,-1989.25
2025-09-29,independent,81,15311,5173.27,552.73,216.3,336.43
2025-09-30,correlated,24,8574,343.02,-272.02,21.55,-293.57
2025-09-30,independent,3,168,35.66,-1.66,1.95,-3.61
2025-10-01,correlated,138,109930,29811.15,-16945.15,1258.86,-18204.01
2025-10-02,correlated,1133,568335,54237.01,-29748.01,2641.08,-32389.09
2025-10-03,correlated,1078,501523,75718.91,-4906.91,3925.58,-8832.49
2025-10-03,independent,856,753978,304480.28,-155510.28,7363.68,-162873.96
2025-10-04,correlated,1467,518564,43904.52,-26430.52,2439.81,-28870.33
2025-10-04,independent,1340,502244,32933.91,-13530.91,1835.03,-15365.94
2025-10-05,correlated,5428,1861962,134093.68,-43077.68,7182.03,-50259.71
2025-10-05,independent,2504,869459,65353.6,-12150.6,3644.41,-15795.01
2025-10-06,correlated,1528,544038,35744.4,-23382.4,2024.48,-25406.88
2025-10-06,independent,5,648,111.79,-111.79,5.84,-117.63
2025-10-07,correlated,772,230700,14516.94,-4134.94,829.98,-4964.92
2025-10-09,correlated,2849,1426400,133127.71,-35286.71,6380.96,-41667.67
2025-10-09,independent,662,631728,174969.83,-24008.83,5296.45,-29305.28
2025-10-10,correlated,970,304150,44435.77,-15634.77,2075.28,-17710.05
2025-10-10,independent,2116,1052795,127979.5,-6332.5,6030.93,-12363.43
2025-10-11,correlated,2314,1137730,113206.87,-44854.87,5326.84,-50181.71
2025-10-11,independent,1312,528371,22732.07,-5632.07,1257.77,-6889.84
2025-10-12,correlated,10737,3019776,302286.64,-64982.64,13856.83,-78839.47
2025-10-12,independent,3248,1339584,132733.12,-49219.12,6609.04,-55828.16
2025-10-13,correlated,7323,2101662,221350.21,-75169.21,9321.69,-84490.9
2025-10-13,independent,213,81431,17293.86,31.14,707.76,-676.62
2025-10-14,correlated,1136,367094,83547.22,-19461.22,3751.5,-23212.72
2025-10-14,independent,1906,1413777,307611.49,111320.51,8601.65,102718.86
2025-10-15,correlated,1882,729629,99221.18,9290.82,4813.99,4476.83
2025-10-15,independent,950,484624,42380.22,28014.78,2274.63,25740.15
2025-10-16,correlated,4766,1688329,143589.55,44457.45,6879.6,37577.85
2025-10-16,independent,892,613649,32440.73,16010.27,1771.93,14238.34
2025-10-17,correlated,1086,376005,53644.33,13315.67,2446.54,10869.13
2025-10-17,independent,1757,1271722,48458.7,79147.3,2832.53,76314.77
2025-10-18,correlated,2698,1562695,262954.46,142725.54,11289.6,131435.94
2025-10-18,independent,1440,806871,36138.49,5396.51,2040.45,3356.06
2025-10-19,correlated,14582,5300813,409852.05,-41511.05,21339.99,-62851.04
2025-10-19,independent,5566,3131174,190681.17,113199.82,10100.66,103099.16
2025-10-20,correlated,10718,4609176,356468.37,-157779.37,18618.39,-176397.76
2025-10-20,independent,368,219473,31874.15,-10349.15,1482.34,-11831.49
2025-10-21,correlated,2812,1327949,163405.02,-49217.02,7107.14,-56324.16
2025-10-21,independent,1376,2315861,406499.21,-189253.21,15392.81,-204646.02
2025-10-22,correlated,2038,1001988,159387.05,-36983.05,6657.7,-43640.75
2025-10-22,independent,2062,1642568,145792.32,-37393.32,6875.42,-44268.74
2025-10-23,correlated,6822,2402994,204350.34,-128514.34,10054.95,-138569.29
2025-10-23,independent,1156,764899,38713.97,4609.04,2116.97,2492.07
2025-10-24,correlated,1224,447207,48279.66,12394.34,2318.22,10076.12
2025-10-24,independent,1495,1004199,54143.29,-21857.29,2842.47,-24699.76
2025-10-25,correlated,3964,1930959,167307.24,26211.76,8235.75,17976.01
2025-10-25,independent,2891,2001226,89727.78,-17485.78,5217.2,-22702.98
2025-10-26,correlated,16811,6485266,417971.77,-22914.78,22664.42,-45579.2
2025-10-26,independent,6465,3552728,233540.13,-35667.13,12680.94,-48348.07
2025-10-27,correlated,9905,3943857,253270.93,94047.07,13774.51,80272.56
2025-10-27,independent,16,3496,508.18,554.82,23.68,531.14
2025-10-28,correlated,1741,719026,95396.21,-13074.21,4585.92,-17660.13
2025-10-28,independent,2326,3848714,520837.54,-276648.54,23568.08,-300216.62
2025-10-29,correlated,3166,1312890,189998.82,-90522.82,8673.87,-99196.69
2025-10-29,independent,2303,2093341,169070.03,-109238.03,8533.27,-117771.3
2025-10-30,correlated,7836,3427297,218970.58,-103930.58,12151.2,-116081.78
2025-10-30,independent,1202,841160,61515.72,-41187.72,3243.35,-44431.07
2025-10-31,correlated,1205,453944,60033.04,-7647.04,2719.71,-10366.75
2025-10-31,independent,1798,1326535,71719.14,-45057.14,3615.13,-48672.27
2025-11-01,correlated,4230,1963659,174451.85,-54406.85,8321.8,-62728.65
2025-11-01,independent,2402,1279389,75447.86,-43808.86,3994.62,-47803.48
2025-11-02,correlated,18039,7674655,551215.22,-165339.22,28091.16,-193430.38
2025-11-02,independent,8534,4571154,307878.5,-122751.5,16438.62,-139190.13
2025-11-03,correlated,11909,4466478,389090.5,-156956.5,20296.06,-177252.56
2025-11-03,independent,41,23139,703.15,-624.15,38.61,-662.76
2025-11-04,correlated,3336,1518044,177128.23,-51759.23,8763.82,-60523.05
2025-11-04,independent,1989,2763783,428373.19,-121633.19,15513.31,-137146.5
2025-11-05,correlated,2854,1370017,183815.34,-128898.34,8650.51,-137548.85
2025-11-05,independent,1847,1618791,111963.98,-74703.98,6041.88,-80745.86
2025-11-06,correlated,7746,3161286,190922.91,-155633.91,10608,-166241.91
2025-11-06,independent,1277,1149351,47054.44,-19044.44,2657.04,-21701.48
2025-11-07,correlated,3516,1509976,88228.04,-37791.04,4904.67,-42695.71
2025-11-07,independent,2084,1600947,70559.64,-35193.63,3906.12,-39099.75
2025-11-08,correlated,3445,1746269,143738.78,-17044.78,6779.71,-23824.49
2025-11-08,independent,2379,1539470,80729.93,-18144.93,3769.42,-21914.35
2025-11-09,correlated,21709,9495766,603289.9,-76454.9,31857.16,-108312.06
2025-11-09,independent,8460,5251702,456244.09,-160822.09,21417.5,-182239.59
2025-11-10,correlated,13664,6138998,403426.36,-203404.36,22344.2,-225748.56
2025-11-10,independent,39,8331,1565.13,1111.87,78.25,1033.62
2025-11-11,correlated,3847,1782429,149236.43,-31041.43,7274.97,-38316.4
2025-11-11,independent,1307,2255917,392104.92,-31735.92,13795.93,-45531.85
2025-11-12,correlated,698,483842,120868.02,9315.98,5161.25,4154.73
2025-11-12,independent,2794,2390525,253844.79,-88434.79,11328.38,-99763.17
2025-11-13,correlated,7962,3506497,318985.6,-7228.6,16167.34,-23395.94
2025-11-13,independent,1693,1399137,83204.2,-19495.2,3970.56,-23465.76
2025-11-14,correlated,3538,1576574,110762.16,-31074.16,5865.7,-36939.86
2025-11-14,independent,2963,2571270,137682.3,-46528.3,7076.63,-53604.93
2025-11-15,correlated,4897,2742239,172277.7,-70325.7,8465.77,-78791.47
2025-11-15,independent,3516,2445089,117782.99,-41316.99,5822.43,-47139.42
2025-11-16,correlated,18314,7788952,433504.39,-233476.39,24386.12,-257862.51
2025-11-16,independent,11620,6581553,455487.8,-141520.8,22943.44,-164464.24
2025-11-17,correlated,11600,4495453,362418.29,-99309.29,18898.8,-118208.09
2025-11-17,independent,61,14986,3692.9,-2876.9,169.45,-3046.35
2025-11-18,correlated,5235,1588452,186444.07,-54729.07,8506.23,-63235.3
2025-11-18,independent,257,771432,186708.19,136537.81,5788.59,130749.22
2025-11-19,correlated,5789,2195470,394311.71,-177927.71,17024.19,-194951.9
2025-11-19,independent,4370,4448634,725652.51,90832.49,27435.79,63396.7
2025-11-20,correlated,8268,2970064,316158.99,-109351.99,15520.16,-124872.15
2025-11-20,independent,1994,1542117,220907.82,-52834.82,9240.1,-62074.92
2025-11-21,correlated,6489,2088361,237222.73,-92828.73,10980.07,-103808.8
2025-11-21,independent,4097,3137289,275114.07,-110232.07,13127.29,-123359.36
2025-11-22,correlated,6682,2710466,251079.38,-46832.38,12025.82,-58858.2
2025-11-22,independent,4018,2292001,170313.43,-46012.43,8432.12,-54444.55
2025-11-23,correlated,21809,9371401,630996.75,-152062.75,32277.53,-184340.28
2025-11-23,independent,11251,6652682,507025.12,-14975.12,24685.38,-39660.5
2025-11-24,correlated,13462,4842479,467919.28,-248973.28,23883.42,-272856.7
2025-11-24,independent,1745,1007113,185658.75,-39153.75,7247.96,-46401.71
2025-11-25,correlated,6888,3243087,638610.27,-146982.27,25049.79,-172032.06
2025-11-25,independent,3552,7279839,1210036.41,-245130.41,43398.49,-288528.9
2025-11-26,correlated,10161,4901331,827243.18,-222502.19,34894.95,-257397.14
2025-11-26,independent,4230,3501079,405022.89,-87347.89,18233.33,-105581.22
2025-11-27,correlated,31965,14009924,1097055.84,-70787.84,55005.06,-125792.9
2025-11-27,independent,4886,4097539,438680.05,-238673.05,19879.6,-258552.65
2025-11-28,correlated,22313,8938657,897454.79,-332855.79,44001.28,-376857.07
2025-11-28,independent,4466,3866296,253242.48,-127212.49,13120.4,-140332.89
2025-11-29,correlated,6438,3258120,325910.17,-46213.17,15274.7,-61487.87
2025-11-29,independent,6512,4763791,455911.41,-140191.41,20163.88,-160355.29
2025-11-30,correlated,23984,12497329,889025.46,-232534.46,43732.89,-276267.35
2025-11-30,independent,15244,10244722,842457.89,-88967.89,41717.96,-130685.85
2025-12-01,correlated,15905,6869354,604478.89,-205339.9,31022.43,-236362.33
2025-12-01,independent,2392,1806512,396411.34,-247474.34,16582.82,-264057.16
2025-12-02,correlated,9939,4650133,738387.3,-102014.3,29750.21,-131764.51
2025-12-02,independent,5025,8879235,1237810.37,-341941.37,46729.65,-388671.02
2025-12-03,correlated,8786,2944571,392485.02,-72983.02,17918.55,-90901.57
2025-12-03,independent,4671,4338297,444717.09,-142225.09,19231.99,-161457.08
2025-12-04,correlated,14664,5668123,470701.37,-52735.37,23839.76,-76575.13
2025-12-04,independent,3807,3444457,321174.31,-71828.31,15145.7,-86974.01
2025-12-05,correlated,12076,4733850,478132.93,34078.07,22739.47,11338.6
2025-12-05,independent,6618,5759885,425182.7,-78559.7,19830.14,-98389.84
2025-12-06,correlated,8827,4302237,422951.44,-120655.44,18461.08,-139116.52
2025-12-06,independent,5889,4314255,357738.77,-211685.77,17730.96,-229416.73
2025-12-07,correlated,30536,15696865,914957.95,-238770.95,48264.62,-287035.57
2025-12-07,independent,16766,11978971,926219.87,-267052.87,44176.69,-311229.56
2025-12-08,correlated,17076,7719685,645915.7,-294712.7,32336.64,-327049.34
2025-12-08,independent,1020,877250,174404.51,-98392.51,7578.49,-105971
2025-12-09,correlated,9795,4856556,800260.23,-137316.23,30935.4,-168251.63
2025-12-09,independent,3364,6696606,1048935.14,-307727.14,35923.77,-343650.91
2025-12-10,correlated,7791,3608357,755611,-233765,28771.35,-262536.35
2025-12-10,independent,2829,3418518,457531.16,-370513.16,16263.27,-386776.43
2025-12-11,correlated,15758,8873497,1832123.17,-880274.17,58937.87,-939212.04
2025-12-11,independent,3255,3620923,420466.13,-142977.13,17833.3,-160810.43
2025-12-12,correlated,12927,6393158,712975.7,-78557.7,30140.03,-108697.73
2025-12-12,independent,6435,6126014,381652.39,-150866.39,19298.54,-170164.93
2025-12-13,correlated,12997,7033983,805071.02,4767.98,33559.02,-28791.04
2025-12-13,independent,5441,4442551,247009.75,-70536.75,12638.33,-83175.08
2025-12-14,correlated,34704,19180108,1161154.14,-361192.14,60795.58,-421987.72
2025-12-14,independent,20257,15175812,900893.4,-318982.4,47965.84,-366948.24
2025-12-15,correlated,24762,13400981,1383416.6,-165228.6,62465.19,-227693.79
2025-12-15,independent,2929,4920743,899468.72,17153.28,30905.33,-13752.05
2025-12-16,correlated,13127,7474471,1021228.3,304337.7,44067.5,260270.2
2025-12-16,independent,4192,6924914,600434,30310,24387.35,5922.65
2025-12-17,correlated,9913,4210387,519052.72,259760.28,23520.29,236239.99
2025-12-17,independent,2625,3903844,361596.72,24079.28,11862.95,12216.33
2025-12-18,correlated,17025,8434383,620761.27,718858.73,31640.22,687218.51
2025-12-18,independent,4828,4772997,370342.14,-101720.14,17335.43,-119055.57
2025-12-19,correlated,21336,13474475,1326238.82,671340.18,58386.2,612953.98
2025-12-19,independent,7115,8387561,513320.11,-54410.11,25786.13,-80196.24
2025-12-20,correlated,26985,17208787,1079663.07,174262.93,56478.81,117784.12
2025-12-20,independent,7281,8251436,423953.26,-102028.26,19721.98,-121750.24
2025-12-21,correlated,55941,36725380,1881016.1,-13738.1,100143.59,-113881.69
2025-12-21,independent,24390,21991714,1154902.19,-250430.19,60193.95,-310624.14
2025-12-22,correlated,32929,20068898,1611385.79,1363548.21,81498.74,1282049.47
2025-12-22,independent,4454,11397523,1824094.09,-845238.09,62142.33,-907380.42
2025-12-23,correlated,23198,14486896,1459859.65,46072.35,68209.7,-22137.35
2025-12-23,independent,10763,14564834,1115451.91,-583790.91,53882.31,-637673.22
2025-12-24,correlated,19386,11873744,1127075.26,-464335.26,51952.69,-516287.95
2025-12-24,independent,7607,9901266,761856.21,-333673.21,34532.01,-368205.22
2025-12-25,correlated,55326,30627409,1759383.93,-976937.93,94202.82,-1071140.75
2025-12-25,independent,7677,7873114,550960.46,-221006.46,27011.96,-248018.42
2025-12-26,correlated,26796,17834995,1625084.04,-120204.04,78938.37,-199142.41
2025-12-26,independent,7599,8478148,701441.93,-280358.93,31144.84,-311503.77
2025-12-27,correlated,35614,22691574,1407022.33,-456181.33,74089.37,-530270.7
2025-12-27,independent,8869,8296121,665385.22,-207683.22,31686.49,-239369.71
2025-12-28,correlated,67188,42554066,2330293.75,-74658.75,124598.67,-199257.42
2025-12-28,independent,22390,19371754,1420103.44,-246547.44,67131.74,-313679.18
2025-12-29,correlated,37551,21040325,1614939.18,-69446.18,82714.79,-152160.97
2025-12-29,independent,5422,7487141,976003.34,-418852.34,37956.48,-456808.82
2025-12-30,correlated,20197,10158577,928541.11,-273545.11,45804.06,-319349.17
2025-12-30,independent,6938,10003098,930593.15,-103433.15,40274.26,-143707.41
2025-12-31,correlated,17914,7489162,808264.66,119163.34,38206.49,80956.85
2025-12-31,independent,6687,7422087,616096.61,-150857.61,29590.18,-180447.79
2026-01-01,correlated,13099,6277152,648958.11,-101141.11,30474.46,-131615.57
2026-01-01,independent,4235,4480456,417896.92,-87818.92,18086.96,-105905.88
2026-01-02,correlated,20638,11414697,983731.28,-439262.28,47467.34,-486729.62
2026-01-02,independent,6892,6557184,653016.75,-1266.75,26675.73,-27942.48
2026-01-03,correlated,42757,22222874,1305139.04,-696132.04,70349.83,-766481.87
2026-01-03,independent,8796,8196288,592857.1,-133498.1,29936.53,-163434.63
2026-01-04,correlated,52956,26753989,1813567.15,-688588.15,95164.81,-783752.96
2026-01-04,independent,23300,18443932,1380609.27,-255801.27,69021.56,-324822.83
2026-01-05,correlated,27236,21332089,3094438.45,-325645.45,121204.88,-446850.33
2026-01-05,independent,5743,8900938,1677208.69,-218475.69,62508.14,-280983.83
2026-01-06,correlated,21694,15860462,2327328.98,63521.02,86395.11,-22874.09
2026-01-06,independent,5571,13841480,1471950.18,-77136.18,58554.83,-135691.01
2026-01-07,correlated,22760,13660186,1441936.83,-141516.83,65339.02,-206855.85
2026-01-07,independent,6926,6598481,687308.73,-215538.73,29913.33,-245452.06
2026-01-08,correlated,18775,10671654,896427.43,1130.57,44052.22,-42921.65
2026-01-08,independent,4968,4710486,449788.6,-91233.6,21267.15,-112500.75
2026-01-09,correlated,20950,13895787,1033662.63,58757.37,49605.78,9151.59
2026-01-09,independent,6174,6115466,467031.82,-112596.83,20592.97,-133189.8
2026-01-10,correlated,58178,34312231,2141496.39,578238.61,107854.8,470383.81
2026-01-10,independent,7634,6644772,515156.28,-88857.28,25317.44,-114174.72
2026-01-11,correlated,96915,59886113,3546141.38,-862843.38,184226.8,-1047070.18
2026-01-11,independent,8612,6607328,632318.22,-157312.22,29115.37,-186427.59
2026-01-12,correlated,58971,39865442,3723279.77,-1591874.77,166313.81,-1758188.58
2026-01-12,independent,4273,7336863,1248835.57,-225929.57,43759.73,-269689.3
2026-01-13,correlated,55363,45432362,5373735.88,-1163688.88,226428.45,-1390117.33
2026-01-13,independent,7946,22107180,2501004.67,-518031.67,94558.26,-612589.93
2026-01-14,correlated,34208,22240909,2207713.24,-731721.24,96129.47,-827850.71
2026-01-14,independent,7019,7182124,915425.96,-237855.96,35621.07,-273477.03
2026-01-15,correlated,33845,21687264,1539179.76,-249740.76,76401.32,-326142.08
2026-01-15,independent,8310,8651117,1099336.94,-288191.94,43712.5,-331904.44
2026-01-16,correlated,32799,22604014,1611540.89,-230642.89,76699.75,-307342.64
2026-01-16,independent,6839,7010019,1080215.57,-460.57,39358.45,-39819.02
2026-01-17,correlated,77357,52251730,2447467.68,-655949.68,130012.43,-785962.11
2026-01-17,independent,8773,8460541,951341.27,-101421.27,36674.63,-138095.9
2026-01-18,correlated,127637,82047433,4446614.95,-1723775.94,234075.41,-1957851.35
2026-01-18,independent,6981,5870632,791362.15,20721.85,30067.84,-9345.99
2026-01-19,correlated,39167,43675703,10656129.01,-14914.01,268580.56,-283494.57
2026-01-19,independent,7470,7630243,1697973.6,102384.4,50560.1,51824.3
2026-01-20,correlated,32430,24093691,2656972.43,-48758.43,108850.21,-157608.64
2026-01-20,independent,8954,7955707,868772.25,-188213.25,36454.96,-224668.21
2026-01-21,correlated,31907,21054372,1708499.92,-182630.92,80935.55,-263566.47
2026-01-21,independent,15619,11637463,1421247.76,-17034.76,52155.87,-69190.63
2026-01-22,correlated,30653,18181842,1424645.11,108060.89,66973.4,41087.49
2026-01-22,independent,17245,13183484,1440667.09,-229241.09,60856.24,-290097.33
2026-01-23,correlated,33896,22463691,1464995.62,379164.38,72407.87,306756.51
2026-01-23,independent,17994,13014466,1696263.02,-220826.02,68408.74,-289234.76
2026-01-24,correlated,42097,27210962,2024665.8,-101503.8,94390.73,-195894.53
2026-01-24,independent,31660,22885725,3150351.01,-918660.01,130983.66,-1049643.67
2026-01-25,correlated,113382,79610675,4228994.57,99555.43,219724.95,-120169.52
2026-01-25,independent,14430,8317445,1545860.23,-584576.23,56505.95,-641082.18
2026-01-26,correlated,57572,78150587,11461953.86,-2798682.86,393472.05,-3192154.91
2026-01-26,independent,12817,10607371,2164080.86,15720.14,65598,-49877.86
2026-01-27,correlated,38336,24390163,1652920.62,-451061.62,84683.33,-535744.95
2026-01-27,independent,20321,14024931,1763528.13,32545.87,68917.96,-36372.09
2026-01-28,correlated,35422,20393697,1458995.1,-647451.1,73942.58,-721393.68
2026-01-28,independent,29083,21278073,2174303.55,-489094.55,89621.34,-578715.89
2026-01-29,correlated,31728,16766472,1417526.48,-282949.48,66581,-349530.48
2026-01-29,independent,26399,22191217,2935944.85,152320.15,118198.94,34121.21
2026-01-30,correlated,28998,15600489,1169282.3,-332012.3,55852.81,-387865.11
2026-01-30,independent,27869,22247112,3237919.71,-680906.71,122436.97,-803343.68
2026-01-31,correlated,36154,16972504,1361773.33,-495813.33,66848.11,-562661.44
2026-01-31,independent,42068,21093393,2633069.46,-675007.46,113442.47,-788449.93
2026-02-01,correlated,34721,17549137,1404443.89,-611660.89,65291.71,-676952.6
2026-02-01,independent,33385,21464502,3228948.04,283943.96,119049.22,164894.74
2026-02-02,correlated,32438,13163746,1324240.09,-327317.09,61794.51,-389111.6
2026-02-02,independent,18032,12770371,1866934.72,-296814.72,68364.21,-365178.93
2026-02-03,correlated,30044,15116946,1272226.1,-332255.1,60936.42,-393191.52
2026-02-03,independent,26642,18593054,2439335.13,389128.87,85620.4,303508.47
2026-02-04,correlated,29565,16194397,1553971.77,33479.23,71166.64,-37687.41
2026-02-04,independent,31491,22564908,2535749.58,-568795.58,107394.4,-676189.98
2026-02-05,correlated,37410,20638904,1794184.23,-672220.23,84628.96,-756849.19
2026-02-05,independent,29426,19967641,2593056.68,-888787.68,107959.25,-996746.93
2026-02-06,correlated,42462,24758177,2138895.3,-832393.3,103487.8,-935881.1
2026-02-06,independent,20978,14475237,2134501.74,-729181.74,84314.52,-813496.26
2026-02-07,correlated,54568,31622832,2521862.11,-533520.11,125591.73,-659111.84
2026-02-07,independent,41001,27254712,3599160,912660,139845.09,772814.91
2026-02-08,correlated,144342,106498022,5925950.98,-2902583.98,339328.75,-3241912.73
2026-02-08,independent,24622,19344453,3085311.08,-633191.08,119696.45,-752887.53
2026-02-09,correlated,38611,19499364,1914256.98,-543601.98,84070,-627671.98
2026-02-09,independent,25587,21110758,2272848.57,-836252.57,94028.87,-930281.44
2026-02-10,correlated,44253,17007854,1986461.73,-846380.73,88189.56,-934570.29
2026-02-10,independent,37390,24164211,3257582.57,-1214265.57,132095.81,-1346361.38
2026-02-11,correlated,40641,18658161,1758693.34,-288217.34,77907.69,-366125.03
2026-02-11,independent,41084,29932854,2624289.62,-549734.62,115999.13,-665733.75
2026-02-12,correlated,29433,12876717,1855165.97,-237541.97,82443.24,-319985.21
2026-02-12,independent,31626,25226730,4234519.83,-698015.83,147196.47,-845212.3
2026-02-13,correlated,12718,4152573,507770.15,-121177.15,24448.48,-145625.63
2026-02-13,independent,28001,18807383,2526189.76,-278437.76,99052.35,-377490.11
2026-02-14,correlated,7466,2502777,379098.14,-102548.14,16899.41,-119447.55
2026-02-14,independent,54115,33944808,4392547.91,-385043.91,180932.6,-565976.51
2026-02-15,correlated,6809,2202139,348282.85,-117981.85,15677.04,-133658.89
2026-02-15,independent,41444,22411687,3213712.45,-510559.45,139532.4,-650091.85
2026-02-16,correlated,4894,1816678,362074.06,-71153.06,15086.28,-86239.34
2026-02-16,independent,23049,16055781,2183975.67,-417881.67,88787.74,-506669.41
2026-02-17,correlated,6792,3016284,491547.45,-132945.45,18775.12,-151720.57
2026-02-17,independent,43557,34655775,4501037.07,-1189772.07,175211.31,-1364983.38
2026-02-18,correlated,10274,4780972,650222.24,-276811.24,27171.68,-303982.92
2026-02-18,independent,47238,30413922,4083234.88,-1266408.88,168182.95,-1434591.83
2026-02-19,correlated,21494,12651758,912394.84,-85776.84,43309.32,-129086.16
2026-02-19,independent,38834,24525816,3261104.96,36963.04,129047.78,-92084.74
2026-02-20,correlated,32712,15954325,1579846.06,-72211.06,71712.82,-143923.88
2026-02-20,independent,37103,28644076,4652987.97,135995.03,160314.13,-24319.1
2026-02-21,correlated,37705,17855528,1742229.75,-183149.75,82222.21,-265371.96
2026-02-21,independent,68303,40027623,5256497.95,-1379626.95,209534.58,-1589161.53
2026-02-22,correlated,49744,25408655,2580082.6,-734080.6,117576.12,-851656.72
2026-02-22,independent,54004,34361855,4534236.52,-1148890.52,184602.88,-1333493.4
2026-02-23,correlated,36698,17489767,2115887.67,-489049.67,91964.96,-581014.63
2026-02-23,independent,21920,16019090,2918338.25,-538897.25,103765.64,-642662.89
2026-02-24,correlated,36576,19070672,1815600.9,-298093.9,83584.22,-381678.12
2026-02-24,independent,40391,28857675,3809799.41,-909090.41,143816.51,-1052906.92
2026-02-25,correlated,42020,17766663,1891897.68,-386556.68,84668.53,-471225.21
2026-02-25,independent,44971,28459878,4429300.69,-432042.69,169668.27,-601710.96
2026-02-26,correlated,37349,18237459,1887803.49,-120958.49,85261.27,-206219.76
2026-02-26,independent,43585,27145793,3245928.63,-457236.63,137087.54,-594324.17
2026-02-27,correlated,41255,18585086,2532477.78,-394325.78,104179.88,-498505.66
2026-02-27,independent,41478,30101051,5505949.63,-340954.63,180611.19,-521565.82
2026-02-28,correlated,49467,20748564,2865732.37,-167042.37,124386.38,-291428.75
2026-02-28,independent,67306,54979719,8700209.44,-430737.43,277964.57,-708702
2026-03-01,correlated,61132,27091202,3364537.97,-678461.97,147215.41,-825677.38
2026-03-01,independent,61781,46446061,6852039.66,-610778.66,237939.64,-848718.3
2026-03-02,correlated,42070,16795382,2399289.59,-458798.59,102918.93,-561717.52
2026-03-02,independent,31676,28486023,5648722.2,-312664.2,184452.9,-497117.1
2026-03-03,correlated,44448,19868599,2104831.29,-289778.29,96483.66,-386261.95
2026-03-03,independent,47292,34762792,4695962.3,-468123.29,176857.03,-644980.32
2026-03-04,correlated,48441,20267134,2486865.83,-414902.83,109963.78,-524866.61
2026-03-04,independent,54045,36210043,6157444.27,-951119.27,218437.4,-1169556.67
2026-03-05,correlated,41160,17969362,2173044.85,-276920.85,96388.69,-373309.54
2026-03-05,independent,49183,32920832,5472161.81,-1226106.81,186540.85,-1412647.66
2026-03-06,correlated,48392,21410463,2606870.43,-118199.43,115835.95,-234035.38
2026-03-06,independent,53859,36183753,5718693.95,-376758.95,207430.24,-584189.19
2026-03-07,correlated,51808,21562460,2841383.63,-834267.63,125852.86,-960120.49
2026-03-07,independent,81444,49673010,7245698.52,-1731655.52,279056.97,-2010712.49
2026-03-08,correlated,56817,25523607,3144181.48,-739237.48,137427.79,-876665.27
2026-03-08,independent,65308,43287082,5977415.47,-1496791.47,231232.26,-1728023.73
2026-03-09,correlated,39750,16585255,2371545.31,-347094.31,100385.33,-447479.64
2026-03-09,independent,33472,25598223,4449462.97,-908854.97,153651,-1062505.97
2026-03-10,correlated,47806,22180776,2554336.17,-403760.17,110633.25,-514393.42
2026-03-10,independent,48603,40425963,4316450.15,-289926.15,163765.71,-453691.86
2026-03-11,correlated,50082,22625993,2464652.58,-678485.58,112646.21,-791131.79
2026-03-11,independent,55887,39811073,6195025.21,-907688.21,206606.5,-1114294.71
2026-03-12,correlated,43919,19870125,2255502.67,-66025.68,101096.68,-167122.36
2026-03-12,independent,69611,53922095,9406343.49,-606913.49,274934.86,-881848.35
2026-03-13,correlated,45936,22766129,2754885.42,302725.58,118958.35,183767.23
2026-03-13,independent,70337,44387795,6483862.91,-756865.9,244126.04,-1000991.94
2026-03-14,correlated,70791,35957818,4811751.05,-205197.04,192505.67,-397702.71
2026-03-14,independent,62126,33957881,5092000.96,-777733.96,192001.29,-969735.25
2026-03-15,correlated,71723,33701523,4950507.34,-1684380.34,204073.69,-1888454.03
2026-03-15,independent,37975,26143327,4718003.29,-1481098.29,161021.02,-1642119.31
2026-03-16,correlated,42081,35683809,3261666.25,-178919.25,127887.03,-306806.28
2026-03-16,independent,34883,36598176,7434472.68,-171084.68,178217.85,-349302.53
2026-03-17,correlated,53428,35625015,2834533.35,-714618.35,125498.61,-840116.96
2026-03-17,independent,44934,32096557,4993508.53,42715.47,153942.34,-111226.87
2026-03-18,correlated,52542,32053476,2842671.85,-732253.85,121967.82,-854221.67
2026-03-18,independent,49723,40613677,5835820.8,-1595709.8,197675.91,-1793385.71
2026-03-19,correlated,53399,32647102,2825113.02,-518307.02,122073.49,-640380.51
2026-03-19,independent,92899,66621320,7595196.07,-1494844.06,265116.48,-1759960.54
2026-03-20,correlated,49191,30895996,3500623.29,-1006527.29,141379.39,-1147906.68
2026-03-20,independent,94186,67240507,10082818.72,2326.28,327446.22,-325119.94
2026-03-21,correlated,47702,26445678,3216213.96,-896366.96,130127.26,-1026494.22
2026-03-21,independent,102465,77758514,12127818.69,-2919547.69,412280.02,-3331827.71
2026-03-22,correlated,44201,23690811,2682995.7,-948346.7,114211.07,-1062557.77
2026-03-22,independent,80627,54029393,7329716.99,-3000114.99,278018.87,-3278133.86
2026-03-23,correlated,38423,25023538,2692147.26,-899162.26,113998.27,-1013160.53
2026-03-23,independent,44988,55269318,8365745.43,-2739002.42,257268.44,-2996270.86
2026-03-24,correlated,41202,21057013,2780255.93,442882.07,114354.86,328527.21
2026-03-24,independent,32632,30373190,5220309.69,-354702.69,151805.53,-506508.22
2026-03-25,correlated,47692,32146702,2636434.69,461479.31,119490.56,341988.75
2026-03-25,independent,38472,40157158,4816018.84,-661546.84,168056.1,-829602.94
2026-03-26,correlated,53143,29733764,2732804.29,-525721.29,122941.45,-648662.74
2026-03-26,independent,51198,36141906,5482554.1,-874687.1,187476.74,-1062163.84
2026-03-27,correlated,48940,36029821,3092172.79,-874112.79,129474.81,-1003587.6
2026-03-27,independent,52461,40921803,7835609.73,-498269.73,208454.97,-706724.7
2026-03-28,correlated,59346,33883599,4384665.34,-188716.34,168041.68,-356758.02
2026-03-28,independent,69364,55366843,9709719.43,-1761206.43,289304.89,-2050511.32
2026-03-29,correlated,61502,38560827,3812225.23,-713721.23,158787.55,-872508.78
2026-03-29,independent,65091,53456506,7450683.24,-1921463.24,270875.8,-2192339.04
2026-03-30,correlated,52831,33361330,3771017.8,-1060819.8,151890.28,-1212710.08
2026-03-30,independent,47178,44879014,7028201.31,-1278619.31,203154.16,-1481773.47
2026-03-31,correlated,53310,28704076,2969891.07,-1213630.06,127051.47,-1340681.53
2026-03-31,independent,56672,56831086,7420796.47,-760969.47,231237.74,-992207.21
2026-04-01,correlated,58781,33003634,3533281.59,-972631.59,149409.06,-1122040.65
2026-04-01,independent,59646,54146987,8686648.32,-2043263.32,279725.77,-2322989.09
2026-04-02,correlated,52369,34033934,3074597.85,-499923.85,133762.28,-633686.13
2026-04-02,independent,41256,36759948,6363800.59,-639800.59,198810.19,-838610.78
2026-04-03,correlated,58144,41369026,4002417.46,-1178654.46,171314.05,-1349968.51
2026-04-03,independent,61959,49773710,7337159.98,-1160452.98,247394.11,-1407847.09
2026-04-04,correlated,54738,30461743,3285545.05,-1018207.05,136742.32,-1154949.37
2026-04-04,independent,78397,64401175,7616586.65,-1109445.65,268052.43,-1377498.08
2026-04-05,correlated,53271,31993888,3149935.69,103181.31,129544.33,-26363.02
2026-04-05,independent,73565,55919897,7779512.73,-726311.72,258489.86,-984801.58
2026-04-06,correlated,51070,29735952,3462147.29,-273651.29,139652.91,-413304.2
2026-04-06,independent,51264,52641463,7928128.85,-912179.85,244691.37,-1156871.22
2026-04-07,correlated,59484,45803320,3260111.1,-378684.09,141142.27,-519826.36
2026-04-07,independent,69054,60500488,8748573.05,294274.95,263321.75,30953.2
2026-04-08,correlated,73295,42615910,3952786.78,-729354.78,166976.53,-896331.31
2026-04-08,independent,73149,62313662,9648499.13,-1708737.13,313179.1,-2021916.23
2026-04-09,correlated,65125,41897498,3822323.6,-83739.6,157583.37,-241322.97
2026-04-09,independent,47083,51960816,8037235.91,-618528.9,230720.78,-849249.68
2026-04-10,correlated,59906,38793651,3286396.6,-1158327.6,142579.25,-1300906.85
2026-04-10,independent,75815,75744832,7315510.57,-3141195.57,293331.48,-3434527.05
2026-04-11,correlated,42243,21065784,2269630.03,-697556.03,97204.95,-794760.98
2026-04-11,independent,96047,83702385,9201834.53,-2626864.53,324259.43,-2951123.96
2026-04-12,correlated,40608,21177802,1896013.12,-511378.12,84481.87,-595859.99
2026-04-12,independent,80509,62361319,7271633.77,-1959000.77,269141.82,-2228142.59
2026-04-13,correlated,29943,20421157,2753015.25,-350257.25,99038.38,-449295.63
2026-04-13,independent,48491,50473009,6258679.93,-240590.93,206094.18,-446685.11
2026-04-14,correlated,52623,32071572,2590693.71,-911852.71,115940.34,-1027793.05
2026-04-14,independent,58597,55625575,5591067.6,-1310193.6,203712.75,-1513906.35
2026-04-15,correlated,64803,34788552,3420454.79,-737371.79,153488.73,-890860.52
2026-04-15,independent,56622,50031183,5906638.7,-681640.29,217334.1,-898974.39
2026-04-16,correlated,52481,34144504,3639308.64,-1371844.64,145912.38,-1517757.02
2026-04-16,independent,51170,53662144,7403757.51,-1832150.12,256733.13,-2088883.25
2026-04-17,correlated,56670,35138739,2544279.86,-1132659.85,116813.37,-1249473.22
2026-04-17,independent,46189,48928795,4255918.18,-958198.18,156263.04,-1114461.22
2026-04-18,correlated,92177,46874508,5947191.2,-796753.2,228389.55,-1025142.75
2026-04-18,independent,78895,71495275,9989031.9,-2094558.9,308319.03,-2402877.93
2026-04-19,correlated,98777,56492845,6791768.52,-1037812.52,264445.11,-1302257.63
2026-04-19,independent,67172,70637522,8835528.01,-2395331.01,287278.72,-2682609.73
2026-04-20,correlated,78209,53776259,5417461.48,-1051127.47,212047.58,-1263175.05
2026-04-20,independent,44238,49216131,8079838.83,-1682824.83,209966.72,-1892791.55
2026-04-21,correlated,97105,71691499,5623444.92,-2439709.92,242279.02,-2681988.94
2026-04-21,independent,63768,72614388,7843144.41,-2625946.41,278830.49,-2904776.9
2026-04-22,correlated,93824,59294764,6026325.77,-961843.77,235197.01,-1197040.78
2026-04-22,independent,73887,88922940,11060407.86,-2439780.86,312597.59,-2752378.45
2026-04-23,correlated,88492,70599764,5670330.51,-1019872.51,218501.24,-1238373.75
2026-04-23,independent,56047,60000310,7704372.1,-1537254.09,237531.65,-1774785.74
2026-04-24,correlated,79135,73803613,5811305.94,136438.06,222065.01,-85626.95
2026-04-24,independent,62907,75217383,7022461.49,-1193527.49,249201.75,-1442729.24
2026-04-25,correlated,128297,80599128,8763460.91,-1849084.91,343994.28,-2193079.19
2026-04-25,independent,96498,92409127,10138890,-1657707,352622.09,-2010329.09
2026-04-26,correlated,121612,78696803,7980160.36,-2521080.36,320945.32,-2842025.68
2026-04-26,independent,82220,90984731,11432455.11,-2126275.11,387065.22,-2513340.33
2026-04-27,correlated,83001,70085922,5453313.42,-1328545.42,224834.5,-1553379.92
2026-04-27,independent,43865,52544949,6728847.7,-2115203.7,223709.81,-2338913.51
2026-04-28,correlated,97847,72532849,6770764.36,-2751506.36,286741.9,-3038248.26
2026-04-28,independent,58617,81886118,6048839.02,-2190778.02,228234.79,-2419012.81
2026-04-29,correlated,91925,61547109,5869024.59,-1658211.59,223924.41,-1882136
2026-04-29,independent,64780,80342657,8267197.94,-1896055.94,260017.38,-2156073.32
2026-04-30,correlated,97178,76935504,5971409.85,-2691622.85,247099.39,-2938722.24
2026-04-30,independent,46737,57506719,7691208.02,-2742262.02,242279.06,-2984541.08
2026-05-01,correlated,85257,59408730,4956997.66,-1829766.66,198235.89,-2028002.55
2026-05-01,independent,49692,57137252,5334196.11,-1074263.11,173012.11,-1247275.22
2026-05-02,correlated,94150,71504174,9647230.89,-490159.89,282540.38,-772700.27
2026-05-02,independent,81975,80484467,8078204.2,-1306480.2,270559.64,-1577039.84
2026-05-03,correlated,117395,83669590,9165977.46,-221306.46,333545.75,-554852.21
2026-05-03,independent,64308,100770101,15740341.12,-3086294.21,337969.43,-3424263.64
2026-05-04,correlated,82667,72815163,4901393.57,-2189656.57,211505.75,-2401162.32
2026-05-04,independent,54448,66992791,8600673.77,-584035.77,229429.88,-813465.65
2026-05-05,correlated,99083,66912111,6344251.54,-1382869.54,246558.67,-1629428.21
2026-05-05,independent,63601,82869513,7926429.21,-1766631.64,254885.42,-2021517.06
2026-05-06,correlated,101411,72913272,7015641.71,-1033716.71,263712.7,-1297429.41
2026-05-06,independent,72391,78211467,8397665.52,-1325924.52,273898.05,-1599822.57
2026-05-07,correlated,102956,90778589,7677432.26,-1403289.61,292358.58,-1695648.19
2026-05-07,independent,55644,63896389,7696830.61,-949950.76,250691.36,-1200642.12
2026-05-08,correlated,101316,77348571,7743735.73,-1193045.73,277868.6,-1470914.33
2026-05-08,independent,64712,85238861,7024976.32,-1996930.27,255707.38,-2252637.65
2026-05-09,correlated,121418,91226178,9215626.48,-335244.86,336310.78,-671555.64
2026-05-09,independent,101410,109103031,9050375.05,-3279875.17,349758.6,-3629633.77
2026-05-10,correlated,128087,107462004,9653019.77,-3344944.14,368136.36,-3713080.5
2026-05-10,independent,84766,91973448,8263494.13,-2335628.13,299118.76,-2634746.89
2026-05-11,correlated,86097,86517503,6279115.57,-1647832.82,231091.17,-1878923.99
2026-05-11,independent,33078,37514626,5035197.45,-1408188.33,164361.8,-1572550.13
2026-05-12,correlated,98072,73638229,6822981.78,-1348079.91,253656.77,-1601736.68
2026-05-12,independent,48221,53571149,5744701.77,-1041674.7,196639.24,-1238313.94
2026-05-13,correlated,75384,49454155,4213550.58,-1669297.58,179999.56,-1849297.14
2026-05-13,independent,57839,65325283,6368508.86,-1774360.41,227259.76,-2001620.17
2026-05-14,correlated,40229,27878316,2901723.33,-570300.61,100840.39,-671141
2026-05-14,independent,46210,48977866,6068108.51,-992566.84,181146,-1173712.84
2026-05-15,correlated,8361,5193515,497915.92,-36373.92,18595.51,-54969.43
2026-05-15,independent,4938,4791810,491395.96,-85210.96,18857.38,-104068.34
