market_type,contracts,date
Other,1484,2021-09-30
Other,13,2021-10-01
Other,171,2021-10-03
Other,1470,2021-10-04
Other,2485,2021-10-05
Other,54,2021-10-06
Other,900,2021-10-07
Other,1301,2021-10-08
Other,17,2021-10-09
Other,15,2021-10-10
Other,402,2021-10-11
Other,1053,2021-10-12
Other,35,2021-10-13
Other,466,2021-10-15
Other,25,2021-10-16
Other,653,2021-10-17
Other,449,2021-10-18
Other,858,2021-10-19
Other,363,2021-10-20
Other,21,2021-10-21
Other,495,2021-10-22
Other,16,2021-10-23
Other,485,2021-10-24
Other,525,2021-10-25
Other,457,2021-10-26
Other,217,2021-10-27
Other,63,2021-10-28
Other,907,2021-10-29
Other,2438,2021-11-01
Other,3390,2021-11-02
Other,4431,2021-11-03
Other,1523,2021-11-04
Other,2569,2021-11-05
Other,2487,2021-11-06
Other,3652,2021-11-07
Other,8644,2021-11-08
Other,945,2021-11-09
Other,323,2021-11-10
Other,1768,2021-11-11
Other,7503,2021-11-12
Other,1379,2021-11-13
Other,704,2021-11-14
Other,2562,2021-11-15
Other,1020,2021-11-16
Other,792,2021-11-17
Other,1819,2021-11-18
Other,235,2021-11-19
Other,1815,2021-11-20
Other,276,2021-11-21
Other,3166,2021-11-22
Other,1642,2021-11-23
Other,510,2021-11-24
Other,76,2021-11-25
Other,57,2021-11-26
Other,673,2021-11-28
Other,5916,2021-11-29
Other,3233,2021-11-30
Other,788,2021-12-01
Other,1611,2021-12-02
Other,166,2021-12-03
Other,94,2021-12-04
Other,378,2021-12-05
Other,868,2021-12-06
Other,194,2021-12-07
Other,287,2021-12-08
Other,60,2021-12-09
Other,100,2021-12-10
Other,132,2021-12-11
Other,504,2021-12-12
Other,1026,2021-12-13
Other,365,2021-12-14
Other,1056,2021-12-15
Other,557,2021-12-16
Other,623,2021-12-17
Other,678,2021-12-19
Other,1040,2021-12-20
Other,172,2021-12-21
Other,121,2021-12-22
Other,207,2021-12-23
Other,171,2021-12-28
Other,36,2021-12-29
Other,113,2021-12-30
Other,6,2021-12-31
Other,6,2022-01-01
Other,121,2022-01-03
Other,23,2022-01-05
Other,13,2022-01-06
Other,156,2022-01-10
Other,139,2022-01-18
Other,716,2022-01-19
Other,568,2022-01-20
Other,34,2022-01-22
Other,150,2022-01-25
Other,86,2022-01-26
Other,133,2022-01-29
Other,75,2022-01-31
Other,172,2022-02-01
Other,201,2022-02-04
Other,62,2022-02-06
Other,111,2022-02-08
Other,845,2022-02-09
Other,25,2022-02-10
Other,392,2022-02-11
Other,202,2022-02-12
Other,323,2022-02-14
Other,162,2022-02-18
Other,311,2022-02-19
Other,336,2022-02-21
Other,221,2022-02-22
Other,382,2022-02-23
Other,125,2022-02-25
Other,465,2022-02-26
Other,465,2022-02-28
Other,50,2022-03-01
Other,517,2022-03-02
Other,300,2022-03-03
Other,60,2022-03-06
Other,171,2022-03-11
Other,150,2022-03-13
Other,25,2023-06-20
Other,100,2023-06-29
Other,10,2023-06-30
Other,1,2023-07-01
Other,55,2023-07-03
Other,60,2023-07-04
Other,300,2023-07-06
Other,71,2023-07-09
Other,180,2023-07-10
Other,1,2023-07-15
Other,12,2023-07-17
Other,4,2023-07-26
Other,85,2023-07-27
Other,23,2023-07-29
Other,23,2023-07-31
Other,40,2023-08-02
Other,20,2023-08-07
Other,20,2023-08-08
Other,23,2023-08-13
Other,25,2023-08-14
Other,2,2023-08-17
Other,50,2023-08-19
Other,134,2023-08-21
Other,1,2023-08-22
Other,25,2023-08-25
Other,46,2023-08-28
Other,3,2023-09-04
Other,5,2023-09-05
Other,21,2023-09-07
Other,15,2023-09-09
Other,14,2023-09-13
Other,167,2023-09-14
Other,60,2023-09-15
Other,30,2023-09-20
Other,60,2023-09-22
Other,47,2023-09-23
Other,185,2023-09-25
Other,13,2023-09-26
Other,91,2023-09-27
Other,1,2023-09-28
Other,102,2023-09-29
Other,5,2023-09-30
Other,84,2023-10-01
Other,55,2023-10-04
Other,121,2023-10-05
Other,60,2023-10-06
Other,23,2023-10-14
Other,20,2023-10-17
Other,34,2023-10-19
Other,270,2023-10-24
Other,344,2023-10-26
Other,27,2023-10-29
Other,3,2023-11-02
Other,81,2023-11-05
Other,1,2023-11-06
Other,12,2023-11-07
Other,102,2023-11-09
Other,4,2023-11-10
Other,279,2023-11-14
Other,186,2023-11-15
Other,521,2023-11-16
Other,89,2023-11-17
Other,13,2023-11-26
Other,63,2023-11-30
Other,16,2023-12-03
Other,32,2023-12-04
Other,10,2023-12-05
Other,66,2023-12-09
Other,11,2023-12-10
Other,461,2023-12-11
Other,21,2023-12-12
Other,2,2023-12-13
Other,1020,2023-12-15
Other,53,2023-12-17
Other,3,2023-12-19
Other,1,2023-12-24
Other,1411,2023-12-27
Other,1,2023-12-28
Other,1406,2024-01-02
Other,5,2024-01-03
Other,4565,2024-01-04
Other,1910,2024-01-05
Other,100,2024-01-06
Other,2165,2024-01-07
Other,814,2024-01-08
Other,2210,2024-01-09
Other,160,2024-01-10
Other,490,2024-01-11
Other,560,2024-01-12
Other,500,2024-01-13
Other,510,2024-01-14
Other,625,2024-01-15
Other,415,2024-01-16
Other,770,2024-01-17
Other,15,2024-01-18
Other,25,2024-01-19
Other,324,2024-01-20
Other,20,2024-01-23
Other,497,2024-01-25
Other,818,2024-01-26
Other,10,2024-01-28
Other,495,2024-01-29
Other,500,2024-02-01
Other,129,2024-02-02
Other,429,2024-02-03
Other,35,2024-02-04
Other,66,2024-02-05
Other,8,2024-02-08
Other,415,2024-02-09
Other,68,2024-02-11
Other,500,2024-02-21
Other,1046,2024-02-22
Other,161,2024-02-23
Other,45,2024-02-24
Other,519,2024-02-25
Other,266,2024-02-26
Other,659,2024-02-27
Other,269,2024-02-28
Other,105,2024-02-29
Other,831,2024-03-01
Other,310,2024-03-02
Other,1356,2024-03-03
Other,991,2024-03-04
Other,617,2024-03-05
Other,883,2024-03-06
Other,132,2024-03-07
Other,356,2024-03-08
Other,113,2024-03-09
Other,14,2024-03-10
Other,4282,2024-03-11
Other,616,2024-03-12
Other,260,2024-03-13
Other,675,2024-03-14
Other,377,2024-03-15
Other,148,2024-03-16
Other,50,2024-03-17
Other,436,2024-03-18
Other,1051,2024-03-19
Other,759,2024-03-20
Other,1057,2024-03-21
Other,384,2024-03-22
Other,623,2024-03-23
Other,6,2024-03-24
Other,237,2024-03-25
Other,25,2024-03-26
Other,150,2024-03-27
Other,164,2024-03-28
Other,200,2024-03-29
Other,46,2024-03-31
Other,160,2024-04-01
Other,21,2024-04-09
Other,9,2024-04-11
Other,1150,2024-04-17
Other,190,2024-04-18
Other,3212,2024-04-21
Other,1496,2024-04-24
Other,21,2024-04-25
Other,60,2024-04-26
Other,84,2024-04-27
Other,7,2024-04-28
Other,11,2024-04-29
Other,99,2024-04-30
Other,1002,2024-05-01
Other,55,2024-05-07
Other,1,2024-05-11
Other,6462,2024-05-16
Other,60,2024-05-26
Other,50,2024-05-27
Other,1,2024-06-14
Other,3,2024-06-18
Other,319,2024-06-20
Other,5,2024-06-21
Other,88,2024-06-26
Other,172,2024-06-27
Other,200,2024-06-28
Other,10,2024-07-01
Other,5,2024-07-05
Other,10,2024-07-06
Other,10,2024-07-07
Other,16,2024-07-10
Other,25,2024-07-11
Other,10,2024-07-13
Other,1,2024-07-16
Other,81,2024-07-23
Other,10,2024-08-12
Other,10,2024-08-13
Other,209,2024-08-14
Other,155,2024-08-21
Other,21,2024-08-24
Other,139,2024-08-27
Other,108,2024-08-28
Other,1,2024-08-29
Other,2,2024-08-30
Other,24,2024-09-01
Other,101,2024-09-02
Other,10,2024-09-04
Other,90,2024-09-05
Other,10,2024-09-09
Other,313,2024-09-12
Other,50,2024-09-13
Other,24,2024-09-17
Other,46,2024-09-28
Other,3,2024-09-30
Other,1560,2024-10-01
Other,465,2024-10-02
Other,216,2024-10-03
Other,1307,2024-10-04
Other,272,2024-10-07
Other,290,2024-10-08
Other,957,2024-10-09
Other,100,2024-10-10
Other,2,2024-10-11
Other,172,2024-10-12
Other,144,2024-10-13
Other,50,2024-10-14
Other,80,2024-10-15
Other,7,2024-10-17
Other,427,2024-10-18
Other,9,2024-10-19
Other,111,2024-10-20
Other,11,2024-10-21
Other,14,2024-10-22
Other,100,2024-10-23
Other,1,2024-10-24
Other,270,2024-10-25
Other,21,2024-10-30
Other,22,2024-11-03
Other,241,2024-11-04
Other,43,2024-11-05
Other,1530,2024-11-06
Other,47,2024-11-07
Other,250,2024-11-08
Other,507,2024-11-11
Other,333,2024-11-15
Other,3,2024-11-16
Other,30,2024-11-22
Other,826,2024-12-03
Other,4717,2024-12-04
Other,5391,2024-12-05
Other,998,2024-12-06
Other,733,2024-12-07
Other,3297,2024-12-08
Other,927,2024-12-09
Other,17104,2024-12-10
Other,10018,2024-12-11
Other,6123,2024-12-12
Other,2758,2024-12-13
Other,2921,2024-12-14
Other,3125,2024-12-15
Other,1456,2024-12-16
Other,5509,2024-12-17
Other,1185,2024-12-18
Other,3197,2024-12-19
Other,1623,2024-12-20
Other,3371,2024-12-21
Other,1273,2024-12-22
Other,1709,2024-12-23
Other,579,2024-12-24
Other,1161,2024-12-25
Other,1556,2024-12-26
Other,1682,2024-12-27
Other,5245,2024-12-28
Other,3774,2024-12-29
Other,2793,2024-12-30
Other,2482,2024-12-31
Other,2704,2025-01-01
Other,361,2025-01-02
Other,3554,2025-01-03
Other,5524,2025-01-04
Other,14328,2025-01-05
Other,10222,2025-01-06
Other,20038,2025-01-07
Other,16114,2025-01-08
Other,21862,2025-01-09
Other,22777,2025-01-10
Other,28966,2025-01-11
Other,44247,2025-01-12
Other,49028,2025-01-13
Other,41966,2025-01-14
Other,34783,2025-01-15
Other,28688,2025-01-16
Other,17514,2025-01-17
Other,26938,2025-01-18
Other,26400,2025-01-19
Other,84889,2025-01-20
Other,40248,2025-01-21
Other,64199,2025-01-22
Futures/Award,459423,2025-01-23
Moneyline,231473,2025-01-23
Other,116541,2025-01-23
Futures/Award,325611,2025-01-24
Moneyline,270528,2025-01-24
Other,98598,2025-01-24
Futures/Award,190040,2025-01-25
Moneyline,275102,2025-01-25
Other,14188,2025-01-25
Futures/Award,638975,2025-01-26
Moneyline,3229915,2025-01-26
Other,13425,2025-01-26
Futures/Award,416751,2025-01-27
Other,20919,2025-01-27
Futures/Award,312237,2025-01-28
Other,29675,2025-01-28
Futures/Award,248175,2025-01-29
Other,24455,2025-01-29
Futures/Award,104100,2025-01-30
Other,6593,2025-01-30
Futures/Award,107656,2025-01-31
Other,17016,2025-01-31
Futures/Award,277658,2025-02-01
Other,4631,2025-02-01
Futures/Award,331984,2025-02-02
Other,2148,2025-02-02
Futures/Award,420496,2025-02-03
Other,16486,2025-02-03
Futures/Award,398525,2025-02-04
Other,2206,2025-02-04
Futures/Award,464652,2025-02-05
Other,6344,2025-02-05
Futures/Award,686187,2025-02-06
Other,1844,2025-02-06
Futures/Award,953404,2025-02-07
Other,6036,2025-02-07
Futures/Award,1320394,2025-02-08
Other,78036,2025-02-08
Futures/Award,21608717,2025-02-09
Other,49765,2025-02-09
Futures/Award,304283,2025-02-10
Other,19722,2025-02-10
Futures/Award,291411,2025-02-11
Other,19711,2025-02-11
Futures/Award,309172,2025-02-12
Motorsport,425,2025-02-12
Other,31734,2025-02-12
Futures/Award,468356,2025-02-13
Motorsport,2909,2025-02-13
Other,43430,2025-02-13
Futures/Award,437517,2025-02-14
Motorsport,1068,2025-02-14
Other,20933,2025-02-14
Futures/Award,593623,2025-02-15
Motorsport,1927,2025-02-15
Other,31804,2025-02-15
Futures/Award,897482,2025-02-16
Motorsport,3027,2025-02-16
Other,406905,2025-02-16
Futures/Award,271128,2025-02-17
Motorsport,475,2025-02-17
Other,22808,2025-02-17
Futures/Award,384240,2025-02-18
Motorsport,490,2025-02-18
Other,79996,2025-02-18
Futures/Award,441045,2025-02-19
Motorsport,2888,2025-02-19
Other,162200,2025-02-19
Futures/Award,1059048,2025-02-20
Motorsport,1974,2025-02-20
Other,44866,2025-02-20
Futures/Award,515240,2025-02-21
Motorsport,1089,2025-02-21
Other,57394,2025-02-21
Futures/Award,560881,2025-02-22
Motorsport,550,2025-02-22
Other,16523,2025-02-22
Futures/Award,492429,2025-02-23
Motorsport,14,2025-02-23
Other,39748,2025-02-23
Futures/Award,392511,2025-02-24
Motorsport,396,2025-02-24
Other,15668,2025-02-24
Futures/Award,382585,2025-02-25
Motorsport,733,2025-02-25
Other,44971,2025-02-25
Futures/Award,323185,2025-02-26
Moneyline,947,2025-02-26
Motorsport,83,2025-02-26
Other,57944,2025-02-26
Futures/Award,383426,2025-02-27
Moneyline,954,2025-02-27
Motorsport,2952,2025-02-27
Other,27786,2025-02-27
Futures/Award,535272,2025-02-28
Moneyline,1053,2025-02-28
Motorsport,1074,2025-02-28
Other,24344,2025-02-28
Futures/Award,407097,2025-03-01
Moneyline,7281,2025-03-01
Motorsport,1945,2025-03-01
Other,22054,2025-03-01
Futures/Award,466053,2025-03-02
Moneyline,6813,2025-03-02
Motorsport,442,2025-03-02
Other,40614,2025-03-02
Futures/Award,263767,2025-03-03
Moneyline,21373,2025-03-03
Motorsport,8940,2025-03-03
Other,39038,2025-03-03
Futures/Award,247369,2025-03-04
Moneyline,44448,2025-03-04
Motorsport,1766,2025-03-04
Other,58653,2025-03-04
Futures/Award,1216071,2025-03-05
Moneyline,62075,2025-03-05
Motorsport,10501,2025-03-05
Other,64709,2025-03-05
Futures/Award,512950,2025-03-06
Moneyline,14306,2025-03-06
Motorsport,182,2025-03-06
Other,33474,2025-03-06
Futures/Award,409148,2025-03-07
Moneyline,15383,2025-03-07
Motorsport,271,2025-03-07
Other,72022,2025-03-07
Futures/Award,427831,2025-03-08
Moneyline,15419,2025-03-08
Motorsport,1341,2025-03-08
Other,374790,2025-03-08
Futures/Award,469775,2025-03-09
Moneyline,10986,2025-03-09
Motorsport,647,2025-03-09
Other,185380,2025-03-09
Futures/Award,272793,2025-03-10
Moneyline,20294,2025-03-10
Motorsport,847,2025-03-10
Other,20157,2025-03-10
Futures/Award,376239,2025-03-11
Moneyline,89864,2025-03-11
Motorsport,2384,2025-03-11
Other,138606,2025-03-11
Futures/Award,478060,2025-03-12
Moneyline,232315,2025-03-12
Motorsport,1997,2025-03-12
Other,237871,2025-03-12
Futures/Award,760324,2025-03-13
Motorsport,2705,2025-03-13
Other,455026,2025-03-13
Futures/Award,714734,2025-03-14
Moneyline,1777,2025-03-14
Motorsport,8659,2025-03-14
Other,339285,2025-03-14
Futures/Award,890869,2025-03-15
Moneyline,2521,2025-03-15
Motorsport,17626,2025-03-15
Other,544045,2025-03-15
Futures/Award,1153394,2025-03-16
Moneyline,5760,2025-03-16
Motorsport,16058,2025-03-16
Other,233985,2025-03-16
Futures/Award,2065048,2025-03-17
Moneyline,4338,2025-03-17
Motorsport,1611,2025-03-17
Other,13420,2025-03-17
Futures/Award,4324052,2025-03-18
Moneyline,3837,2025-03-18
Motorsport,1440,2025-03-18
Other,7215,2025-03-18
Futures/Award,9485432,2025-03-19
Moneyline,992,2025-03-19
Motorsport,4660,2025-03-19
Other,3310,2025-03-19
Futures/Award,34306313,2025-03-20
Moneyline,1608,2025-03-20
Motorsport,3652,2025-03-20
Other,1784,2025-03-20
Futures/Award,46873023,2025-03-21
Moneyline,690,2025-03-21
Motorsport,19676,2025-03-21
Other,3806,2025-03-21
Futures/Award,50484269,2025-03-22
Moneyline,1497,2025-03-22
Motorsport,34869,2025-03-22
Other,460,2025-03-22
Futures/Award,54080636,2025-03-23
Moneyline,1965,2025-03-23
Motorsport,18454,2025-03-23
Other,30,2025-03-23
Futures/Award,15044494,2025-03-24
Moneyline,2403,2025-03-24
Motorsport,3077,2025-03-24
Other,182232,2025-03-24
Futures/Award,3363747,2025-03-25
Moneyline,1815,2025-03-25
Motorsport,7088,2025-03-25
Other,266097,2025-03-25
Futures/Award,3456345,2025-03-26
Moneyline,303,2025-03-26
Motorsport,1092,2025-03-26
Other,299141,2025-03-26
Futures/Award,28917480,2025-03-27
Moneyline,3095,2025-03-27
Motorsport,1790,2025-03-27
Other,239194,2025-03-27
Futures/Award,41269371,2025-03-28
Moneyline,745,2025-03-28
Motorsport,34,2025-03-28
Other,178457,2025-03-28
Futures/Award,49833799,2025-03-29
Moneyline,534,2025-03-29
Motorsport,281,2025-03-29
Other,71990,2025-03-29
Futures/Award,33654886,2025-03-30
Moneyline,3842,2025-03-30
Motorsport,5241,2025-03-30
Other,167568,2025-03-30
Futures/Award,14702592,2025-03-31
Moneyline,3697,2025-03-31
Motorsport,2336,2025-03-31
Other,9183,2025-03-31
Cricket,157,2025-04-01
Futures/Award,2731409,2025-04-01
Moneyline,2374,2025-04-01
Motorsport,1557,2025-04-01
Other,9386,2025-04-01
Cricket,1659,2025-04-02
Futures/Award,2198835,2025-04-02
Moneyline,1228,2025-04-02
Motorsport,1926,2025-04-02
Other,13743,2025-04-02
Cricket,91,2025-04-03
Futures/Award,2409408,2025-04-03
Moneyline,3527,2025-04-03
Motorsport,5266,2025-04-03
Other,14768,2025-04-03
Futures/Award,17072312,2025-04-04
Moneyline,8571,2025-04-04
Motorsport,7221,2025-04-04
Other,2398,2025-04-04
Cricket,676,2025-04-05
Futures/Award,45846005,2025-04-05
Moneyline,2591,2025-04-05
Motorsport,16477,2025-04-05
Other,4444,2025-04-05
Cricket,48,2025-04-06
Futures/Award,13261169,2025-04-06
Moneyline,5267,2025-04-06
Motorsport,46330,2025-04-06
Other,2785,2025-04-06
Cricket,639,2025-04-07
Futures/Award,31028782,2025-04-07
Moneyline,26259,2025-04-07
Motorsport,6523,2025-04-07
Other,8368,2025-04-07
Cricket,102,2025-04-08
Futures/Award,878282,2025-04-08
Moneyline,314007,2025-04-08
Motorsport,1546,2025-04-08
Other,12131,2025-04-08
Cricket,384,2025-04-09
Futures/Award,7733215,2025-04-09
Moneyline,167789,2025-04-09
Motorsport,2124,2025-04-09
Other,25609,2025-04-09
Cricket,420,2025-04-10
Futures/Award,16923526,2025-04-10
Moneyline,83872,2025-04-10
Motorsport,4453,2025-04-10
Other,116085,2025-04-10
Cricket,2895,2025-04-11
Futures/Award,12846149,2025-04-11
Moneyline,11935,2025-04-11
Motorsport,7172,2025-04-11
Other,106724,2025-04-11
Cricket,1725,2025-04-12
Futures/Award,18615537,2025-04-12
Moneyline,11805,2025-04-12
Motorsport,56340,2025-04-12
Other,237763,2025-04-12
Cricket,1517,2025-04-13
Futures/Award,29648814,2025-04-13
Moneyline,40289,2025-04-13
Motorsport,51613,2025-04-13
Other,132181,2025-04-13
Cricket,1732,2025-04-14
Futures/Award,306798,2025-04-14
Moneyline,33107,2025-04-14
Motorsport,4817,2025-04-14
Other,2673,2025-04-14
Cricket,1078,2025-04-15
Futures/Award,480955,2025-04-15
Moneyline,1037984,2025-04-15
Motorsport,1774,2025-04-15
Other,5730,2025-04-15
Cricket,99,2025-04-16
Futures/Award,442389,2025-04-16
Moneyline,2016863,2025-04-16
Motorsport,93,2025-04-16
Other,4422,2025-04-16
Cricket,1391,2025-04-17
Futures/Award,1178182,2025-04-17
Moneyline,350804,2025-04-17
Motorsport,9218,2025-04-17
Other,34811,2025-04-17
Cricket,240,2025-04-18
Futures/Award,1705831,2025-04-18
Moneyline,1449002,2025-04-18
Motorsport,9877,2025-04-18
Other,5459,2025-04-18
Cricket,65,2025-04-19
Futures/Award,4697638,2025-04-19
Moneyline,4221703,2025-04-19
Motorsport,53435,2025-04-19
Other,4829,2025-04-19
Cricket,186,2025-04-20
Futures/Award,4179315,2025-04-20
Moneyline,2217888,2025-04-20
Motorsport,102128,2025-04-20
Other,3862,2025-04-20
Cricket,226,2025-04-21
Futures/Award,3000079,2025-04-21
Moneyline,2275220,2025-04-21
Motorsport,2668,2025-04-21
Other,10395,2025-04-21
Cricket,1955,2025-04-22
Futures/Award,4756973,2025-04-22
Moneyline,2235901,2025-04-22
Motorsport,812,2025-04-22
Other,10879,2025-04-22
Cricket,495,2025-04-23
Futures/Award,2885538,2025-04-23
Moneyline,2488363,2025-04-23
Motorsport,452,2025-04-23
Other,1033,2025-04-23
Cricket,1106,2025-04-24
Futures/Award,3376826,2025-04-24
Moneyline,2772631,2025-04-24
Motorsport,5,2025-04-24
Other,1065,2025-04-24
Cricket,359,2025-04-25
Futures/Award,4036804,2025-04-25
Moneyline,2638233,2025-04-25
Motorsport,933,2025-04-25
Other,6499,2025-04-25
Futures/Award,3367954,2025-04-26
Moneyline,3115712,2025-04-26
Motorsport,11838,2025-04-26
Other,33479,2025-04-26
Futures/Award,4350228,2025-04-27
Moneyline,3049369,2025-04-27
Motorsport,220,2025-04-27
Other,57730,2025-04-27
Cricket,861,2025-04-28
Futures/Award,5215095,2025-04-28
Moneyline,2138573,2025-04-28
Motorsport,2094,2025-04-28
Other,60965,2025-04-28
Cricket,9191,2025-04-29
Futures/Award,4583221,2025-04-29
Moneyline,4026688,2025-04-29
Motorsport,2856,2025-04-29
Other,177591,2025-04-29
Cricket,199,2025-04-30
Futures/Award,5614757,2025-04-30
Moneyline,2810690,2025-04-30
Motorsport,3559,2025-04-30
Other,290319,2025-04-30
Cricket,50,2025-05-01
Futures/Award,6403902,2025-05-01
Moneyline,2723508,2025-05-01
Motorsport,3077,2025-05-01
Other,224139,2025-05-01
Cricket,256,2025-05-02
Futures/Award,6447814,2025-05-02
Moneyline,2385819,2025-05-02
Motorsport,12494,2025-05-02
Other,279832,2025-05-02
Cricket,648,2025-05-03
Futures/Award,9926250,2025-05-03
Moneyline,1210622,2025-05-03
Motorsport,52320,2025-05-03
Other,154131,2025-05-03
Cricket,318,2025-05-04
Futures/Award,12394336,2025-05-04
Moneyline,1797559,2025-05-04
Motorsport,224790,2025-05-04
Other,209267,2025-05-04
Cricket,211,2025-05-05
Futures/Award,7072238,2025-05-05
Moneyline,3367658,2025-05-05
Motorsport,5650,2025-05-05
Other,3268,2025-05-05
Cricket,1320,2025-05-06
Futures/Award,9485971,2025-05-06
Moneyline,5631942,2025-05-06
Motorsport,8057,2025-05-06
Other,1102,2025-05-06
Cricket,1013,2025-05-07
Futures/Award,7294340,2025-05-07
Moneyline,6451690,2025-05-07
Motorsport,3915,2025-05-07
Other,2919,2025-05-07
Cricket,579,2025-05-08
Futures/Award,4293341,2025-05-08
Moneyline,3250114,2025-05-08
Motorsport,2333,2025-05-08
Other,5585,2025-05-08
Cricket,105,2025-05-09
Futures/Award,5069366,2025-05-09
Moneyline,3697925,2025-05-09
Motorsport,1409,2025-05-09
Other,5910,2025-05-09
Cricket,30,2025-05-10
Futures/Award,6459131,2025-05-10
Moneyline,5787444,2025-05-10
Motorsport,4417,2025-05-10
Other,1524,2025-05-10
Cricket,72,2025-05-11
Futures/Award,7283376,2025-05-11
Moneyline,4759497,2025-05-11
Motorsport,3292,2025-05-11
Other,4229,2025-05-11
Cricket,760,2025-05-12
Futures/Award,9477219,2025-05-12
Moneyline,4094361,2025-05-12
Motorsport,5824,2025-05-12
Other,1915,2025-05-12
Cricket,29,2025-05-13
Futures/Award,14043624,2025-05-13
Moneyline,5916129,2025-05-13
Motorsport,6051,2025-05-13
Other,5131,2025-05-13
Cricket,581,2025-05-14
Futures/Award,13979588,2025-05-14
Moneyline,6218374,2025-05-14
Motorsport,3267,2025-05-14
Other,4370,2025-05-14
Cricket,1216,2025-05-15
Futures/Award,15621633,2025-05-15
Moneyline,3296203,2025-05-15
Motorsport,8889,2025-05-15
Other,5312,2025-05-15
Cricket,357,2025-05-16
Futures/Award,13717286,2025-05-16
Moneyline,3421048,2025-05-16
Motorsport,10278,2025-05-16
Other,4633,2025-05-16
Cricket,599,2025-05-17
Futures/Award,11170109,2025-05-17
Moneyline,2399717,2025-05-17
Motorsport,44830,2025-05-17
Other,185357,2025-05-17
Cricket,1305,2025-05-18
Futures/Award,20324501,2025-05-18
Moneyline,1844296,2025-05-18
Motorsport,129210,2025-05-18
Other,12470,2025-05-18
Cricket,198,2025-05-19
Futures/Award,2384271,2025-05-19
Moneyline,3124501,2025-05-19
Motorsport,320604,2025-05-19
Other,5598,2025-05-19
Cricket,831,2025-05-20
Futures/Award,2963349,2025-05-20
Moneyline,12092621,2025-05-20
Motorsport,349716,2025-05-20
Other,8827,2025-05-20
Cricket,302,2025-05-21
Futures/Award,3011476,2025-05-21
Moneyline,17788327,2025-05-21
Motorsport,292095,2025-05-21
Other,142897,2025-05-21
Cricket,46,2025-05-22
Futures/Award,3263488,2025-05-22
Moneyline,13949584,2025-05-22
Motorsport,412217,2025-05-22
Other,1972,2025-05-22
Cricket,521,2025-05-23
Futures/Award,3429889,2025-05-23
Moneyline,16901206,2025-05-23
Motorsport,872612,2025-05-23
Other,51719,2025-05-23
Cricket,139,2025-05-24
Futures/Award,2747925,2025-05-24
Moneyline,15103274,2025-05-24
Motorsport,1027177,2025-05-24
Other,280,2025-05-24
Cricket,26,2025-05-25
Futures/Award,4540343,2025-05-25
Moneyline,22571722,2025-05-25
Motorsport,4086185,2025-05-25
Other,1233,2025-05-25
Cricket,340,2025-05-26
Futures/Award,3319188,2025-05-26
Moneyline,20308642,2025-05-26
Motorsport,1501,2025-05-26
Other,2085,2025-05-26
Cricket,1775,2025-05-27
Futures/Award,5450044,2025-05-27
Moneyline,17565027,2025-05-27
Motorsport,954,2025-05-27
Other,626,2025-05-27
Cricket,1429,2025-05-28
Futures/Award,4361869,2025-05-28
Moneyline,16184245,2025-05-28
Motorsport,6095,2025-05-28
Other,1017,2025-05-28
Cricket,3940,2025-05-29
Futures/Award,6149389,2025-05-29
Moneyline,18002866,2025-05-29
Motorsport,6310,2025-05-29
Other,721,2025-05-29
Cricket,2560,2025-05-30
Futures/Award,4733210,2025-05-30
Moneyline,4023409,2025-05-30
Motorsport,11848,2025-05-30
Other,963,2025-05-30
Cricket,1440,2025-05-31
Futures/Award,10402190,2025-05-31
Moneyline,16791230,2025-05-31
Motorsport,47074,2025-05-31
Other,1625,2025-05-31
Cricket,4869,2025-06-01
Futures/Award,4495830,2025-06-01
Moneyline,3257661,2025-06-01
Motorsport,109852,2025-06-01
Other,2976,2025-06-01
Cricket,10029,2025-06-02
Futures/Award,3628896,2025-06-02
Moneyline,2868384,2025-06-02
Motorsport,872,2025-06-02
Other,552,2025-06-02
Cricket,43312,2025-06-03
Futures/Award,3216597,2025-06-03
Moneyline,4755849,2025-06-03
Motorsport,457,2025-06-03
Other,2867,2025-06-03
Futures/Award,7774892,2025-06-04
Moneyline,11963231,2025-06-04
Motorsport,780,2025-06-04
Other,8397,2025-06-04
Futures/Award,12315845,2025-06-05
Mention,30,2025-06-05
Moneyline,24442384,2025-06-05
Motorsport,752,2025-06-05
Other,7367,2025-06-05
Futures/Award,16471495,2025-06-06
Moneyline,14904759,2025-06-06
Motorsport,383,2025-06-06
Other,16952,2025-06-06
Futures/Award,12613624,2025-06-07
Moneyline,8858899,2025-06-07
Motorsport,45,2025-06-07
Other,7209,2025-06-07
Futures/Award,26022333,2025-06-08
Moneyline,22017316,2025-06-08
Motorsport,1252,2025-06-08
Other,973,2025-06-08
Futures/Award,3815920,2025-06-09
Moneyline,10367351,2025-06-09
Motorsport,390,2025-06-09
Other,6525,2025-06-09
Futures/Award,4325874,2025-06-10
Moneyline,6389408,2025-06-10
Motorsport,2801,2025-06-10
Other,7707,2025-06-10
Futures/Award,7762160,2025-06-11
Moneyline,25726806,2025-06-11
Motorsport,1408,2025-06-11
Other,7851,2025-06-11
Futures/Award,20601398,2025-06-12
Moneyline,16909381,2025-06-12
Motorsport,4355,2025-06-12
Other,12417,2025-06-12
Futures/Award,18038413,2025-06-13
Moneyline,30026974,2025-06-13
Motorsport,9173,2025-06-13
Other,4539,2025-06-13
Futures/Award,13686583,2025-06-14
Moneyline,14834376,2025-06-14
Motorsport,43898,2025-06-14
Other,8288,2025-06-14
Futures/Award,20675939,2025-06-15
Moneyline,6587583,2025-06-15
Motorsport,105735,2025-06-15
Other,13277,2025-06-15
Futures/Award,4493525,2025-06-16
Moneyline,24995945,2025-06-16
Motorsport,5315,2025-06-16
Other,14429,2025-06-16
Futures/Award,3043079,2025-06-17
Moneyline,14450846,2025-06-17
Motorsport,1520,2025-06-17
Other,16063,2025-06-17
Futures/Award,1973758,2025-06-18
Moneyline,6640957,2025-06-18
Motorsport,1503,2025-06-18
Other,26033,2025-06-18
Futures/Award,10565387,2025-06-19
Moneyline,28080931,2025-06-19
Motorsport,741,2025-06-19
Other,55934,2025-06-19
Futures/Award,6860011,2025-06-20
Moneyline,5703766,2025-06-20
Motorsport,777,2025-06-20
Other,114634,2025-06-20
Esports,217,2025-06-21
Futures/Award,5596295,2025-06-21
Moneyline,5396963,2025-06-21
Motorsport,418,2025-06-21
Other,154979,2025-06-21
Esports,3965,2025-06-22
Futures/Award,41469406,2025-06-22
Moneyline,4809702,2025-06-22
Motorsport,2622,2025-06-22
Other,256634,2025-06-22
Esports,10,2025-06-23
Futures/Award,130774,2025-06-23
Moneyline,4055631,2025-06-23
Motorsport,487,2025-06-23
Other,978318,2025-06-23
Futures/Award,383260,2025-06-24
Moneyline,5074562,2025-06-24
Motorsport,3642,2025-06-24
Other,873352,2025-06-24
Futures/Award,406522,2025-06-25
Moneyline,5326118,2025-06-25
Motorsport,857,2025-06-25
Other,1336969,2025-06-25
Futures/Award,974487,2025-06-26
Moneyline,5605089,2025-06-26
Motorsport,10029,2025-06-26
Other,448308,2025-06-26
Futures/Award,1080927,2025-06-27
Moneyline,7180448,2025-06-27
Motorsport,9787,2025-06-27
Other,629960,2025-06-27
Futures/Award,1223506,2025-06-28
Moneyline,15611203,2025-06-28
Motorsport,35650,2025-06-28
Other,791207,2025-06-28
Futures/Award,2627784,2025-06-29
Moneyline,8123453,2025-06-29
Motorsport,88463,2025-06-29
Other,393777,2025-06-29
Futures/Award,2581241,2025-06-30
Moneyline,7619598,2025-06-30
Motorsport,2290,2025-06-30
Other,1066278,2025-06-30
Futures/Award,2983286,2025-07-01
Moneyline,7634406,2025-07-01
Motorsport,281141,2025-07-01
Other,895867,2025-07-01
Futures/Award,1953927,2025-07-02
Moneyline,7194028,2025-07-02
Motorsport,227047,2025-07-02
Other,1229004,2025-07-02
Futures/Award,2063749,2025-07-03
Moneyline,7822303,2025-07-03
Motorsport,204887,2025-07-03
Other,3247855,2025-07-03
Futures/Award,4044708,2025-07-04
Moneyline,6859654,2025-07-04
Motorsport,341009,2025-07-04
Other,7102048,2025-07-04
Futures/Award,2901687,2025-07-05
Moneyline,9316155,2025-07-05
Motorsport,844372,2025-07-05
Other,12087,2025-07-05
Futures/Award,3748208,2025-07-06
Moneyline,15886461,2025-07-06
Motorsport,2112051,2025-07-06
Other,31699,2025-07-06
Futures/Award,4142330,2025-07-07
Moneyline,20204190,2025-07-07
Motorsport,819,2025-07-07
Other,18299,2025-07-07
Esports,115,2025-07-08
Futures/Award,4225513,2025-07-08
Moneyline,19113887,2025-07-08
Motorsport,3171,2025-07-08
Other,38160,2025-07-08
Esports,1533,2025-07-09
Futures/Award,3546265,2025-07-09
Moneyline,24973258,2025-07-09
Motorsport,315,2025-07-09
Other,31192,2025-07-09
Esports,2819,2025-07-10
Futures/Award,4428689,2025-07-10
Moneyline,20191713,2025-07-10
Motorsport,2544,2025-07-10
Other,22321,2025-07-10
Esports,3524,2025-07-11
Futures/Award,6822064,2025-07-11
Moneyline,19855736,2025-07-11
Motorsport,866,2025-07-11
Other,40131,2025-07-11
Esports,657,2025-07-12
Futures/Award,9087794,2025-07-12
Moneyline,6239896,2025-07-12
Motorsport,481,2025-07-12
Other,93962,2025-07-12
Esports,2638,2025-07-13
Futures/Award,25663893,2025-07-13
Moneyline,5501994,2025-07-13
Motorsport,1114,2025-07-13
Other,29867,2025-07-13
Esports,2823,2025-07-14
Futures/Award,14619355,2025-07-14
Moneyline,4534564,2025-07-14
Motorsport,245,2025-07-14
Other,38550,2025-07-14
Esports,12,2025-07-15
Futures/Award,1801569,2025-07-15
Moneyline,14235814,2025-07-15
Motorsport,1286,2025-07-15
Other,23060,2025-07-15
Esports,1551,2025-07-16
Futures/Award,6171550,2025-07-16
Moneyline,5878291,2025-07-16
Motorsport,5615,2025-07-16
Other,21441,2025-07-16
Esports,1547,2025-07-17
Futures/Award,10213974,2025-07-17
Moneyline,3387937,2025-07-17
Motorsport,359,2025-07-17
Other,29451,2025-07-17
Esports,719,2025-07-18
Futures/Award,9748564,2025-07-18
Moneyline,6685037,2025-07-18
Motorsport,483,2025-07-18
Other,69934,2025-07-18
Esports,904,2025-07-19
Futures/Award,9447574,2025-07-19
Moneyline,18827159,2025-07-19
Motorsport,1715,2025-07-19
Other,30340,2025-07-19
Futures/Award,8483983,2025-07-20
Moneyline,11846410,2025-07-20
Motorsport,3475,2025-07-20
Other,44461,2025-07-20
Futures/Award,310603,2025-07-21
Moneyline,9316057,2025-07-21
Motorsport,1778,2025-07-21
Other,34902,2025-07-21
Futures/Award,300127,2025-07-22
Moneyline,8804384,2025-07-22
Motorsport,5637,2025-07-22
Other,54976,2025-07-22
Esports,838,2025-07-23
Futures/Award,7474493,2025-07-23
Moneyline,7697456,2025-07-23
Motorsport,9006,2025-07-23
Other,29972,2025-07-23
Esports,140,2025-07-24
Futures/Award,7898118,2025-07-24
Moneyline,6659913,2025-07-24
Motorsport,291539,2025-07-24
Other,28710,2025-07-24
Esports,383,2025-07-25
Futures/Award,6330509,2025-07-25
Moneyline,7151168,2025-07-25
Motorsport,1196437,2025-07-25
Other,20770,2025-07-25
Esports,1523,2025-07-26
Futures/Award,7828956,2025-07-26
Moneyline,9449047,2025-07-26
Motorsport,2055327,2025-07-26
Other,31342,2025-07-26
Esports,903,2025-07-27
Futures/Award,12027052,2025-07-27
Moneyline,9912440,2025-07-27
Motorsport,2753697,2025-07-27
Other,80167,2025-07-27
Esports,990,2025-07-28
Futures/Award,1491211,2025-07-28
Moneyline,9509026,2025-07-28
Motorsport,5588,2025-07-28
Other,50004,2025-07-28
Esports,269,2025-07-29
Futures/Award,1051067,2025-07-29
Moneyline,10141474,2025-07-29
Motorsport,5284,2025-07-29
Other,58453,2025-07-29
Esports,1191,2025-07-30
Futures/Award,1895735,2025-07-30
Moneyline,8521855,2025-07-30
Motorsport,47528,2025-07-30
Other,42794,2025-07-30
Esports,215,2025-07-31
Futures/Award,4922845,2025-07-31
Moneyline,5616848,2025-07-31
Motorsport,1025010,2025-07-31
Other,33616,2025-07-31
Esports,536,2025-08-01
Futures/Award,4334797,2025-08-01
Moneyline,7464335,2025-08-01
Motorsport,1414271,2025-08-01
Other,66042,2025-08-01
Esports,4245,2025-08-02
Futures/Award,7319944,2025-08-02
Moneyline,6574394,2025-08-02
Motorsport,2531523,2025-08-02
Other,42716,2025-08-02
Esports,1138,2025-08-03
Futures/Award,2972712,2025-08-03
Moneyline,6412834,2025-08-03
Motorsport,3326023,2025-08-03
Other,62342,2025-08-03
Futures/Award,1912042,2025-08-04
Moneyline,4453286,2025-08-04
Motorsport,822,2025-08-04
Other,50716,2025-08-04
Futures/Award,2854683,2025-08-05
Moneyline,7014447,2025-08-05
Motorsport,639,2025-08-05
Other,33300,2025-08-05
Futures/Award,2788559,2025-08-06
Moneyline,6847161,2025-08-06
Motorsport,504,2025-08-06
Other,17547,2025-08-06
Futures/Award,5634312,2025-08-07
Moneyline,7210461,2025-08-07
Motorsport,597,2025-08-07
Other,13234,2025-08-07
Futures/Award,7350992,2025-08-08
Moneyline,8837411,2025-08-08
Motorsport,793,2025-08-08
Other,19111,2025-08-08
Futures/Award,10371876,2025-08-09
Moneyline,8614453,2025-08-09
Motorsport,767,2025-08-09
Other,15335,2025-08-09
Futures/Award,20546633,2025-08-10
Moneyline,9811725,2025-08-10
Motorsport,697,2025-08-10
Other,15425,2025-08-10
Futures/Award,1790163,2025-08-11
Moneyline,7320820,2025-08-11
Motorsport,9055,2025-08-11
Other,25910,2025-08-11
Futures/Award,2804725,2025-08-12
Moneyline,7450671,2025-08-12
Motorsport,111,2025-08-12
Other,25248,2025-08-12
Futures/Award,3301242,2025-08-13
Moneyline,9073381,2025-08-13
Motorsport,313,2025-08-13
Other,78973,2025-08-13
Esports,42,2025-08-14
Futures/Award,7189250,2025-08-14
Moneyline,6244681,2025-08-14
Motorsport,1510,2025-08-14
Other,29761,2025-08-14
Futures/Award,5324943,2025-08-15
Moneyline,11141197,2025-08-15
Motorsport,15774,2025-08-15
Other,51316,2025-08-15
Esports,333,2025-08-16
Futures/Award,5892368,2025-08-16
Moneyline,22191075,2025-08-16
Motorsport,1073,2025-08-16
Other,70188,2025-08-16
Futures/Award,14046543,2025-08-17
Moneyline,16994470,2025-08-17
Motorsport,548,2025-08-17
Other,23006,2025-08-17
Esports,1667,2025-08-18
Futures/Award,1117471,2025-08-18
Moneyline,8757402,2025-08-18
Motorsport,2463,2025-08-18
Other,57888,2025-08-18
Spread,95,2025-08-18
Esports,783,2025-08-19
Futures/Award,1400402,2025-08-19
Moneyline,8973752,2025-08-19
Motorsport,46,2025-08-19
Other,19035,2025-08-19
Over/Under,4760,2025-08-19
Spread,26393,2025-08-19
Esports,923,2025-08-20
Futures/Award,3210711,2025-08-20
Moneyline,8066778,2025-08-20
Motorsport,190,2025-08-20
Other,16813,2025-08-20
Over/Under,690,2025-08-20
Spread,4478,2025-08-20
Esports,204,2025-08-21
Futures/Award,7245341,2025-08-21
Moneyline,8094677,2025-08-21
Motorsport,182,2025-08-21
Other,25357,2025-08-21
Over/Under,22195,2025-08-21
Spread,39111,2025-08-21
Esports,11,2025-08-22
Futures/Award,8679669,2025-08-22
Moneyline,11618315,2025-08-22
Motorsport,84,2025-08-22
Other,19777,2025-08-22
Over/Under,13625,2025-08-22
Spread,17990,2025-08-22
Esports,730,2025-08-23
Futures/Award,9573176,2025-08-23
Moneyline,27005483,2025-08-23
Motorsport,342,2025-08-23
Other,68712,2025-08-23
Over/Under,96243,2025-08-23
Spread,64671,2025-08-23
Esports,2194,2025-08-24
Futures/Award,15774928,2025-08-24
Moneyline,13607740,2025-08-24
Motorsport,176,2025-08-24
Other,16198,2025-08-24
Over/Under,19898,2025-08-24
Spread,10279,2025-08-24
Futures/Award,2810455,2025-08-25
Moneyline,14092042,2025-08-25
Motorsport,352,2025-08-25
Other,47204,2025-08-25
Over/Under,5199,2025-08-25
Spread,14592,2025-08-25
Esports,215,2025-08-26
Futures/Award,2821513,2025-08-26
Moneyline,12422606,2025-08-26
Motorsport,95291,2025-08-26
Other,49094,2025-08-26
Over/Under,6641,2025-08-26
Spread,27471,2025-08-26
Futures/Award,2456410,2025-08-27
Moneyline,14742861,2025-08-27
Motorsport,49288,2025-08-27
Other,19331,2025-08-27
Over/Under,4703,2025-08-27
Spread,344880,2025-08-27
Futures/Award,2811806,2025-08-28
Moneyline,27615898,2025-08-28
Motorsport,215928,2025-08-28
Other,69893,2025-08-28
Over/Under,45080,2025-08-28
Spread,115213,2025-08-28
Esports,60,2025-08-29
Futures/Award,2873190,2025-08-29
Moneyline,30789940,2025-08-29
Motorsport,568684,2025-08-29
Other,28604,2025-08-29
Over/Under,81943,2025-08-29
Spread,81263,2025-08-29
Esports,25,2025-08-30
Futures/Award,4305643,2025-08-30
Moneyline,78665764,2025-08-30
Motorsport,926146,2025-08-30
Other,18797,2025-08-30
Over/Under,123585,2025-08-30
Spread,286838,2025-08-30
Esports,1,2025-08-31
Futures/Award,3245181,2025-08-31
Moneyline,51546297,2025-08-31
Motorsport,1100894,2025-08-31
Other,24956,2025-08-31
Over/Under,1234,2025-08-31
Spread,6771,2025-08-31
Esports,8,2025-09-01
Futures/Award,3093958,2025-09-01
Moneyline,31185394,2025-09-01
Motorsport,1215,2025-09-01
Other,102283,2025-09-01
Over/Under,14218,2025-09-01
Spread,369795,2025-09-01
Esports,50,2025-09-02
Futures/Award,3157633,2025-09-02
Moneyline,20439948,2025-09-02
Motorsport,17224,2025-09-02
Other,24686,2025-09-02
Over/Under,73228,2025-09-02
Spread,76195,2025-09-02
Futures/Award,4038071,2025-09-03
Moneyline,36012677,2025-09-03
Motorsport,98813,2025-09-03
Other,25346,2025-09-03
Over/Under,15287,2025-09-03
Spread,43588,2025-09-03
Futures/Award,4101387,2025-09-04
Moneyline,38883790,2025-09-04
Motorsport,82432,2025-09-04
Other,39080,2025-09-04
Over/Under,145128,2025-09-04
Player Prop,410429,2025-09-04
Spread,469370,2025-09-04
Esports,214,2025-09-05
Futures/Award,6238765,2025-09-05
Moneyline,65209422,2025-09-05
Motorsport,191682,2025-09-05
Other,43585,2025-09-05
Over/Under,240181,2025-09-05
Player Prop,418036,2025-09-05
Spread,402415,2025-09-05
Futures/Award,12519497,2025-09-06
Moneyline,89975721,2025-09-06
Motorsport,545007,2025-09-06
Other,27802,2025-09-06
Over/Under,298751,2025-09-06
Player Prop,55635,2025-09-06
Spread,476218,2025-09-06
Esports,364,2025-09-07
Futures/Award,21360038,2025-09-07
Moneyline,162809480,2025-09-07
Motorsport,1226192,2025-09-07
Other,40695,2025-09-07
Over/Under,457458,2025-09-07
Player Prop,1203110,2025-09-07
Spread,609129,2025-09-07
Esports,10,2025-09-08
Futures/Award,2301947,2025-09-08
Moneyline,47960144,2025-09-08
Motorsport,1259,2025-09-08
Other,26349,2025-09-08
Over/Under,270631,2025-09-08
Player Prop,1064719,2025-09-08
Spread,206423,2025-09-08
Futures/Award,1579512,2025-09-09
Moneyline,14640072,2025-09-09
Motorsport,9275,2025-09-09
Other,50444,2025-09-09
Over/Under,16698,2025-09-09
Player Prop,1066,2025-09-09
Spread,37806,2025-09-09
Futures/Award,1508462,2025-09-10
Moneyline,11571686,2025-09-10
Motorsport,9946,2025-09-10
Other,48466,2025-09-10
Over/Under,17867,2025-09-10
Player Prop,579353,2025-09-10
Spread,98778,2025-09-10
Esports,23,2025-09-11
Futures/Award,1762836,2025-09-11
Moneyline,37366763,2025-09-11
Motorsport,19556,2025-09-11
Other,51688,2025-09-11
Over/Under,282359,2025-09-11
Player Prop,785176,2025-09-11
Spread,456423,2025-09-11
Futures/Award,1499300,2025-09-12
Moneyline,42093572,2025-09-12
Motorsport,39797,2025-09-12
Other,61207,2025-09-12
Over/Under,198661,2025-09-12
Player Prop,96883,2025-09-12
Spread,277497,2025-09-12
Futures/Award,1960951,2025-09-13
Moneyline,149438590,2025-09-13
Motorsport,230415,2025-09-13
Other,64340,2025-09-13
Over/Under,846151,2025-09-13
Player Prop,150682,2025-09-13
Spread,1157450,2025-09-13
Esports,4,2025-09-14
Futures/Award,3454775,2025-09-14
Moneyline,166022281,2025-09-14
Motorsport,3684,2025-09-14
Other,124468,2025-09-14
Over/Under,893812,2025-09-14
Player Prop,2129301,2025-09-14
Spread,1806720,2025-09-14
Esports,1,2025-09-15
Futures/Award,2274259,2025-09-15
Moneyline,63935352,2025-09-15
Motorsport,34298,2025-09-15
Other,22879,2025-09-15
Over/Under,495304,2025-09-15
Player Prop,1333566,2025-09-15
Spread,655974,2025-09-15
Esports,31,2025-09-16
Futures/Award,1741913,2025-09-16
Moneyline,28140110,2025-09-16
Motorsport,149526,2025-09-16
Other,35123,2025-09-16
Over/Under,70866,2025-09-16
Player Prop,142774,2025-09-16
Spread,131264,2025-09-16
Esports,10,2025-09-17
Futures/Award,2467545,2025-09-17
Moneyline,25598675,2025-09-17
Motorsport,90168,2025-09-17
Other,31814,2025-09-17
Over/Under,32379,2025-09-17
Parlay (multi-game),229,2025-09-17
Player Prop,136713,2025-09-17
Spread,120572,2025-09-17
Futures/Award,1730185,2025-09-18
Moneyline,56971074,2025-09-18
Motorsport,142026,2025-09-18
Other,51009,2025-09-18
Over/Under,1318936,2025-09-18
Parlay (multi-game),2114,2025-09-18
Player Prop,1049882,2025-09-18
Spread,1842377,2025-09-18
Futures/Award,1354182,2025-09-19
Game Prop,163,2025-09-19
Moneyline,53786158,2025-09-19
Motorsport,426790,2025-09-19
Other,57721,2025-09-19
Over/Under,348463,2025-09-19
Parlay (multi-game),60,2025-09-19
Player Prop,9422,2025-09-19
Spread,536672,2025-09-19
Futures/Award,2287328,2025-09-20
Game Prop,1783,2025-09-20
Moneyline,172294558,2025-09-20
Motorsport,700982,2025-09-20
Other,34428,2025-09-20
Over/Under,1040601,2025-09-20
Parlay (multi-game),28579,2025-09-20
Player Prop,192580,2025-09-20
Spread,2049077,2025-09-20
Futures/Award,2898483,2025-09-21
Game Prop,255,2025-09-21
Moneyline,192427744,2025-09-21
Motorsport,499198,2025-09-21
Other,71927,2025-09-21
Over/Under,5090404,2025-09-21
Parlay (multi-game),24945,2025-09-21
Player Prop,2472927,2025-09-21
Spread,8086319,2025-09-21
Esports,52,2025-09-22
Futures/Award,4149345,2025-09-22
Game Prop,1871,2025-09-22
Moneyline,53172346,2025-09-22
Motorsport,14031,2025-09-22
Other,92540,2025-09-22
Over/Under,2159605,2025-09-22
Player Prop,1372506,2025-09-22
Spread,2763462,2025-09-22
Futures/Award,2688145,2025-09-23
Game Prop,37580,2025-09-23
Moneyline,18420255,2025-09-23
Motorsport,26258,2025-09-23
Other,487575,2025-09-23
Over/Under,16665,2025-09-23
Parlay (multi-game),146,2025-09-23
Player Prop,5613,2025-09-23
Spread,115219,2025-09-23
Esports,276,2025-09-24
Futures/Award,1984198,2025-09-24
Game Prop,86185,2025-09-24
Moneyline,20367891,2025-09-24
Motorsport,23215,2025-09-24
Other,560293,2025-09-24
Over/Under,55059,2025-09-24
Parlay (multi-game),4286,2025-09-24
Player Prop,86350,2025-09-24
Spread,282750,2025-09-24
Esports,1796,2025-09-25
Futures/Award,2632453,2025-09-25
Game Prop,236903,2025-09-25
Moneyline,50784900,2025-09-25
Motorsport,38900,2025-09-25
Other,1157959,2025-09-25
Over/Under,1658063,2025-09-25
Parlay (multi-game),21799,2025-09-25
Player Prop,996774,2025-09-25
Spread,1255742,2025-09-25
Esports,4256,2025-09-26
Futures/Award,5426419,2025-09-26
Game Prop,1553021,2025-09-26
Moneyline,77435807,2025-09-26
Motorsport,23685,2025-09-26
Other,10373092,2025-09-26
Over/Under,358345,2025-09-26
Parlay (multi-game),20182,2025-09-26
Spread,859730,2025-09-26
Esports,7736,2025-09-27
Futures/Award,5627444,2025-09-27
Game Prop,649008,2025-09-27
Moneyline,237680292,2025-09-27
Motorsport,91991,2025-09-27
Other,8928406,2025-09-27
Over/Under,1113363,2025-09-27
Parlay (multi-game),32354,2025-09-27
Player Prop,109072,2025-09-27
Spread,2017857,2025-09-27
Cricket,1702905,2026-04-27
Esports,573347,2026-04-27
Futures/Award,2732586,2026-04-27
Game Prop,63711,2026-04-27
Mention,79527,2026-04-27
Moneyline,31366366,2026-04-27
Motorsport,10385,2026-04-27
Other,148238,2026-04-27
Over/Under,1980309,2026-04-27
Parlay (multi-game),17483993,2026-04-27
Parlay (single-game),509,2026-04-27
Player Prop,186656,2026-04-27
Spread,1315291,2026-04-27
