date,kalshi_category,pnl_gross,pnl_net,fees_taker,fees_maker,contracts_settled
2026-01-25,Climate and Weather,-87289.09,-131244.38,43955.29,0.0,6915912
2026-01-25,Companies,-3384.83,-4602.56,1217.73,0.06,124404
2026-01-25,Crypto,-119686.7,-206917.95,87231.25,33.81,8574335
2026-01-25,Economics,-5082.15,-7909.91,2827.76,514.68,1581396
2026-01-25,Elections,-1535.1,-1636.17,101.07,0.0,16007
2026-01-25,Entertainment,-57564.9,-68887.2,11322.3,0.0,1869702
2026-01-25,Financials,1293.58,894.12,399.46,0.0,49539
2026-01-25,Mentions,-45670.48,-52948.28,7277.8,0.0,2369871
2026-01-25,Non-parlay sports,2142371.36,-2391166.64,4533538.0,786445.16,377195228
2026-01-25,Other non-sports,-70.48,-76.35,5.87,0.0,2505
2026-01-25,Parlays,4082973.7,3403822.71,679150.99,0.0,95941718
2026-01-25,Politics,-111332.81,-147201.81,35869.0,0.0,4328888
2026-01-25,Science and Technology,-1259.13,-1533.63,274.5,37.89,223000
2026-01-26,Climate and Weather,-47464.89,-70248.07,22783.18,0.0,5978836
2026-01-26,Companies,-3755.56,-5103.33,1347.77,0.0,188143
2026-01-26,Crypto,29040.82,-124333.25,153374.07,20.16,14729106
2026-01-26,Economics,-23111.1,-26947.33,3836.23,856.45,2154231
2026-01-26,Elections,573.45,445.19,128.26,0.0,17113
2026-01-26,Entertainment,14131.99,3361.94,10770.05,0.0,1623894
2026-01-26,Financials,-110004.01,-117342.15,7338.14,0.0,1110067
2026-01-26,Mentions,-72716.11,-91773.87,19057.76,0.0,4804392
2026-01-26,Non-parlay sports,-642106.9,-2605807.5,1963700.6,386364.21,180063095
2026-01-26,Other non-sports,-52.27,-56.39,4.12,0.0,1772
2026-01-26,Parlays,107556.75,-48070.25,155627.0,0.0,22940684
2026-01-26,Politics,-148662.21,-186556.31,37894.1,0.0,4237605
2026-01-26,Science and Technology,-2577.4,-2854.63,277.23,48.16,200496
2026-01-27,Climate and Weather,-13366.8,-27246.13,13879.33,0.0,2292258
2026-01-27,Companies,-8559.91,-10120.31,1560.4,0.0,182198
2026-01-27,Crypto,119028.25,-71307.87,190336.12,3.09,17855365
2026-01-27,Economics,-39901.0,-46477.75,6576.75,1507.52,4582824
2026-01-27,Elections,-55.16,-193.13,137.97,0.0,16228
2026-01-27,Entertainment,9257.54,-1437.37,10694.91,0.0,1443333
2026-01-27,Financials,-132889.71,-140782.55,7892.84,0.0,1265804
2026-01-27,Mentions,-135788.42,-169962.39,34173.97,0.0,6396459
2026-01-27,Non-parlay sports,-2250369.25,-4740492.48,2490123.23,474928.94,220259714
2026-01-27,Other non-sports,-43.25,-56.67,13.42,0.0,13338
2026-01-27,Parlays,-317282.41,-459097.72,141815.31,0.0,21503079
2026-01-27,Politics,-226516.88,-276751.9,50235.02,0.0,5729166
2026-01-27,Science and Technology,-1565.64,-1857.23,291.59,51.78,239630
2026-01-28,Climate and Weather,-23459.1,-39726.79,16267.69,0.0,2560948
2026-01-28,Companies,4180.82,1443.44,2737.38,4.37,355676
2026-01-28,Crypto,-299508.24,-460113.43,160605.19,25.94,15208048
2026-01-28,Economics,-71320.79,-78388.94,7068.15,1348.99,4878836
2026-01-28,Elections,-4728.15,-5064.45,336.3,0.0,50334
2026-01-28,Entertainment,3101.68,-7901.46,11003.14,0.0,1816993
2026-01-28,Financials,27831.94,21431.76,6400.18,0.0,1042224
2026-01-28,Mentions,-161459.32,-201102.23,39642.91,0.0,7872937
2026-01-28,Non-parlay sports,-4017944.75,-6477081.87,2459137.12,454158.9,221639628
2026-01-28,Other non-sports,31.87,27.05,4.82,0.0,2285
2026-01-28,Parlays,-746225.2,-909509.18,163283.98,0.0,25751376
2026-01-28,Politics,-101661.28,-192433.42,90772.14,0.0,9503249
2026-01-28,Science and Technology,-2288.02,-2503.2,215.18,43.59,195837
2026-01-29,Climate and Weather,-57106.73,-72832.65,15725.92,0.0,3263994
2026-01-29,Companies,10272.56,7128.44,3144.12,0.54,324688
2026-01-29,Crypto,-185578.8,-372184.92,186606.12,18.42,17951796
2026-01-29,Economics,-11144.76,-16844.18,5699.42,986.67,909430
2026-01-29,Elections,-1725.47,-1982.93,257.46,0.0,57165
2026-01-29,Entertainment,-7744.13,-18407.12,10662.99,0.0,1793256
2026-01-29,Financials,-91207.03,-99645.37,8438.34,0.0,1340426
2026-01-29,Mentions,-179713.29,-206612.29,26899.0,0.0,4030066
2026-01-29,Non-parlay sports,-683597.1,-2690018.94,2006421.84,367084.95,186200961
2026-01-29,Other non-sports,5385.11,5106.2,278.91,0.0,24383
2026-01-29,Parlays,-94098.91,-241304.16,147205.25,0.0,21974403
2026-01-29,Politics,-202838.38,-506135.59,303297.21,0.0,38290866
2026-01-29,Science and Technology,-3295.76,-3630.74,334.98,77.55,319952
2026-01-30,Climate and Weather,-27684.51,-42340.76,14656.25,0.0,2745402
2026-01-30,Companies,-15779.61,-19253.54,3473.93,0.0,364457
2026-01-30,Crypto,-207042.92,-435473.74,228430.82,12.53,21089525
2026-01-30,Economics,50578.7,41645.42,8933.28,2048.94,1592934
2026-01-30,Elections,-1318.94,-1651.03,332.09,0.0,90108
2026-01-30,Entertainment,-24354.53,-38473.6,14119.07,0.0,2181331
2026-01-30,Financials,29200.89,21439.81,7761.08,0.0,1254513
2026-01-30,Mentions,-21217.49,-28710.59,7493.1,0.0,1507190
2026-01-30,Non-parlay sports,1697654.31,-728472.5,2426126.81,469458.88,209167831
2026-01-30,Other non-sports,8743.73,8236.69,507.04,0.0,39946
2026-01-30,Parlays,-152673.13,-288670.53,135997.4,0.0,21945755
2026-01-30,Politics,-599683.71,-839396.04,239712.33,0.0,45209212
2026-01-30,Science and Technology,797.39,166.88,630.51,134.98,550923
2026-01-31,Climate and Weather,-32487.08,-44271.45,11784.37,0.0,2628380
2026-01-31,Companies,-21729.95,-24756.19,3026.24,0.77,353778
2026-01-31,Crypto,-189984.13,-359042.97,169058.84,16.57,16593252
2026-01-31,Economics,-813.89,-5031.93,4218.04,865.02,710917
2026-01-31,Elections,-7250.44,-7986.54,736.1,0.0,195391
2026-01-31,Entertainment,-60897.07,-79400.7,18503.63,0.0,2674699
2026-01-31,Financials,525.11,257.48,267.63,0.0,32865
2026-01-31,Mentions,-76104.81,-87809.82,11705.01,0.0,1763270
2026-01-31,Non-parlay sports,-4851859.75,-8454097.35,3602237.6,626705.41,308766494
2026-01-31,Other non-sports,429.82,372.82,57.0,0.0,4392
2026-01-31,Parlays,-941532.55,-1156342.11,214809.56,0.0,29786399
2026-01-31,Politics,-318654.95,-385663.76,67008.81,0.0,19936191
2026-01-31,Science and Technology,-8474.06,-8835.38,361.32,80.4,285390
2026-02-01,Climate and Weather,-26489.19,-37912.84,11423.65,0.0,2063610
2026-02-01,Companies,-10592.48,-13624.9,3032.42,0.51,308459
2026-02-01,Crypto,-332890.19,-486754.21,153864.02,21.31,15059460
2026-02-01,Economics,-13783.85,-17317.77,3533.92,479.67,523978
2026-02-01,Elections,-6984.49,-8064.71,1080.22,0.0,251743
2026-02-01,Entertainment,-54409.22,-149961.72,95552.5,0.0,17396037
2026-02-01,Financials,-2974.46,-3343.63,369.17,0.0,46492
2026-02-01,Mentions,-44905.19,-55760.08,10854.89,0.0,3128714
2026-02-01,Non-parlay sports,-4277750.08,-6888758.31,2611008.23,464546.54,226959373
2026-02-01,Other non-sports,85.88,-256.26,342.14,0.0,36939
2026-02-01,Parlays,-92422.99,-267676.03,175253.04,0.0,25797819
2026-02-01,Politics,-422688.36,-464512.77,41824.41,0.0,7843379
2026-02-01,Science and Technology,21283.55,21054.54,229.01,27.86,133151
2026-02-02,Climate and Weather,-29303.35,-44945.22,15641.87,0.0,2694918
2026-02-02,Companies,-12410.6,-18167.01,5756.41,0.0,601327
2026-02-02,Crypto,-148500.63,-348887.19,200386.56,76.0,19375134
2026-02-02,Economics,7210.47,2696.4,4514.07,825.28,520015
2026-02-02,Elections,-356.31,-994.94,638.63,0.0,169281
2026-02-02,Entertainment,-6086.53,-20808.02,14721.49,0.0,2421246
2026-02-02,Financials,-37148.6,-41633.04,4484.44,0.0,741165
2026-02-02,Mentions,-110397.97,-127482.03,17084.06,0.0,4133082
2026-02-02,Non-parlay sports,-283862.11,-2143431.9,1859569.79,367073.91,161186340
2026-02-02,Other non-sports,10169.74,9634.61,535.13,0.0,37162
2026-02-02,Parlays,-624015.5,-755499.22,131483.72,0.0,18112148
2026-02-02,Politics,-653955.93,-726058.73,72102.8,0.0,19542768
2026-02-02,Science and Technology,87766.26,87339.77,426.49,78.79,219788
2026-02-03,Climate and Weather,-19880.62,-37464.64,17584.02,0.0,2613551
2026-02-03,Companies,-37646.39,-46331.88,8685.49,0.0,800414
2026-02-03,Crypto,-234678.93,-452900.26,218221.33,8.59,20872977
2026-02-03,Economics,-18768.85,-23170.06,4401.21,915.0,968218
2026-02-03,Elections,-7114.78,-7714.7,599.92,0.0,75137
2026-02-03,Entertainment,-25402.57,-41215.02,15812.45,0.0,2273784
2026-02-03,Financials,29694.27,23069.7,6624.57,0.0,1186072
2026-02-03,Mentions,-110802.02,-128398.53,17596.51,0.0,5299732
2026-02-03,Non-parlay sports,2069578.74,84766.64,1984812.1,366144.88,178149930
2026-02-03,Other non-sports,6113.51,5618.56,494.95,0.0,45003
2026-02-03,Parlays,556645.97,395004.31,161641.66,0.0,23349478
2026-02-03,Politics,-606810.34,-683530.86,76720.52,0.0,28633871
2026-02-03,Science and Technology,46385.69,45856.37,529.32,105.31,190680
2026-02-04,Climate and Weather,-31722.82,-48397.66,16674.84,0.0,2843744
2026-02-04,Companies,-187745.36,-231448.73,43703.37,0.0,4572205
2026-02-04,Crypto,-180447.27,-414142.38,233695.11,11.45,22163594
2026-02-04,Economics,-12723.65,-17363.07,4639.42,877.07,816442
2026-02-04,Elections,-19578.69,-20383.9,805.21,0.0,109656
2026-02-04,Entertainment,-83722.82,-107127.45,23404.63,0.0,3765597
2026-02-04,Financials,48042.2,40714.99,7327.21,0.0,1194738
2026-02-04,Mentions,-80758.82,-107591.97,26833.15,0.0,5400633
2026-02-04,Non-parlay sports,262279.78,-2214406.32,2476686.1,512026.0,221035754
2026-02-04,Other non-sports,781.28,726.42,54.86,0.0,8134
2026-02-04,Parlays,-422126.31,-609165.08,187038.77,0.0,27465660
2026-02-04,Politics,-92488.91,-105856.36,13367.45,0.0,5823208
2026-02-04,Science and Technology,36613.66,36248.78,364.88,72.29,160409
2026-02-05,Climate and Weather,-15253.52,-29987.19,14733.67,0.0,2749259
2026-02-05,Companies,-236260.37,-289445.24,53184.87,0.05,5722041
2026-02-05,Crypto,-334481.23,-577235.36,242754.13,6.89,22487629
2026-02-05,Economics,-69056.22,-79965.05,10908.83,2366.09,1579680
2026-02-05,Elections,21780.62,17332.86,4447.76,0.0,714847
2026-02-05,Entertainment,144837.59,98737.62,46099.97,0.0,6061771
2026-02-05,Financials,-17909.11,-26493.74,8584.63,0.0,1318938
2026-02-05,Mentions,-76058.91,-99599.9,23540.99,0.0,4207977
2026-02-05,Non-parlay sports,-1965478.49,-4274740.81,2309262.32,469215.09,211089158
2026-02-05,Other non-sports,-447.57,-530.13,82.56,0.0,10761
2026-02-05,Parlays,-1423396.24,-1632621.41,209225.17,0.0,29246761
2026-02-05,Politics,-104210.82,-119950.4,15739.58,0.0,5232558
2026-02-05,Science and Technology,39958.15,39603.05,355.1,60.63,272338
2026-02-06,Climate and Weather,-29306.49,-45366.8,16060.31,0.0,2681049
2026-02-06,Companies,-349547.3,-420461.31,70914.01,0.05,7450202
2026-02-06,Crypto,-136918.4,-447507.54,310589.14,3.89,29469007
2026-02-06,Economics,-23432.85,-27631.05,4198.2,872.83,555149
2026-02-06,Elections,-7009.3,-8983.44,1974.14,0.0,389933
2026-02-06,Entertainment,-120168.34,-200142.15,79973.81,0.0,12054059
2026-02-06,Financials,-49835.29,-57139.53,7304.24,0.0,1034852
2026-02-06,Mentions,-46542.06,-56517.81,9975.75,0.0,2344567
2026-02-06,Non-parlay sports,-3552707.69,-5844157.75,2291450.06,438638.11,195312690
2026-02-06,Other non-sports,-649.25,-709.4,60.15,0.0,9059
2026-02-06,Parlays,-1206523.03,-1424551.72,218028.69,0.0,32918651
2026-02-06,Politics,-102536.62,-118603.61,16066.99,0.0,4696328
2026-02-06,Science and Technology,90763.48,84055.2,6708.28,632.98,2651849
2026-02-07,Climate and Weather,-79123.6,-99739.68,20616.08,0.0,6224583
2026-02-07,Companies,-449965.08,-545281.45,95316.37,0.0,10047585
2026-02-07,Crypto,-186649.87,-393319.99,206670.12,11.43,19969993
2026-02-07,Economics,-25465.63,-28373.08,2907.45,581.26,399386
2026-02-07,Elections,10803.34,9971.97,831.37,0.0,251986
2026-02-07,Entertainment,-604306.23,-768620.84,164314.61,0.0,24426804
2026-02-07,Financials,9316.03,9018.61,297.42,0.0,31828
2026-02-07,Mentions,-19277.36,-23579.35,4301.99,0.0,934556
2026-02-07,Non-parlay sports,-1548920.74,-5355820.11,3806899.37,776739.42,326021195
2026-02-07,Other non-sports,-1177.97,-1251.67,73.7,0.0,7764
2026-02-07,Parlays,1273962.91,925007.09,348955.82,0.0,53856898
2026-02-07,Politics,-69474.99,-81743.7,12268.71,0.0,3509121
2026-02-07,Science and Technology,-113416.6,-123516.62,10100.02,257.14,3743795
2026-02-08,Climate and Weather,-31067.71,-45435.67,14367.96,0.0,3609338
2026-02-08,Companies,-2006602.04,-2350175.5,343573.46,0.0,41694347
2026-02-08,Crypto,-241338.32,-430119.01,188780.69,31.33,19228509
2026-02-08,Economics,-103310.43,-111633.18,8322.75,1085.86,1519939
2026-02-08,Elections,-4009.61,-5739.46,1729.85,0.0,477903
2026-02-08,Entertainment,-4514492.81,-5468460.84,953968.03,0.0,135313306
2026-02-08,Financials,6921.24,6363.87,557.37,0.0,70974
2026-02-08,Mentions,-95248.57,-109621.6,14373.03,0.0,2090236
2026-02-08,Non-parlay sports,-15525435.93,-20580083.19,5054647.26,775583.06,462610455
2026-02-08,Other non-sports,-32.6,-69.96,37.36,0.0,9403
2026-02-08,Parlays,-3977477.47,-4798786.32,821308.85,0.0,146180390
2026-02-08,Politics,-74881.18,-94248.98,19367.8,0.0,5132409
2026-02-08,Science and Technology,-19287.14,-21095.95,1808.81,167.64,298521
2026-02-09,Climate and Weather,-47094.93,-66610.49,19515.56,0.0,3869346
2026-02-09,Companies,-853.41,-1473.94,620.53,0.0,76588
2026-02-09,Crypto,-205571.99,-456754.81,251182.82,6.49,25292205
2026-02-09,Economics,-66304.47,-75195.98,8891.51,2013.93,974554
2026-02-09,Elections,-11412.37,-12619.67,1207.3,0.0,495081
2026-02-09,Entertainment,-47322.02,-97366.24,50044.22,0.0,9128422
2026-02-09,Financials,42613.98,36804.02,5809.96,0.0,1030884
2026-02-09,Mentions,-79546.64,-91714.85,12168.21,0.0,2711867
2026-02-09,Non-parlay sports,-3628721.61,-6120599.7,2491878.09,507187.89,211149793
2026-02-09,Other non-sports,-342.13,-398.18,56.05,0.0,10057
2026-02-09,Parlays,-1135290.12,-1332623.17,197333.05,0.0,29590539
2026-02-09,Politics,-224016.04,-256426.55,32410.51,0.0,9234599
2026-02-09,Science and Technology,-29899.62,-34647.06,4747.44,176.01,1277320
2026-02-10,Climate and Weather,-38948.11,-54770.26,15822.15,0.0,3184355
2026-02-10,Companies,-5437.89,-6119.82,681.93,0.0,86287
2026-02-10,Crypto,-396722.54,-666903.0,270180.46,1.73,26649584
2026-02-10,Economics,-86602.87,-97967.88,11365.01,2712.36,1245872
2026-02-10,Elections,-3781.46,-4579.15,797.69,0.0,416826
2026-02-10,Entertainment,-66173.25,-81625.66,15452.41,0.0,2753162
2026-02-10,Financials,51414.57,43971.57,7443.0,0.0,1275316
2026-02-10,Mentions,-173929.36,-213644.93,39715.57,0.0,8670569
2026-02-10,Non-parlay sports,-5036978.11,-7691222.19,2654244.08,486517.79,249311841
2026-02-10,Other non-sports,-56.78,-125.73,68.95,0.0,19520
2026-02-10,Parlays,-2236370.08,-2456199.26,219829.18,0.0,28470742
2026-02-10,Politics,-104908.46,-127620.98,22712.52,0.0,4968608
2026-02-10,Science and Technology,-7042.88,-8043.23,1000.35,80.14,298115
2026-02-11,Climate and Weather,-35321.98,-53228.9,17906.92,0.0,4287191
2026-02-11,Companies,-4026.55,-4606.2,579.65,0.01,77880
2026-02-11,Crypto,-190372.52,-470464.25,280091.73,1.34,27294294
2026-02-11,Economics,6926.84,-6541.93,13468.77,3134.42,2243281
2026-02-11,Elections,-1500.35,-1798.19,297.84,0.0,68065
2026-02-11,Entertainment,-56447.42,-72922.26,16474.84,0.0,2627204
2026-02-11,Financials,-95438.82,-104365.67,8926.85,0.0,1381143
2026-02-11,Mentions,-13240.12,-43758.76,30518.64,0.0,5080599
2026-02-11,Non-parlay sports,2332805.27,-612206.2,2945011.47,580726.05,262367278
2026-02-11,Other non-sports,-2067.11,-2276.12,209.01,0.0,48201
2026-02-11,Parlays,-71298.69,-298556.2,227257.51,0.0,32346626
2026-02-11,Politics,-78520.06,-100920.01,22399.95,0.0,3693766
2026-02-11,Science and Technology,-7021.17,-10258.82,3237.65,323.94,428266
2026-02-12,Climate and Weather,-27091.76,-43962.87,16871.11,0.0,2954059
2026-02-12,Companies,-7129.34,-8456.95,1327.61,0.0,241174
2026-02-12,Crypto,-201771.89,-470398.7,268626.81,0.46,26639997
2026-02-12,Economics,-22113.3,-29843.05,7729.75,1710.92,1162943
2026-02-12,Elections,-4016.38,-4572.52,556.14,0.0,179549
2026-02-12,Entertainment,-59889.85,-71383.83,11493.98,0.0,2454124
2026-02-12,Financials,-21466.53,-28705.27,7238.74,0.0,1187795
2026-02-12,Mentions,-217160.59,-268608.72,51448.13,0.0,8039083
2026-02-12,Non-parlay sports,-2565969.04,-5077121.51,2511152.47,457592.15,236305616
2026-02-12,Other non-sports,-2683.78,-2918.5,234.72,0.0,28667
2026-02-12,Parlays,-688739.36,-873883.59,185144.23,0.0,21956678
2026-02-12,Politics,-172014.82,-199977.72,27962.9,0.0,7725039
2026-02-12,Science and Technology,-8842.58,-10509.71,1667.13,260.55,282344
2026-02-13,Climate and Weather,-12535.29,-28633.52,16098.23,0.0,2898950
2026-02-13,Companies,-7044.04,-7871.75,827.71,0.24,74874
2026-02-13,Crypto,-237936.79,-571869.22,333932.43,0.5,31825706
2026-02-13,Economics,-52442.81,-61374.88,8932.07,1681.82,1478998
2026-02-13,Elections,-2181.02,-2894.4,713.38,0.0,279746
2026-02-13,Entertainment,-20024.54,-30824.2,10799.66,0.0,1955705
2026-02-13,Financials,51885.11,44361.39,7523.72,0.0,1212681
2026-02-13,Mentions,-138151.77,-164116.03,25964.26,0.0,3689336
2026-02-13,Non-parlay sports,-1434352.65,-3622338.6,2187985.95,365277.31,207925903
2026-02-13,Other non-sports,-2768.34,-3056.55,288.21,0.0,43676
2026-02-13,Parlays,-138450.84,-240551.56,102100.72,0.0,13277110
2026-02-13,Politics,-283871.14,-346654.46,62783.32,0.0,20657124
2026-02-13,Science and Technology,-8254.31,-9383.0,1128.69,200.67,415941
2026-02-14,Climate and Weather,-33022.25,-48436.53,15414.28,0.0,3589409
2026-02-14,Companies,2233.76,1937.15,296.61,0.1,33864
2026-02-14,Crypto,-213245.74,-478673.4,265427.66,3.17,26119129
2026-02-14,Economics,-48270.2,-51094.13,2823.93,334.16,640237
2026-02-14,Elections,-1845.42,-2261.91,416.49,0.0,217409
2026-02-14,Entertainment,-14075.52,-23319.66,9244.14,0.0,1588985
2026-02-14,Financials,6413.99,5928.74,485.25,0.0,44944
2026-02-14,Mentions,-17075.78,-20996.64,3920.86,0.0,790880
2026-02-14,Non-parlay sports,-1761088.45,-5447985.48,3686897.03,716302.79,338770897
2026-02-14,Other non-sports,-2007.5,-2212.3,204.8,0.0,24177
2026-02-14,Parlays,86213.69,-118920.9,205134.59,0.0,26451091
2026-02-14,Politics,-59244.49,-76074.13,16829.64,0.0,10476026
2026-02-14,Science and Technology,-16438.1,-18211.62,1773.52,382.76,371936
2026-02-15,Climate and Weather,-18747.38,-33162.41,14415.03,0.0,2341463
2026-02-15,Companies,1857.53,1599.24,258.29,0.0,33155
2026-02-15,Crypto,-129898.53,-398993.28,269094.75,3.87,26550283
2026-02-15,Economics,-79700.4,-86923.6,7223.2,397.9,2178135
2026-02-15,Elections,1382.74,1019.0,363.74,0.0,151270
2026-02-15,Entertainment,857.55,-8506.36,9363.91,0.0,1734968
2026-02-15,Financials,84227.81,67370.31,16857.5,0.0,1669867
2026-02-15,Mentions,-88498.63,-106127.46,17628.83,0.0,4792041
2026-02-15,Non-parlay sports,-2696144.93,-5628551.32,2932406.39,485237.51,280917093
2026-02-15,Other non-sports,-1662.01,-1875.24,213.23,0.0,28145
2026-02-15,Parlays,-329716.69,-453138.52,123421.83,0.0,16079356
2026-02-15,Politics,-24569.2,-34783.57,10214.37,0.0,2137043
2026-02-15,Science and Technology,-4381.27,-5595.51,1214.24,231.86,175705
2026-02-16,Climate and Weather,-22425.46,-42100.93,19675.47,0.0,3392428
2026-02-16,Companies,420.32,-11.13,431.45,0.55,52418
2026-02-16,Crypto,-120197.72,-441581.99,321384.27,1.32,31521652
2026-02-16,Economics,-5697.92,-7729.55,2031.63,424.65,325609
2026-02-16,Elections,138.79,-317.46,456.25,0.0,162613
2026-02-16,Entertainment,6527.46,-4414.9,10942.36,0.0,1658493
2026-02-16,Financials,-4004.3,-4760.9,756.6,0.0,567399
2026-02-16,Mentions,-30314.68,-45491.29,15176.61,0.0,4469852
2026-02-16,Non-parlay sports,-2876837.45,-5147440.1,2270602.65,400129.76,202330866
2026-02-16,Other non-sports,-3934.3,-4348.62,414.32,0.0,49788
2026-02-16,Parlays,-34786.9,-144203.82,109416.92,0.0,14585826
2026-02-16,Politics,-32763.01,-45510.77,12747.76,0.0,2841414
2026-02-16,Science and Technology,-14226.05,-17237.83,3011.78,650.37,303735
2026-02-17,Climate and Weather,-13613.69,-33086.77,19473.08,0.0,2898479
2026-02-17,Companies,-691.27,-1156.75,465.48,1.2,67238
2026-02-17,Crypto,-100258.74,-414951.41,314692.67,0.8,30705865
2026-02-17,Economics,-52851.46,-56563.0,3711.54,698.82,734146
2026-02-17,Elections,-1275.84,-1579.47,303.63,0.0,34432
2026-02-17,Entertainment,-3000.19,-14135.01,11134.82,0.0,1588174
2026-02-17,Financials,2635.47,-2231.93,4867.4,0.0,751407
2026-02-17,Mentions,22195.34,-1858.67,24054.01,0.0,5718610
2026-02-17,Non-parlay sports,-1055911.56,-3650449.74,2594538.18,475123.48,230772937
2026-02-17,Other non-sports,-394.34,-628.57,234.23,0.0,36129
2026-02-17,Parlays,-454430.37,-638223.27,183792.9,0.0,26532007
2026-02-17,Politics,-125988.68,-150870.76,24882.08,0.0,5340375
2026-02-17,Science and Technology,-15899.14,-18131.36,2232.22,465.62,306719
2026-02-18,Climate and Weather,4342.74,-12352.79,16695.53,0.0,2645497
2026-02-18,Companies,-463.7,-841.71,378.01,8.45,56425
2026-02-18,Crypto,-338846.84,-671257.39,332410.55,7.05,32029846
2026-02-18,Economics,-32528.65,-38297.57,5768.92,1198.72,1118775
2026-02-18,Elections,1630.1,1181.39,448.71,0.0,51602
2026-02-18,Entertainment,-32293.49,-44487.54,12194.05,0.0,2466677
2026-02-18,Financials,-12111.53,-16251.04,4139.51,0.0,632498
2026-02-18,Mentions,-93212.54,-127748.46,34535.92,0.0,7088212
2026-02-18,Non-parlay sports,-2166152.61,-5084353.3,2918200.69,560860.77,270600222
2026-02-18,Other non-sports,-2066.42,-2323.01,256.59,0.0,39369
2026-02-18,Parlays,-931376.11,-1116304.94,184928.83,0.0,25201408
2026-02-18,Politics,-118396.21,-143912.08,25515.87,0.0,6157883
2026-02-18,Science and Technology,-460.88,-4919.87,4458.99,845.49,404616
2026-02-19,Climate and Weather,-29807.2,-48258.96,18451.76,0.0,3022629
2026-02-19,Companies,1701.71,1419.77,281.94,2.97,41416
2026-02-19,Crypto,-42911.32,-338583.69,295672.37,1.02,27846428
2026-02-19,Economics,-154900.05,-168165.14,13265.09,1932.53,1772688
2026-02-19,Elections,-6792.91,-7178.05,385.14,0.0,36780
2026-02-19,Entertainment,-21082.48,-34345.99,13263.51,0.0,2226645
2026-02-19,Financials,-10485.14,-15771.67,5286.53,0.0,790089
2026-02-19,Mentions,-139530.53,-169235.67,29705.14,0.0,4694239
2026-02-19,Non-parlay sports,257049.92,-2508453.77,2765503.69,535421.7,261659926
2026-02-19,Other non-sports,-3007.16,-3372.09,364.93,0.0,52497
2026-02-19,Parlays,-293494.86,-512920.0,219425.14,0.0,30349668
2026-02-19,Politics,-80793.22,-97902.95,17109.73,0.0,3701624
2026-02-19,Science and Technology,-5135.13,-11092.13,5957.0,1148.09,626094
2026-02-20,Climate and Weather,5546.87,-13474.4,19021.27,0.0,3375383
2026-02-20,Companies,-166.15,-595.74,429.59,0.01,66045
2026-02-20,Crypto,197050.88,-150128.54,347179.42,0.8,33730720
2026-02-20,Economics,-39762.36,-45366.92,5604.56,1256.24,1315194
2026-02-20,Elections,1174.58,778.61,395.97,0.0,40843
2026-02-20,Entertainment,-18371.78,-30284.87,11913.09,0.0,1972387
2026-02-20,Financials,39940.95,32818.68,7122.27,0.0,1091757
2026-02-20,Mentions,-75939.81,-114849.13,38909.32,0.0,5676137
2026-02-20,Non-parlay sports,251494.66,-2584827.98,2836322.64,544954.71,250648824
2026-02-20,Other non-sports,-1103.04,-1229.37,126.33,0.0,21495
2026-02-20,Parlays,1188512.11,983586.94,204925.17,0.0,28418249
2026-02-20,Politics,-209543.81,-235389.42,25845.61,0.0,6374076
2026-02-20,Science and Technology,-3617.88,-4905.09,1287.21,230.47,272998
2026-02-21,Climate and Weather,41922.88,18339.86,23583.02,0.0,3424292
2026-02-21,Companies,-8815.32,-9253.81,438.49,0.02,72853
2026-02-21,Crypto,-239498.27,-487407.3,247909.03,0.06,25360403
2026-02-21,Economics,-9972.91,-11597.11,1624.2,317.71,434742
2026-02-21,Elections,6184.15,5804.17,379.98,0.0,37812
2026-02-21,Entertainment,30384.6,20707.51,9677.09,0.0,1588145
2026-02-21,Financials,-487.41,-684.61,197.2,0.0,22285
2026-02-21,Mentions,-49957.55,-72713.81,22756.26,0.0,3288149
2026-02-21,Non-parlay sports,-1814158.17,-6268577.33,4454419.16,870814.1,384307068
2026-02-21,Other non-sports,-952.31,-1053.27,100.96,0.0,20784
2026-02-21,Parlays,-1382127.18,-1718721.97,336594.79,0.0,48366568
2026-02-21,Politics,16567.75,8600.31,7967.44,0.0,1275613
2026-02-21,Science and Technology,-1489.87,-2280.15,790.28,105.96,217719
2026-02-22,Climate and Weather,9039.71,-22415.48,31455.19,0.0,4503700
2026-02-22,Companies,973.91,697.41,276.5,0.0,62508
2026-02-22,Crypto,-227707.4,-497936.17,270228.77,1.4,27743127
2026-02-22,Economics,31591.24,27219.08,4372.16,590.89,1081050
2026-02-22,Elections,-3538.69,-3789.94,251.25,0.0,42293
2026-02-22,Entertainment,61609.25,42974.11,18635.14,0.0,3360663
2026-02-22,Financials,-14954.23,-15813.51,859.28,0.0,376209
2026-02-22,Mentions,-81436.7,-101142.76,19706.06,0.0,3470720
2026-02-22,Non-parlay sports,-1016509.8,-4701483.25,3684973.45,692528.98,319715029
2026-02-22,Other non-sports,-955.29,-1065.65,110.36,0.0,22005
2026-02-22,Parlays,-1072383.06,-1390726.63,318343.57,0.0,42883869
2026-02-22,Politics,15327.21,1829.03,13498.18,0.0,2321702
2026-02-22,Science and Technology,-1685.43,-2120.82,435.39,59.82,120716
2026-02-24,Climate and Weather,-35701.68,-54797.55,19095.87,0.0,4210946
2026-02-24,Companies,-2591.26,-2888.26,297.0,1.52,88923
2026-02-24,Crypto,-107967.13,-467999.75,360032.62,1.93,35425915
2026-02-24,Economics,-7375.6,-10112.14,2736.54,592.02,627010
2026-02-24,Elections,3411.44,2525.31,886.13,0.0,119208
2026-02-24,Entertainment,-28851.52,-39827.38,10975.86,0.0,2297999
2026-02-24,Financials,20076.33,14011.71,6064.62,0.0,918065
2026-02-24,Mentions,-1787168.24,-2096800.59,309632.35,0.0,35944546
2026-02-24,Non-parlay sports,-758105.33,-3440439.83,2682334.5,523051.9,239261366
2026-02-24,Other non-sports,-246.46,-352.0,105.54,0.0,20658
2026-02-24,Parlays,-944767.52,-1220145.14,275377.62,0.0,39349176
2026-02-24,Politics,-445164.73,-529852.34,84687.61,0.0,16806354
2026-02-24,Science and Technology,-403.92,-981.74,577.82,54.9,305155
2026-02-26,Climate and Weather,-15261.0,-31351.02,16090.02,0.0,3134795
2026-02-26,Companies,-1922.78,-2280.8,358.02,1.89,140178
2026-02-26,Crypto,-441321.95,-791524.98,350203.03,0.29,35557986
2026-02-26,Economics,-3208.97,-6179.31,2970.34,556.38,649014
2026-02-26,Elections,-2305.5,-3267.87,962.37,0.0,118500
2026-02-26,Entertainment,-63751.62,-74962.43,11210.81,0.0,3263255
2026-02-26,Financials,46514.88,38427.02,8087.86,0.0,1086463
2026-02-26,Mentions,-80566.56,-102413.58,21847.02,0.0,2690534
2026-02-26,Non-parlay sports,-32480.27,-2941338.48,2908858.21,580388.57,269893942
2026-02-26,Other non-sports,-945.62,-1158.37,212.75,0.0,51888
2026-02-26,Parlays,94417.48,-155450.19,249867.67,0.0,33417077
2026-02-26,Politics,-62964.3,-80765.48,17801.18,0.0,2817075
2026-02-26,Science and Technology,-16021.6,-17501.25,1479.65,46.57,389505
2026-02-27,Climate and Weather,-14325.04,-28570.65,14245.61,0.0,2432861
2026-02-27,Companies,-4323.56,-4804.53,480.97,2.87,238092
2026-02-27,Crypto,-443953.06,-804295.6,360342.54,1.17,35941061
2026-02-27,Economics,63504.74,57492.85,6011.89,1011.37,1164272
2026-02-27,Elections,-2914.78,-4263.61,1348.83,0.0,124831
2026-02-27,Entertainment,6421.2,-4516.71,10937.91,0.0,1924968
2026-02-27,Financials,12010.09,2375.74,9634.35,0.0,1216545
2026-02-27,Mentions,40748.67,4377.35,36371.32,0.0,4428323
2026-02-27,Non-parlay sports,-866070.77,-3740259.79,2874189.02,546356.94,243121691
2026-02-27,Other non-sports,-957.25,-1060.92,103.67,0.0,36553
2026-02-27,Parlays,186755.98,-48032.03,234788.01,0.0,31735487
2026-02-27,Politics,-109668.8,-128967.82,19299.02,0.0,3011737
2026-02-27,Science and Technology,-297.26,-1014.68,717.42,32.49,271507
2026-02-28,Climate and Weather,-11760.26,-26036.89,14276.63,0.0,2673771
2026-02-28,Companies,-9265.2,-10054.56,789.36,0.0,688250
2026-02-28,Crypto,-198848.22,-544867.89,346019.67,3.86,35886513
2026-02-28,Economics,-18340.63,-23712.95,5372.32,450.73,969622
2026-02-28,Elections,-743.51,-1144.7,401.19,0.0,44949
2026-02-28,Entertainment,-20413.73,-30126.51,9712.78,0.0,1965114
2026-02-28,Financials,-2746.88,-2867.31,120.43,0.0,22170
2026-02-28,Mentions,14413.7,7121.09,7292.61,0.0,971397
2026-02-28,Non-parlay sports,-2051845.74,-6184674.67,4132828.93,796338.53,364934962
2026-02-28,Other non-sports,-211.66,-300.8,89.14,0.0,29646
2026-02-28,Parlays,675203.71,277988.92,397214.79,0.0,52556164
2026-02-28,Politics,18627.9,-23535.36,42163.26,0.0,5487630
2026-02-28,Science and Technology,-1526.64,-1681.57,154.93,4.21,121143
2026-03-01,Climate and Weather,-23230.42,-37159.04,13928.62,0.0,2847117
2026-03-01,Companies,-135.0,-561.08,426.08,0.32,408284
2026-03-01,Crypto,-6937.08,-331252.19,324315.11,0.0,32571807
2026-03-01,Economics,-69913.38,-81636.98,11723.6,398.16,2112115
2026-03-01,Elections,-2811.89,-3354.99,543.1,0.0,51075
2026-03-01,Entertainment,-19437.38,-42544.99,23107.61,0.0,3399535
2026-03-01,Financials,-17119.64,-18162.97,1043.33,0.0,104600
2026-03-01,Mentions,-68380.67,-79926.33,11545.66,0.0,2178899
2026-03-01,Non-parlay sports,-3114117.6,-6431302.41,3317184.81,612442.53,303532485
2026-03-01,Other non-sports,-297.83,-407.44,109.61,0.0,52556
2026-03-01,Parlays,-24477.49,-400121.54,375644.05,0.0,50130926
2026-03-01,Politics,22588.38,-14233.81,36822.19,0.0,4343854
2026-03-01,Science and Technology,-950.55,-1109.53,158.98,3.69,112295
2026-03-02,Climate and Weather,-5178.93,-19778.77,14599.84,0.0,2345030
2026-03-02,Companies,-309.87,-338.19,28.32,1.13,3449
2026-03-02,Crypto,-415567.11,-825294.72,409727.61,0.0,38915187
2026-03-02,Economics,11496.88,8431.11,3065.77,610.71,796125
2026-03-02,Elections,5144.4,2985.68,2158.72,0.0,198732
2026-03-02,Entertainment,-93385.92,-109021.26,15635.34,0.0,2328469
2026-03-02,Financials,62764.04,54095.38,8668.66,0.0,1352254
2026-03-02,Mentions,-246462.63,-304005.78,57543.15,0.0,8107596
2026-03-02,Non-parlay sports,-156573.3,-2378248.92,2221675.62,399999.94,195438940
2026-03-02,Other non-sports,-727.63,-807.47,79.84,0.0,35928
2026-03-02,Parlays,302497.19,54465.89,248031.3,0.0,29725131
2026-03-02,Politics,123899.92,91327.04,32572.88,0.0,3442419
2026-03-02,Science and Technology,-2451.22,-2784.01,332.79,12.99,134065
2026-03-03,Climate and Weather,1699.27,-15162.24,16861.51,0.0,3704962
2026-03-03,Companies,3255.51,2899.04,356.47,0.95,33501
2026-03-03,Crypto,-14429.28,-414753.27,400323.99,0.0,38760213
2026-03-03,Economics,12499.66,8463.9,4035.76,644.52,954038
2026-03-03,Elections,15345.83,7588.04,7757.79,0.0,813106
2026-03-03,Entertainment,-33245.45,-44956.22,11710.77,0.0,1864199
2026-03-03,Financials,4512.6,-1553.89,6066.49,0.0,1008352
2026-03-03,Mentions,-24757.32,-46960.84,22203.52,0.0,3078955
2026-03-03,Non-parlay sports,-2715248.43,-5366227.68,2650979.25,500042.04,233526899
2026-03-03,Other non-sports,-1010.55,-1106.02,95.47,0.0,51405
2026-03-03,Parlays,1123868.54,811832.1,312036.44,0.0,42690143
2026-03-03,Politics,-113954.79,-177843.08,63888.29,0.0,13593698
2026-03-03,Science and Technology,361.25,49.1,312.15,27.89,92267
2026-03-04,Climate and Weather,6547.1,-11436.83,17983.93,0.0,3180042
2026-03-04,Companies,-151.38,-173.97,22.59,0.0,1881
2026-03-04,Crypto,-83805.45,-531920.97,448115.52,0.0,45691712
2026-03-04,Economics,8681.6,4007.99,4673.61,877.98,1549164
2026-03-04,Elections,820.01,19.89,800.12,0.0,209031
2026-03-04,Entertainment,-107085.67,-120328.76,13243.09,0.0,2200212
2026-03-04,Financials,6828.23,3281.15,3547.08,0.0,582729
2026-03-04,Mentions,-95117.35,-132581.73,37464.38,0.0,5927160
2026-03-04,Non-parlay sports,-1806048.55,-4869517.12,3063468.57,570645.69,266169093
2026-03-04,Other non-sports,-279.52,-358.42,78.9,0.0,71547
2026-03-04,Parlays,-792439.93,-1112093.14,319653.21,0.0,43051656
2026-03-04,Politics,141656.79,106621.76,35035.03,0.0,15099682
2026-03-04,Science and Technology,-1262.98,-1416.67,153.69,32.13,64985
2026-03-05,Climate and Weather,-24037.22,-38589.75,14552.53,0.0,2720557
2026-03-05,Companies,-474.43,-630.46,156.03,0.26,14956
2026-03-05,Crypto,-501033.6,-878055.29,377021.69,0.0,36954029
2026-03-05,Economics,-24678.32,-31354.83,6676.51,1023.03,1068253
2026-03-05,Elections,-3831.16,-4359.15,527.99,0.0,134838
2026-03-05,Entertainment,1960.76,-9083.44,11044.2,0.0,1946698
2026-03-05,Financials,-5955.73,-10315.81,4360.08,0.0,757955
2026-03-05,Mentions,24543.08,-4448.77,28991.85,0.0,4260509
2026-03-05,Non-parlay sports,-1607714.75,-4600143.72,2992428.97,572215.98,272332042
2026-03-05,Other non-sports,-200.07,-219.76,19.69,0.0,5477
2026-03-05,Parlays,-942390.49,-1240370.18,297979.69,0.0,40281646
2026-03-05,Politics,-55269.25,-76803.76,21534.51,0.0,3464400
2026-03-05,Science and Technology,-4631.41,-5160.51,529.1,99.91,245819
2026-03-06,Climate and Weather,-24089.23,-39423.28,15334.05,0.0,2806437
2026-03-06,Companies,-854.41,-1128.94,274.53,4.1,30721
2026-03-06,Crypto,-241530.41,-614080.58,372550.17,0.0,36980199
2026-03-06,Economics,-162994.99,-171948.99,8954.0,1842.16,3341040
2026-03-06,Elections,-2129.54,-2472.66,343.12,0.0,94986
2026-03-06,Entertainment,-20577.0,-31779.87,11202.87,0.0,1758335
2026-03-06,Financials,-18373.96,-22691.65,4317.69,0.0,732415
2026-03-06,Mentions,-78962.9,-102105.41,23142.51,0.0,3275919
2026-03-06,Non-parlay sports,1909258.93,-1298286.5,3207545.43,617985.68,284711793
2026-03-06,Other non-sports,150.11,100.88,49.23,0.0,8808
2026-03-06,Parlays,339844.7,-177.27,340021.97,0.0,44817639
2026-03-06,Politics,-60574.95,-83967.11,23392.16,0.0,2453237
2026-03-06,Science and Technology,185.85,-16.44,202.29,17.9,263661
2026-03-07,Climate and Weather,-32661.17,-46959.64,14298.47,0.0,2352434
2026-03-07,Companies,-98.21,-114.3,16.09,0.08,3266
2026-03-07,Crypto,-194888.04,-487026.35,292138.31,0.0,29943914
2026-03-07,Economics,-32724.81,-36127.72,3402.91,342.44,1128950
2026-03-07,Elections,-1100.18,-1214.12,113.94,0.0,40509
2026-03-07,Entertainment,-16839.3,-28026.66,11187.36,0.0,1899987
2026-03-07,Financials,-5322.04,-5898.71,576.67,0.0,74741
2026-03-07,Mentions,-56603.59,-77863.51,21259.92,0.0,2579607
2026-03-07,Non-parlay sports,-734880.98,-5275330.8,4540449.82,793119.1,395811888
2026-03-07,Other non-sports,-24.16,-26.67,2.51,0.0,3239
2026-03-07,Parlays,-2341211.26,-2803810.39,462599.13,0.0,62508452
2026-03-07,Politics,-32114.03,-39415.24,7301.21,0.0,1176378
2026-03-07,Science and Technology,-1452.25,-1633.9,181.65,19.1,205360
2026-03-08,Climate and Weather,-11305.63,-24382.34,13076.71,0.0,2242660
2026-03-08,Companies,105.33,90.12,15.21,0.01,4613
2026-03-08,Crypto,26498.93,-265458.67,291957.6,0.0,30576166
2026-03-08,Economics,-76248.88,-85403.58,9154.7,403.7,2088610
2026-03-08,Elections,3059.35,2815.63,243.72,0.0,24843
2026-03-08,Entertainment,20870.54,11355.33,9515.21,0.0,1924542
2026-03-08,Financials,-19143.4,-20546.63,1403.23,0.0,191784
2026-03-08,Mentions,-108009.36,-123312.32,15302.96,0.0,4577567
2026-03-08,Non-parlay sports,-3892284.82,-7487053.85,3594769.03,730583.8,326818486
2026-03-08,Other non-sports,-43.15,-50.71,7.56,0.0,6265
2026-03-08,Parlays,-1306849.44,-1686011.84,379162.4,0.0,66751678
2026-03-08,Politics,-36271.86,-44548.14,8276.28,0.0,1851834
2026-03-08,Science and Technology,-2134.22,-2292.19,157.97,10.75,171072
2026-03-09,Climate and Weather,-3449.03,-18363.14,14914.11,0.0,2582667
2026-03-09,Companies,85.45,77.39,8.06,0.71,2284
2026-03-09,Crypto,-320580.06,-674807.41,354227.35,0.0,36739086
2026-03-09,Economics,-14060.99,-17891.45,3830.46,692.76,1324947
2026-03-09,Elections,569.66,144.29,425.37,0.0,55697
2026-03-09,Entertainment,7575.23,-6587.8,14163.03,0.0,2335658
2026-03-09,Financials,1347.01,-6861.46,8208.47,0.0,1190469
2026-03-09,Mentions,-4126.79,-27117.3,22990.51,0.0,3532126
2026-03-09,Non-parlay sports,-3259930.16,-5692922.67,2432992.51,428449.19,216020686
2026-03-09,Other non-sports,-184.37,-199.95,15.58,0.0,16180
2026-03-09,Parlays,-570131.86,-816559.05,246427.19,0.0,31184913
2026-03-09,Politics,-49048.76,-53470.94,4422.18,0.0,998298
2026-03-09,Science and Technology,-1404.79,-1525.42,120.63,5.87,99453
2026-03-10,Climate and Weather,-25078.54,-41412.45,16333.91,0.0,4248863
2026-03-10,Companies,-43.47,-71.79,28.32,1.41,4797
2026-03-10,Crypto,-323573.92,-702137.52,378563.6,0.0,38096076
2026-03-10,Economics,-18576.68,-24389.86,5813.18,1025.42,1090500
2026-03-10,Elections,-2525.72,-3085.36,559.64,0.0,56178
2026-03-10,Entertainment,18562.64,3902.76,14659.88,0.0,2154030
2026-03-10,Financials,-6245.87,-17917.66,11671.79,0.0,1588043
2026-03-10,Mentions,-120203.42,-144521.59,24318.17,0.0,4346788
2026-03-10,Non-parlay sports,-2369438.47,-5363425.21,2993986.74,531059.43,262206117
2026-03-10,Other non-sports,8.89,5.27,3.62,0.0,1630
2026-03-10,Parlays,-708733.61,-1041633.29,332899.68,0.0,51754362
2026-03-10,Politics,-8499.21,-10616.19,2116.98,0.0,928960
2026-03-10,Science and Technology,-769.65,-832.67,63.02,6.93,31938
2026-03-11,Climate and Weather,-63720.46,-84219.7,20499.24,0.0,4030741
2026-03-11,Companies,-116.02,-124.56,8.54,0.0,3130
2026-03-11,Crypto,-251854.93,-589147.74,337292.81,0.0,34292158
2026-03-11,Economics,2081.85,-3135.47,5217.32,836.54,2313798
2026-03-11,Elections,-1491.98,-2323.8,831.82,0.0,82719
2026-03-11,Entertainment,-36266.3,-51886.48,15620.18,0.0,2267930
2026-03-11,Financials,28821.18,19646.32,9174.86,0.0,1188491
2026-03-11,Mentions,-100809.11,-127444.16,26635.05,0.0,3744766
2026-03-11,Non-parlay sports,-5208628.17,-8568609.42,3359981.25,653740.63,298805099
2026-03-11,Other non-sports,186.07,165.98,20.09,0.0,7397
2026-03-11,Parlays,-774069.5,-1131014.0,356944.5,0.0,51136873
2026-03-11,Politics,-387.77,-1850.07,1462.3,0.0,314430
2026-03-11,Science and Technology,4315.33,4225.96,89.37,6.71,47288
2026-03-12,Climate and Weather,-25255.55,-38934.39,13678.84,0.0,3480334
2026-03-12,Companies,-298.2,-318.11,19.91,0.0,2939
2026-03-12,Crypto,-188926.79,-445612.07,256685.28,0.0,26191513
2026-03-12,Economics,-9403.09,-12321.12,2918.03,317.58,2053127
2026-03-12,Elections,-9608.17,-10531.74,923.57,0.0,66873
2026-03-12,Entertainment,-475.62,-20509.49,20033.87,0.0,2805516
2026-03-12,Financials,-9370.57,-17955.25,8584.68,0.0,1284920
2026-03-12,Mentions,-50113.09,-69894.33,19781.24,0.0,2705681
2026-03-12,Non-parlay sports,-1822142.5,-5057484.65,3235342.15,675839.38,305434373
2026-03-12,Other non-sports,2.37,0.52,1.85,0.0,1372
2026-03-12,Parlays,1204448.7,870319.25,334129.45,0.0,46248594
2026-03-12,Politics,-10819.16,-12222.33,1403.17,0.0,222862
2026-03-12,Science and Technology,9217.4,8935.87,281.53,5.36,81218
2026-03-13,Climate and Weather,-51565.35,-65526.79,13961.44,0.0,2816834
2026-03-13,Companies,-11.49,-13.3,1.81,0.0,407
2026-03-13,Crypto,-119538.94,-520757.46,401218.52,0.0,40291235
2026-03-13,Economics,-10008.93,-12115.12,2106.19,161.15,1168304
2026-03-13,Elections,3539.9,2141.23,1398.67,0.0,101708
2026-03-13,Entertainment,-18275.35,-40058.97,21783.62,0.0,3155105
2026-03-13,Financials,4385.52,-4908.18,9293.7,0.0,1409850
2026-03-13,Mentions,-78637.94,-92221.53,13583.59,0.0,2187683
2026-03-13,Non-parlay sports,-409474.23,-3761905.54,3352431.31,689483.52,309075587
2026-03-13,Other non-sports,2.33,-1.69,4.02,0.0,2154
2026-03-13,Parlays,1041324.05,675687.12,365636.93,0.0,67892208
2026-03-13,Politics,-7385.76,-9480.74,2094.98,0.0,427205
2026-03-13,Science and Technology,-1127.04,-1244.12,117.08,7.39,121008
2026-03-14,Climate and Weather,-16733.6,-29519.98,12786.38,0.0,2344193
2026-03-14,Companies,-58.79,-63.23,4.44,0.0,747
2026-03-14,Crypto,-92318.8,-342657.29,250338.49,0.0,26103527
2026-03-14,Economics,-4696.44,-7192.97,2496.53,113.49,912673
2026-03-14,Elections,-7781.05,-8543.35,762.3,0.0,56620
2026-03-14,Entertainment,-35208.7,-70373.86,35165.16,0.0,5348517
2026-03-14,Financials,-203.77,-906.37,702.6,0.0,68577
2026-03-14,Mentions,-38526.92,-43109.78,4582.86,0.0,957754
2026-03-14,Non-parlay sports,-4965569.7,-9064726.17,4099156.47,608706.89,367043380
2026-03-14,Other non-sports,-15.96,-25.82,9.86,0.0,6178
2026-03-14,Parlays,-702322.92,-1123182.91,420859.99,0.0,57365739
2026-03-14,Politics,-2744.04,-3833.1,1089.06,0.0,258763
2026-03-14,Science and Technology,-382.6,-443.92,61.32,4.49,66332
2026-03-15,Climate and Weather,100700.23,86022.0,14678.23,0.0,2700286
2026-03-15,Companies,-45.42,-49.86,4.44,0.08,481
2026-03-15,Crypto,36730.94,-260854.29,297585.23,0.0,30996357
2026-03-15,Economics,-25452.03,-28657.14,3205.11,271.89,1910748
2026-03-15,Elections,-26.77,-707.43,680.66,0.0,70796
2026-03-15,Entertainment,46952.9,-223899.22,270852.12,0.0,43176670
2026-03-15,Financials,-13384.35,-14592.42,1208.07,0.0,103209
2026-03-15,Mentions,-173845.23,-190771.95,16926.72,0.0,2667658
2026-03-15,Non-parlay sports,-995998.5,-4509117.83,3513119.33,460762.66,305952325
2026-03-15,Other non-sports,-30.43,-36.19,5.76,0.0,4949
2026-03-15,Parlays,-2246615.18,-2598878.03,352262.85,0.0,45781361
2026-03-15,Politics,-10974.6,-12217.55,1242.95,0.0,262957
2026-03-15,Science and Technology,-158.13,-197.4,39.27,7.62,12863
2026-03-16,Climate and Weather,-26817.6,-41675.67,14858.07,0.0,3375127
2026-03-16,Companies,-5.15,-10.68,5.53,0.01,765
2026-03-16,Crypto,-159043.82,-611896.45,452852.63,0.0,44537042
2026-03-16,Economics,-13964.61,-15240.97,1276.36,225.34,1382177
2026-03-16,Elections,-1417.77,-3727.26,2309.49,0.0,227360
2026-03-16,Entertainment,-8933.8,-11282.57,2348.77,0.0,920311
2026-03-16,Financials,-36768.96,-47174.73,10405.77,0.0,1104532
2026-03-16,Mentions,14466.04,-5471.38,19937.42,0.0,3099438
2026-03-16,Non-parlay sports,1575962.31,-317177.67,1893139.98,346520.98,171612303
2026-03-16,Other non-sports,-149.6,-166.81,17.21,0.0,17177
2026-03-16,Parlays,1661880.39,1422296.81,239583.58,0.0,35102366
2026-03-16,Politics,-24067.62,-26574.48,2506.86,0.0,414831
2026-03-16,Science and Technology,2010.12,1922.39,87.73,8.53,22190
2026-03-17,Climate and Weather,-23958.65,-39115.7,15157.05,0.0,2786491
2026-03-17,Companies,16.22,7.34,8.88,0.0,4835
2026-03-17,Crypto,-234294.92,-609181.71,374886.79,0.0,37591487
2026-03-17,Economics,-13210.57,-14542.23,1331.66,277.09,1552276
2026-03-17,Elections,-23752.22,-30156.48,6404.26,0.0,868979
2026-03-17,Entertainment,-4192.27,-5753.6,1561.33,0.0,358517
2026-03-17,Financials,-3233.52,-12261.41,9027.89,0.0,1105526
2026-03-17,Mentions,-18065.65,-45707.06,27641.41,0.0,3895187
2026-03-17,Non-parlay sports,17938.63,-2521528.02,2539466.65,413966.06,233461623
2026-03-17,Other non-sports,-91.92,-104.14,12.22,0.0,11453
2026-03-17,Parlays,1638101.78,1337874.03,300227.75,0.0,47710981
2026-03-17,Politics,-25266.68,-34468.95,9202.27,0.0,1128121
2026-03-17,Science and Technology,161.76,98.31,63.45,9.25,21250
2026-03-18,Climate and Weather,-59003.44,-76068.83,17065.39,0.0,3774554
2026-03-18,Companies,-131.19,-153.65,22.46,5.26,4737
2026-03-18,Crypto,-416148.14,-869405.19,453257.05,0.0,43711917
2026-03-18,Economics,-30190.1,-32747.88,2557.78,458.6,2706310
2026-03-18,Elections,-4163.83,-4486.69,322.86,0.0,65672
2026-03-18,Entertainment,6946.22,5219.75,1726.47,0.0,406349
2026-03-18,Financials,-40787.88,-45226.88,4439.0,0.0,945220
2026-03-18,Mentions,-66893.59,-102466.51,35572.92,0.0,5218046
2026-03-18,Non-parlay sports,384404.51,-1989205.83,2373610.34,404028.74,212950476
2026-03-18,Other non-sports,-54.53,-62.07,7.54,0.0,6050
2026-03-18,Parlays,-752384.79,-1095047.75,342662.96,0.0,48297102
2026-03-18,Politics,-4546.99,-5057.92,510.93,0.0,126592
2026-03-18,Science and Technology,12765.51,12462.56,302.95,5.38,49694
2026-03-19,Climate and Weather,-23892.97,-29557.5,5664.53,0.0,1600089
2026-03-19,Companies,-30.89,-33.19,2.3,0.0,633
2026-03-19,Crypto,-170354.52,-363618.23,193263.71,0.0,20008947
2026-03-19,Economics,-1028.35,-1198.07,169.72,23.44,43247
2026-03-19,Elections,-4550.88,-4819.09,268.21,0.0,25003
2026-03-19,Entertainment,-16346.09,-18353.68,2007.59,0.0,434486
2026-03-19,Financials,-930.86,-1095.34,164.48,0.0,39290
2026-03-19,Mentions,-189173.89,-210926.75,21752.86,0.0,4208729
2026-03-19,Non-parlay sports,-3713485.52,-8088503.02,4375017.5,1009626.0,441555855
2026-03-19,Other non-sports,3.64,3.4,0.24,0.0,52
2026-03-19,Parlays,-1410784.54,-1861112.15,450327.61,0.0,67526933
2026-03-19,Politics,-5020.72,-5615.21,594.49,0.0,131150
2026-03-19,Science and Technology,127.25,-88.2,215.45,7.07,61551
2026-03-19,Unknown,-19.6,-19.64,0.04,0.0,40
2026-03-20,Climate and Weather,28949.1,22356.23,6592.87,0.0,1153110
2026-03-20,Companies,24.2,20.97,3.23,0.03,474
2026-03-20,Crypto,-20196.12,-250966.81,230770.69,0.0,21925193
2026-03-20,Economics,-68.34,-305.83,237.49,8.68,19845
2026-03-20,Elections,-433.87,-792.92,359.05,0.0,28998
2026-03-20,Entertainment,-14122.69,-16005.27,1882.58,0.0,365881
2026-03-20,Financials,-489.68,-508.54,18.86,0.0,2499
2026-03-20,Mentions,-19648.91,-27447.94,7799.03,0.0,1106097
2026-03-20,Non-parlay sports,-1784986.86,-5935374.93,4150388.07,936756.65,393168405
2026-03-20,Other non-sports,1.25,1.16,0.09,0.0,125
2026-03-20,Parlays,1980423.86,1513015.5,467408.36,0.0,67405853
2026-03-20,Politics,504.79,-436.93,941.72,0.0,125999
2026-03-20,Science and Technology,70061.2,67171.98,2889.22,8.92,340239
2026-03-21,Climate and Weather,-2442.7,-6653.81,4211.11,0.0,1013808
2026-03-21,Companies,-1883.6,-2001.32,117.72,0.0,15368
2026-03-21,Crypto,133176.84,-122731.64,255908.48,0.0,23553529
2026-03-21,Economics,692.81,561.72,131.09,4.31,9400
2026-03-21,Elections,-1489.53,-1878.83,389.3,0.0,37101
2026-03-21,Entertainment,-14566.38,-16437.07,1870.69,0.0,335466
2026-03-21,Financials,-437.34,-462.3,24.96,0.0,5785
2026-03-21,Mentions,-11298.47,-16967.23,5668.76,0.0,1135661
2026-03-21,Non-parlay sports,1735235.26,-2456211.68,4191446.94,854268.38,382900299
2026-03-21,Other non-sports,22.2,21.04,1.16,0.0,78
2026-03-21,Parlays,105823.93,-434335.65,540159.58,0.0,76255746
2026-03-21,Politics,-2646.36,-3159.77,513.41,0.0,130900
2026-03-21,Science and Technology,-106.54,-473.79,367.25,11.1,127181
2026-03-22,Climate and Weather,-4191.23,-7606.68,3415.45,0.0,1265021
2026-03-22,Companies,134.74,113.61,21.13,0.29,3562
2026-03-22,Crypto,-77545.29,-331743.48,254198.19,0.0,23694610
2026-03-22,Economics,-902.72,-1167.37,264.65,6.7,20946
2026-03-22,Elections,3212.47,2886.35,326.12,0.0,33803
2026-03-22,Entertainment,-24655.85,-27066.79,2410.94,0.0,441560
2026-03-22,Financials,-2078.86,-2131.23,52.37,0.0,13610
2026-03-22,Mentions,-17839.14,-22899.1,5059.96,0.0,1348186
2026-03-22,Non-parlay sports,-5285690.28,-9692903.16,4407212.88,878691.67,383849893
2026-03-22,Parlays,-3310980.25,-3835877.35,524897.1,0.0,70630217
2026-03-22,Politics,-3458.02,-4548.79,1090.77,0.0,212944
2026-03-22,Science and Technology,-557.6,-616.03,58.43,13.17,18057
2026-03-23,Climate and Weather,-657.5,-3685.98,3028.48,0.0,976900
2026-03-23,Companies,34.89,22.33,12.56,0.0,1931
2026-03-23,Crypto,-9047.95,-259730.75,250682.8,0.0,24301885
2026-03-23,Economics,1046.62,722.62,324.0,8.47,23334
2026-03-23,Elections,5229.23,4802.54,426.69,0.0,52586
2026-03-23,Entertainment,-18542.46,-20964.78,2422.32,0.0,752315
2026-03-23,Financials,-1231.83,-1486.67,254.84,0.0,66498
2026-03-23,Mentions,-25324.18,-39496.07,14171.89,0.0,2632635
2026-03-23,Non-parlay sports,-5070334.18,-7486447.82,2416113.64,402059.1,216088744
2026-03-23,Parlays,-1877231.87,-2159343.87,282112.0,0.0,52952417
2026-03-23,Politics,-3037.99,-4228.49,1190.5,0.0,204505
2026-03-23,Science and Technology,25.22,-32.25,57.47,5.99,15773
2026-03-24,Climate and Weather,-1613.83,-4385.24,2771.41,0.0,817256
2026-03-24,Companies,109.29,96.58,12.71,0.0,1957
2026-03-24,Crypto,-39795.9,-291693.44,251897.54,0.0,23580396
2026-03-24,Economics,51.01,-133.88,184.89,4.76,13809
2026-03-24,Elections,48849.91,47345.53,1504.38,0.0,232078
2026-03-24,Entertainment,-4597.93,-5971.08,1373.15,0.0,509632
2026-03-24,Financials,3417.08,3109.56,307.52,0.0,56403
2026-03-24,Mentions,34873.26,8398.64,26474.62,0.0,4284310
2026-03-24,Non-parlay sports,-1724780.9,-3598699.87,1873918.97,316783.27,173252399
2026-03-24,Other non-sports,0.01,0.0,0.01,0.0,1
2026-03-24,Parlays,1382295.49,1150042.26,232253.23,0.0,32148462
2026-03-24,Politics,10030.33,6405.05,3625.28,0.0,690746
2026-03-24,Science and Technology,-402.25,-450.76,48.51,8.73,17369
2026-03-25,Climate and Weather,-1362.95,-4644.84,3281.89,0.0,868213
2026-03-25,Companies,622.75,539.31,83.44,0.35,11930
2026-03-25,Crypto,-41706.34,-298076.96,256370.62,0.0,24027695
2026-03-25,Economics,1105.59,924.97,180.62,7.1,17936
2026-03-25,Elections,380.78,174.93,205.85,0.0,31551
2026-03-25,Entertainment,-17152.83,-18893.82,1740.99,0.0,661306
2026-03-25,Financials,-1763.26,-1996.54,233.28,0.0,54342
2026-03-25,Mentions,-131733.25,-163993.82,32260.57,0.0,5156290
2026-03-25,Non-parlay sports,-2319636.2,-4481351.15,2161714.95,410369.09,187789394
2026-03-25,Other non-sports,-33.2,-35.51,2.31,0.0,1102
2026-03-25,Parlays,544243.47,248154.17,296089.3,0.0,43311784
2026-03-25,Politics,3743.63,1192.1,2551.53,0.0,345981
2026-03-25,Science and Technology,-427.28,-544.68,117.4,19.89,53753
2026-03-26,Climate and Weather,-2507.15,-6765.21,4258.06,0.0,938337
2026-03-26,Companies,-142.22,-161.3,19.08,0.28,4598
2026-03-26,Crypto,-43820.61,-289888.6,246067.99,0.0,21769480
2026-03-26,Economics,1716.49,1461.88,254.61,12.35,24517
2026-03-26,Elections,-4045.33,-4355.36,310.03,0.0,38825
2026-03-26,Entertainment,-14789.08,-16384.02,1594.94,0.0,702795
2026-03-26,Financials,-4679.3,-5155.67,476.37,0.0,91858
2026-03-26,Mentions,14177.39,-9653.28,23830.67,0.0,3186324
2026-03-26,Non-parlay sports,-3356970.96,-6149713.76,2792742.8,504889.61,246606356
2026-03-26,Other non-sports,-31.81,-33.9,2.09,0.0,460
2026-03-26,Parlays,-1832173.9,-2238312.34,406138.44,0.0,56609610
2026-03-26,Politics,20260.84,14091.8,6169.04,0.0,634255
2026-03-26,Science and Technology,955.31,852.19,103.12,12.18,44868
2026-03-27,Climate and Weather,-12212.77,-15864.28,3651.51,0.0,1517526
2026-03-27,Companies,195.84,171.07,24.77,0.2,10399
2026-03-27,Crypto,-96098.24,-384375.76,288277.52,0.0,25776282
2026-03-27,Economics,-1105.21,-1264.62,159.41,8.22,12161
2026-03-27,Elections,-1083.88,-1393.07,309.19,0.0,29693
2026-03-27,Entertainment,-13051.1,-14301.52,1250.42,0.0,716468
2026-03-27,Financials,2779.28,1956.75,822.53,0.0,189774
2026-03-27,Mentions,42079.11,17121.84,24957.27,0.0,3578916
2026-03-27,Non-parlay sports,-396828.35,-3480882.5,3084054.15,563069.1,264536760
2026-03-27,Other non-sports,-51.32,-54.04,2.72,0.0,214
2026-03-27,Parlays,192845.26,-239912.19,432757.45,0.0,62005325
2026-03-27,Politics,-16927.98,-32280.82,15352.84,0.0,1920685
2026-03-27,Science and Technology,-1847.81,-1923.93,76.12,9.58,61253
2026-03-28,Climate and Weather,-10760.75,-13947.7,3186.95,0.0,922336
2026-03-28,Companies,88.86,77.02,11.84,0.26,1861
2026-03-28,Crypto,34893.47,-190156.6,225050.07,0.0,19733658
2026-03-28,Economics,-4768.11,-4940.9,172.79,2.96,15808
2026-03-28,Elections,908.28,797.88,110.4,0.0,7868
2026-03-28,Entertainment,-9994.64,-11440.73,1446.09,0.0,481001
2026-03-28,Financials,19.81,-142.23,162.04,0.0,14129
2026-03-28,Mentions,20.03,-10971.97,10992.0,0.0,1642699
2026-03-28,Non-parlay sports,2046042.15,-1526924.89,3572967.04,620472.66,314238941
2026-03-28,Other non-sports,1.14,1.06,0.08,0.0,114
2026-03-28,Parlays,1067825.81,551955.41,515870.4,0.0,66670125
2026-03-28,Politics,-2326.84,-2666.09,339.25,0.0,77899
2026-03-28,Science and Technology,127.71,69.82,57.89,9.56,52512
2026-03-29,Climate and Weather,-8751.3,-11598.38,2847.08,0.0,1061444
2026-03-29,Companies,-65.24,-71.94,6.7,0.0,1118
2026-03-29,Crypto,30750.42,-163489.27,194239.69,0.0,18243481
2026-03-29,Economics,829.96,733.35,96.61,7.6,8372
2026-03-29,Elections,-4161.1,-4478.86,317.76,0.0,25212
2026-03-29,Entertainment,-9051.83,-10180.34,1128.51,0.0,462915
2026-03-29,Financials,-2586.4,-2869.41,283.01,0.0,25524
2026-03-29,Mentions,5939.41,-6333.02,12272.43,0.0,2965547
2026-03-29,Non-parlay sports,1155254.4,-1924936.38,3080190.78,578480.21,282447378
2026-03-29,Other non-sports,-0.02,-0.03,0.01,0.0,1
2026-03-29,Parlays,-1786872.96,-2247874.04,461001.08,0.0,59137097
2026-03-29,Politics,6294.47,5367.9,926.57,0.0,329729
2026-03-29,Science and Technology,253.91,208.83,45.08,9.48,13010
2026-03-30,Climate and Weather,-533.79,-4284.24,3750.45,0.0,759615
2026-03-30,Companies,-404.61,-439.47,34.86,0.1,4240
2026-03-30,Crypto,10638.72,-215850.39,226489.11,0.0,21700319
2026-03-30,Economics,-2106.6,-2321.02,214.42,11.31,16177
2026-03-30,Elections,1645.05,895.8,749.25,0.0,119421
2026-03-30,Entertainment,8936.96,6959.98,1976.98,0.0,564333
2026-03-30,Financials,-15963.24,-16966.84,1003.6,0.0,104039
2026-03-30,Mentions,-88944.11,-104325.82,15381.71,0.0,3685292
2026-03-30,Non-parlay sports,-3657901.63,-5904853.69,2246952.06,381291.02,206743978
2026-03-30,Other non-sports,9.18,8.38,0.8,0.0,116
2026-03-30,Parlays,-1471713.44,-1813458.03,341744.59,0.0,47206197
2026-03-30,Politics,-2132.73,-2662.11,529.38,0.0,79564
2026-03-30,Science and Technology,-317.32,-359.34,42.02,7.24,11859
2026-03-31,Climate and Weather,2844.13,-414.2,3258.33,0.0,819810
2026-03-31,Companies,-528.31,-589.49,61.18,0.0,7211
2026-03-31,Crypto,-27762.14,-243915.17,216153.03,0.0,20746185
2026-03-31,Economics,793.89,332.54,461.35,41.84,57382
2026-03-31,Elections,902.6,422.12,480.48,0.0,51832
2026-03-31,Entertainment,1801.08,-81.71,1882.79,0.0,326314
2026-03-31,Financials,-640.78,-1674.61,1033.83,0.0,137651
2026-03-31,Mentions,-65520.88,-87891.69,22370.81,0.0,3612664
2026-03-31,Non-parlay sports,-827978.01,-3299518.4,2471540.39,409989.1,214866020
2026-03-31,Parlays,-957574.89,-1291093.18,333518.29,0.0,49149053
2026-03-31,Politics,-3620.2,-4177.86,557.66,0.0,90518
2026-03-31,Science and Technology,-976.17,-1030.92,54.75,5.82,17731
2026-04-15,Climate and Weather,-1922.29,-4635.41,2713.12,0.0,629024
2026-04-15,Companies,-54.62,-64.82,10.2,0.21,1042
2026-04-15,Crypto,-74006.13,-310862.44,236856.31,0.0,24810571
2026-04-15,Economics,-1865.54,-2254.08,388.54,75.97,41914
2026-04-15,Elections,-25459.04,-29181.76,3722.72,0.0,345443
2026-04-15,Entertainment,-10022.39,-11910.47,1888.08,0.0,413713
2026-04-15,Financials,-170.17,-624.63,454.46,0.0,77277
2026-04-15,Mentions,-22436.37,-35757.67,13321.3,0.0,2558734
2026-04-15,Non-parlay sports,1863448.4,-518417.39,2381865.79,394000.83,194197002
2026-04-15,Other non-sports,-14438.83,-15449.05,1010.22,0.0,85594
2026-04-15,Parlays,47060.7,-356741.04,403801.74,0.0,83938676
2026-04-15,Politics,-2536.53,-5219.28,2682.75,0.0,407545
2026-04-16,Climate and Weather,-8709.83,-11284.34,2574.51,0.0,617319
2026-04-16,Companies,-140.6,-212.88,72.28,1.68,7146
2026-04-16,Crypto,4017.64,-263476.05,267493.69,0.0,27574538
2026-04-16,Economics,147.58,-110.01,257.59,51.49,31637
2026-04-16,Elections,-8724.74,-12190.93,3466.19,0.0,394594
2026-04-16,Entertainment,3605.72,1753.62,1852.1,0.0,429676
2026-04-16,Financials,2345.18,2008.84,336.34,0.0,61814
2026-04-16,Mentions,19199.31,-9245.72,28445.03,0.0,3737173
2026-04-16,Non-parlay sports,155380.76,-2217439.58,2372820.34,365410.55,207454711
2026-04-16,Other non-sports,-6582.37,-7598.62,1016.25,0.0,86488
2026-04-16,Parlays,-1353688.5,-1683925.38,330236.88,0.0,68669357
2026-04-16,Politics,-3639.96,-4844.16,1204.2,0.0,154259
2026-04-17,Climate and Weather,-7921.71,-11034.5,3112.79,0.0,800082
2026-04-17,Companies,67.77,-47.8,115.57,1.36,9688
2026-04-17,Crypto,-84757.03,-409798.39,325041.36,0.0,32143348
2026-04-17,Economics,-4131.79,-4977.71,845.92,106.68,92698
2026-04-17,Elections,-7583.38,-10083.36,2499.98,0.0,318741
2026-04-17,Entertainment,2829.06,676.81,2152.25,0.0,658691
2026-04-17,Financials,18.62,12.06,6.56,0.0,1103
2026-04-17,Mentions,68480.52,45426.17,23054.35,0.0,3281896
2026-04-17,Non-parlay sports,-5106512.0,-7795117.25,2688605.25,459418.5,224556163
2026-04-17,Other non-sports,83.9,-43.09,126.99,0.0,16802
2026-04-17,Parlays,-2405923.0,-2833361.51,427438.51,0.0,102224618
2026-04-17,Politics,-8137.85,-11113.68,2975.83,0.0,406487
2026-04-18,Climate and Weather,-2459.83,-4854.12,2394.29,0.0,970671
2026-04-18,Companies,-737.86,-901.23,163.37,0.04,12135
2026-04-18,Crypto,24027.15,-252198.41,276225.56,0.0,27678576
2026-04-18,Economics,2284.47,2059.03,225.44,33.38,24181
2026-04-18,Elections,-15525.15,-16847.59,1322.44,0.0,217429
2026-04-18,Entertainment,7897.81,6173.44,1724.37,0.0,376822
2026-04-18,Financials,-675.62,-700.63,25.01,0.0,10734
2026-04-18,Mentions,-21352.14,-24606.73,3254.59,0.0,686192
2026-04-18,Non-parlay sports,-703390.67,-3909660.61,3206269.94,588472.68,277837886
2026-04-18,Other non-sports,-1083.55,-1284.7,201.15,0.0,14831
2026-04-18,Parlays,-819464.58,-1387395.9,567931.32,0.0,112530321
2026-04-18,Politics,4431.6,3095.29,1336.31,0.0,199632
2026-04-18,Science and Technology,-2939.32,-3276.55,337.23,37.94,155803
2026-04-19,Climate and Weather,1957.04,-921.42,2878.46,0.0,700040
2026-04-19,Companies,-2668.94,-2803.77,134.83,0.83,10062
2026-04-19,Crypto,-46415.9,-324098.55,277682.65,0.0,26628723
2026-04-19,Economics,3861.42,3219.24,642.18,54.85,69273
2026-04-19,Elections,-11114.73,-12348.02,1233.29,0.0,203321
2026-04-19,Entertainment,2343.56,783.28,1560.28,0.0,326146
2026-04-19,Financials,-1584.65,-1657.04,72.39,0.0,44175
2026-04-19,Mentions,-22190.68,-28378.56,6187.88,0.0,2296065
2026-04-19,Non-parlay sports,-2022932.85,-4933445.85,2910513.0,502850.79,262955140
2026-04-19,Other non-sports,-4094.32,-4372.05,277.73,0.0,19148
2026-04-19,Parlays,-2056989.74,-2639107.78,582118.04,0.0,119145121
2026-04-19,Politics,-6120.78,-7493.38,1372.6,0.0,157075
2026-04-19,Science and Technology,-6720.27,-7623.3,903.03,197.28,191474
2026-04-20,Climate and Weather,-2722.64,-10691.57,7968.93,0.0,1407531
2026-04-20,Companies,-1750.44,-1868.88,118.44,0.23,10449
2026-04-20,Crypto,-70545.73,-338487.45,267941.72,0.0,26834990
2026-04-20,Economics,13066.26,12040.45,1025.81,59.98,97306
2026-04-20,Elections,-27941.62,-30501.49,2559.87,0.0,400040
2026-04-20,Entertainment,-7482.58,-10508.26,3025.68,0.0,650524
2026-04-20,Financials,842.78,490.62,352.16,0.0,84061
2026-04-20,Mentions,2926.88,-5608.34,8535.22,0.0,1486730
2026-04-20,Non-parlay sports,186541.18,-2584254.08,2770795.26,454953.49,240506525
2026-04-20,Other non-sports,-1541.41,-2552.79,1011.38,0.0,103992
2026-04-20,Parlays,-952867.25,-1415054.86,462187.61,0.0,101591651
2026-04-20,Politics,23831.32,21313.47,2517.85,0.0,353041
2026-04-20,Science and Technology,-11087.37,-13044.52,1957.15,478.96,364228
2026-04-21,Climate and Weather,1947.15,-574.55,2521.7,0.0,538008
2026-04-21,Companies,-729.74,-825.51,95.77,0.08,7588
2026-04-21,Crypto,-19841.05,-291017.84,271176.79,0.0,27264710
2026-04-21,Economics,-5489.64,-6440.42,950.78,124.88,97447
2026-04-21,Elections,-12079.93,-22716.8,10636.87,0.0,2662059
2026-04-21,Entertainment,-10281.91,-13775.26,3493.35,0.0,516605
2026-04-21,Financials,-7114.79,-7917.08,802.29,0.0,149990
2026-04-21,Mentions,-56823.02,-81038.47,24215.45,0.0,4753050
2026-04-21,Non-parlay sports,2783537.29,-877645.49,3661182.78,662423.29,307746637
2026-04-21,Other non-sports,922.98,-318.47,1241.45,0.0,121608
2026-04-21,Parlays,-3891414.67,-4473289.08,581874.41,0.0,148224222
2026-04-21,Politics,2544.92,-1382.03,3926.95,0.0,806269
2026-04-21,Science and Technology,2126.56,817.23,1309.33,300.62,285237
2026-04-22,Climate and Weather,-346.16,-5226.76,4880.6,0.0,794156.0
2026-04-22,Companies,-1510.17,-1727.62,217.45,1.09,96475.0
2026-04-22,Crypto,-5448.26,-325514.07,320065.81,0.0,29857384.0
2026-04-22,Economics,2915.26,2213.85,701.41,90.66,95727.0
2026-04-22,Elections,470998.34,467790.85,3207.49,0.0,1989925.0
2026-04-22,Entertainment,-2057.99,-5043.42,2985.43,0.0,757938.0
2026-04-22,Financials,-795.05,-1064.95,269.9,0.0,62691.0
2026-04-22,Mentions,-19596.61,-33958.81,14362.2,0.0,2912852.0
2026-04-22,Non-parlay sports,-4273669.84,-7682804.46,3409134.62,565452.52,307081165.0
2026-04-22,Other non-sports,638.15,-51.98,690.13,0.0,55205.0
2026-04-22,Parlays,-633138.77,-1136807.85,503669.08,0.0,132099806.0
2026-04-22,Politics,3641.87,1298.54,2343.33,0.0,507996.0
2026-04-22,Science and Technology,761.83,-2187.51,2949.34,747.24,452955.0
2026-04-23,Climate and Weather,-517.85,-2909.57,2391.72,0.0,719954.0
2026-04-23,Companies,-99.12,-127.35,28.23,0.0,2808.0
2026-04-23,Crypto,-143359.78,-403257.89,259898.11,0.0,25460190.0
2026-04-23,Economics,12058.71,11324.68,734.03,118.81,90670.0
2026-04-23,Elections,-4891.4,-6900.94,2009.54,0.0,794759.0
2026-04-23,Entertainment,-11532.58,-14057.0,2524.42,0.0,432535.0
2026-04-23,Financials,1344.35,567.73,776.62,0.0,156435.0
2026-04-23,Mentions,201150.58,184666.9,16483.68,0.0,3883310.0
2026-04-23,Non-parlay sports,-4604912.73,-8138035.96,3533123.23,621949.07,306442167.0
2026-04-23,Other non-sports,-393.88,-2676.57,2282.69,0.0,219709.0
2026-04-23,Parlays,-1257998.66,-1770664.53,512665.87,0.0,132831419.0
2026-04-23,Politics,7174.88,4940.12,2234.76,0.0,570826.0
2026-04-23,Science and Technology,4547.31,1424.3,3123.01,780.31,558072.0
2026-04-24,Climate and Weather,-952.99,-4138.43,3185.44,0.0,793333.0
2026-04-24,Companies,-1189.41,-1282.43,93.02,0.0,11872.0
2026-04-24,Crypto,-38047.93,-352228.28,314180.35,0.0,28976346.0
2026-04-24,Economics,-1329.04,-1944.95,615.91,83.79,67770.0
2026-04-24,Elections,1881.07,256.44,1624.63,0.0,692116.0
2026-04-24,Entertainment,-4256.35,-7612.31,3355.96,0.0,513407.0
2026-04-24,Financials,-535.62,-951.87,416.25,0.0,98019.0
2026-04-24,Mentions,-29251.38,-35564.17,6312.79,0.0,1612171.0
2026-04-24,Non-parlay sports,6725583.28,3210809.63,3514773.65,654494.67,298294641.0
2026-04-24,Other non-sports,-20.98,-21.6,0.62,0.0,38.0
2026-04-24,Parlays,2569453.49,2038061.91,531391.58,0.0,145268896.0
2026-04-24,Politics,6968.52,2089.17,4879.35,0.0,1351496.0
2026-04-24,Science and Technology,-3906.39,-4656.4,750.01,178.47,269615.0
2026-04-25,Climate and Weather,-2888.33,-5715.86,2827.53,0.0,720610.0
2026-04-25,Companies,-63.58,-124.46,60.88,0.0,6965.0
2026-04-25,Crypto,-103766.13,-380655.09,276888.96,0.0,25881745.0
2026-04-25,Economics,770.48,668.34,102.14,15.27,13177.0
2026-04-25,Elections,7970.93,7056.24,914.69,0.0,256960.0
2026-04-25,Entertainment,-5255.02,-7349.94,2094.92,0.0,526729.0
2026-04-25,Financials,-130.06,-134.97,4.91,0.0,788.0
2026-04-25,Mentions,-17318.51,-20658.64,3340.13,0.0,1034156.0
2026-04-25,Non-parlay sports,4819193.61,-192033.76,5011227.37,871312.99,437664346.0
2026-04-25,Other non-sports,-8.91,-9.3,0.39,0.0,26.0
2026-04-25,Parlays,-633019.52,-1391469.44,758449.92,0.0,188346733.0
2026-04-25,Politics,-5766.5,-7933.39,2166.89,0.0,824622.0
2026-04-25,Science and Technology,-1679.18,-2020.65,341.47,81.25,175218.0
2026-04-26,Climate and Weather,3218.89,-1007.21,4226.1,0.0,781073.0
2026-04-26,Companies,47.3,-22.24,69.54,1.64,7832.0
2026-04-26,Crypto,44645.48,-273439.76,318085.24,0.0,29627003.0
2026-04-26,Economics,1246.39,1072.67,173.72,26.71,19644.0
2026-04-26,Elections,-7482.9,-8029.68,546.78,0.0,282186.0
2026-04-26,Entertainment,-13527.58,-16104.14,2576.56,0.0,620394.0
2026-04-26,Financials,-191.5,-196.6,5.1,0.0,800.0
2026-04-26,Mentions,-92578.34,-101648.17,9069.83,0.0,3704115.0
2026-04-26,Non-parlay sports,-10045164.4,-14869181.06,4824016.66,878702.48,418223921.0
2026-04-26,Other non-sports,-72.93,-74.75,1.82,0.0,118.0
2026-04-26,Parlays,-3141264.23,-3916623.02,775358.79,0.0,165346873.0
2026-04-26,Politics,5028.99,2874.86,2154.13,0.0,693055.0
2026-04-26,Science and Technology,-1879.08,-2255.91,376.83,95.98,66600.0
2026-04-27,Climate and Weather,-723.4,-3521.49,2798.09,0.0,613075.0
2026-04-27,Companies,-297.49,-341.47,43.98,0.03,4435.0
2026-04-27,Crypto,-142628.59,-416698.21,274069.62,0.0,25549170.0
2026-04-27,Economics,18080.94,15324.01,2756.93,535.94,224241.0
2026-04-27,Elections,12667.72,12185.6,482.12,0.0,236899.0
2026-04-27,Entertainment,-11454.68,-16984.09,5529.41,0.0,899775.0
2026-04-27,Financials,-660.04,-684.43,24.39,0.0,8856.0
2026-04-27,Mentions,-6839.73,-12308.98,5469.25,0.0,1435397.0
2026-04-27,Non-parlay sports,-2072995.94,-3417680.26,1344684.32,180297.31,125000495.0
2026-04-27,Other non-sports,-45.87,-49.41,3.54,0.0,3654.0
2026-04-27,Parlays,-868559.46,-1309283.44,440723.98,0.0,119981497.0
2026-04-27,Politics,-4286.48,-6321.68,2035.2,0.0,380305.0
2026-04-27,Science and Technology,-1223.52,-1693.14,469.62,115.89,169249.0
2026-04-28,Climate and Weather,-46.93,-4344.59,4297.66,0.0,699120.0
2026-04-28,Companies,224.71,151.71,73.0,0.0,5509.0
2026-04-28,Crypto,-151621.18,-412700.74,261079.56,0.0,24624519.0
2026-04-28,Economics,3993.97,2726.79,1267.18,162.07,124728.0
2026-04-28,Elections,23942.82,23190.84,751.98,0.0,421716.0
2026-04-28,Entertainment,-16916.32,-20748.17,3831.85,0.0,734275.0
2026-04-28,Financials,-346.29,-542.39,196.1,0.0,45830.0
2026-04-28,Mentions,-60043.84,-69710.94,9667.1,0.0,2935018.0
2026-04-28,Non-parlay sports,-3760857.41,-6681844.41,2920987.0,487639.79,270521599.0
2026-04-28,Other non-sports,346.49,254.06,92.43,0.0,6158.0
2026-04-28,Parlays,-3584789.69,-4126569.84,541780.15,0.0,152181131.0
2026-04-28,Politics,-21121.85,-25305.72,4183.87,0.0,908739.0
2026-04-28,Science and Technology,-374.05,-447.99,73.94,20.23,51289.0
2026-04-29,Climate and Weather,5649.5,2362.25,3287.25,0.0,735911.0
2026-04-29,Companies,-1052.46,-1152.26,99.8,0.0,7462.0
2026-04-29,Crypto,-4249.51,-276531.91,272282.4,0.0,26107038.0
2026-04-29,Economics,10102.98,9087.77,1015.21,124.23,93603.0
2026-04-29,Elections,22794.59,21180.65,1613.94,0.0,876453.0
2026-04-29,Entertainment,-8562.83,-13186.01,4623.18,0.0,1232826.0
2026-04-29,Financials,4439.09,4136.38,302.71,0.0,51902.0
2026-04-29,Mentions,400.19,-7235.72,7635.91,0.0,1780040.0
2026-04-29,Non-parlay sports,-6331715.14,-9514611.27,3182896.13,525117.09,275260611.0
2026-04-29,Other non-sports,2949.06,2372.96,576.1,0.0,52157.0
2026-04-29,Parlays,-2174954.01,-2695997.71,521043.7,0.0,135743125.0
2026-04-29,Politics,-75649.15,-82551.22,6902.07,0.0,1047612.0
2026-04-29,Science and Technology,-682.66,-744.44,61.78,15.52,47566.0
2026-04-30,Climate and Weather,-4018.82,-7003.64,2984.82,0.0,668424.0
2026-04-30,Companies,-1181.82,-1319.72,137.9,0.0,13012.0
2026-04-30,Crypto,-70448.08,-316512.37,246064.29,0.0,23302039.0
2026-04-30,Economics,17116.81,15738.05,1378.76,185.56,163294.0
2026-04-30,Elections,-13904.47,-15799.69,1895.22,0.0,624935.0
2026-04-30,Entertainment,-13087.18,-17735.04,4647.86,0.0,1522319.0
2026-04-30,Financials,-201.42,-580.79,379.37,0.0,79239.0
2026-04-30,Mentions,-50250.63,-57949.96,7699.33,0.0,2766556.0
2026-04-30,Non-parlay sports,606994.66,-2809305.33,3416299.99,563896.09,302335755.0
2026-04-30,Other non-sports,1921.45,1040.95,880.5,0.0,76842.0
2026-04-30,Parlays,-3670358.02,-4210284.32,539926.3,0.0,116827108.0
2026-04-30,Politics,-30267.43,-35157.83,4890.4,0.0,800891.0
2026-04-30,Science and Technology,-554.68,-628.75,74.07,17.95,58961.0
2026-05-01,Climate and Weather,-9458.22,-12154.19,2695.97,0.0,1173718.0
2026-05-01,Companies,-1213.21,-1584.8,371.59,0.04,32617.0
2026-05-01,Crypto,-38282.99,-353694.23,315411.24,0.0,29283797.0
2026-05-01,Economics,4613.95,3401.46,1212.49,176.42,202119.0
2026-05-01,Elections,-9358.8,-10278.55,919.75,0.0,285594.0
2026-05-01,Entertainment,-3537.47,-7781.5,4244.03,0.0,1040393.0
2026-05-01,Financials,4290.86,3765.21,525.65,0.0,114284.0
2026-05-01,Mentions,5453.85,-17239.89,22693.74,0.0,3889864.0
2026-05-01,Non-parlay sports,6054499.06,2122382.91,3932116.15,574143.29,338210325.0
2026-05-01,Other non-sports,1448.81,1054.29,394.52,0.0,28158.0
2026-05-01,Parlays,-872788.12,-1390703.89,517915.77,0.0,145762286.0
2026-05-01,Politics,-3610.7,-9858.43,6247.73,0.0,1177194.0
2026-05-01,Science and Technology,-851.24,-918.69,67.45,15.16,71017.0
2026-05-02,Climate and Weather,-8473.39,-10619.25,2145.86,0.0,947808.0
2026-05-02,Companies,442.57,265.46,177.11,0.07,19500.0
2026-05-02,Crypto,-44968.34,-310050.65,265082.31,0.0,25783401.0
2026-05-02,Economics,-1450.73,-1910.48,459.75,55.49,63322.0
2026-05-02,Elections,-2551.13,-3642.56,1091.43,0.0,160905.0
2026-05-02,Entertainment,-457.53,-4374.64,3917.11,0.0,848042.0
2026-05-02,Financials,-535.87,-560.35,24.48,0.0,12297.0
2026-05-02,Mentions,-21587.94,-29817.36,8229.42,0.0,1540231.0
2026-05-02,Non-parlay sports,3085615.23,-796388.97,3882004.2,551334.69,333509654.0
2026-05-02,Other non-sports,313.78,-108.72,422.5,0.0,27543.0
2026-05-02,Parlays,2419026.81,1879474.17,539552.64,0.0,138891152.0
2026-05-02,Politics,-24595.67,-29075.45,4479.78,0.0,1178195.0
2026-05-02,Science and Technology,-1210.68,-1319.6,108.92,25.41,91992.0
2026-05-03,Climate and Weather,-364.01,-2353.61,1989.6,0.0,518392.0
2026-05-03,Companies,-668.77,-768.92,100.15,0.0,11454.0
2026-05-03,Crypto,-225499.59,-477574.61,252075.02,0.0,25820383.0
2026-05-03,Economics,13326.1,12671.95,654.15,109.63,55123.0
2026-05-03,Elections,1452.95,707.62,745.33,0.0,148459.0
2026-05-03,Entertainment,-11849.16,-16158.16,4309.0,0.0,892076.0
2026-05-03,Financials,-1303.73,-1361.63,57.9,0.0,34774.0
2026-05-03,Mentions,-39521.4,-49950.31,10428.91,0.0,2798733.0
2026-05-03,Non-parlay sports,-3333162.53,-6845256.37,3512093.84,476274.86,315224767.0
2026-05-03,Other non-sports,3949.61,3355.31,594.3,0.0,43887.0
2026-05-03,Parlays,2158604.29,1551471.98,607132.31,0.0,149582135.0
2026-05-03,Politics,-9093.14,-11861.47,2768.33,0.0,782659.0
2026-05-03,Science and Technology,-566.94,-636.62,69.68,17.24,50391.0
2026-05-04,Climate and Weather,2986.38,542.6,2443.78,0.0,610506.0
2026-05-04,Companies,-2524.24,-2805.69,281.45,1.3,26741.0
2026-05-04,Crypto,-186077.51,-454163.07,268085.56,0.0,28396853.0
2026-05-04,Economics,-1855.52,-2541.05,685.53,93.87,87461.0
2026-05-04,Elections,-6859.78,-7837.43,977.65,0.0,179290.0
2026-05-04,Entertainment,-12176.57,-23592.41,11415.84,0.0,2621410.0
2026-05-04,Financials,-3656.14,-4114.84,458.7,0.0,89860.0
2026-05-04,Mentions,-22403.85,-34556.05,12152.2,0.0,2157873.0
2026-05-04,Non-parlay sports,2088431.36,-1143787.01,3232218.37,533641.95,280162856.0
2026-05-04,Other non-sports,-14641.2,-17794.62,3153.42,0.0,279094.0
2026-05-04,Parlays,-2228971.6,-2820477.56,591505.96,0.0,151673656.0
2026-05-04,Politics,-851.25,-4195.63,3344.38,0.0,571307.0
2026-05-04,Science and Technology,-118.5,-139.14,20.64,5.0,15490.0
2026-05-05,Climate and Weather,6053.2,3503.03,2550.17,0.0,709272.0
2026-05-05,Companies,-1077.33,-1269.55,192.22,0.0,18715.0
2026-05-05,Crypto,-182211.91,-466916.42,284704.51,0.0,29334911.0
2026-05-05,Economics,5065.84,3894.49,1171.35,100.87,117915.0
2026-05-05,Elections,-36317.51,-39703.24,3385.73,0.0,448130.0
2026-05-05,Entertainment,12910.72,7305.29,5605.43,0.0,936247.0
2026-05-05,Financials,-2710.86,-3145.24,434.38,0.0,93913.0
2026-05-05,Mentions,-12309.59,-31108.69,18799.1,0.0,2893059.0
2026-05-05,Non-parlay sports,-5511831.74,-8782187.06,3270355.32,523372.18,303381116.0
2026-05-05,Other non-sports,-15318.88,-18175.29,2856.41,0.0,235999.0
2026-05-05,Parlays,-1110035.16,-1645142.5,535107.34,0.0,148781876.0
2026-05-05,Politics,-6910.03,-10796.37,3886.34,0.0,679740.0
2026-05-05,Science and Technology,-796.81,-866.46,69.65,10.97,79883.0
2026-05-06,Climate and Weather,-4720.79,-7667.64,2946.85,0.0,695438.0
2026-05-06,Companies,-4783.95,-5484.56,700.61,0.34,61486.0
2026-05-06,Crypto,-257893.0,-535375.56,277482.56,0.0,29100857.0
2026-05-06,Economics,730.19,-321.9,1052.09,80.68,108465.0
2026-05-06,Elections,-65632.48,-68182.32,2549.84,0.0,325739.0
2026-05-06,Entertainment,-23586.17,-34909.07,11322.9,0.0,2253087.0
2026-05-06,Financials,1603.0,1182.55,420.45,0.0,114113.0
2026-05-06,Mentions,71376.06,59875.59,11500.47,0.0,1988875.0
2026-05-06,Non-parlay sports,-6567783.37,-10104539.57,3536756.2,574920.99,317110742.0
2026-05-06,Other non-sports,-2984.16,-4175.17,1191.01,0.0,119042.0
2026-05-06,Parlays,-258642.95,-870860.12,612217.17,0.0,149208276.0
2026-05-06,Politics,22479.14,17942.86,4536.28,0.0,954053.0
2026-05-06,Science and Technology,-252.89,-288.08,35.19,8.01,22476.0
2026-05-07,Climate and Weather,-2425.54,-5618.46,3192.92,0.0,871249.0
2026-05-07,Companies,-2874.92,-3398.0,523.08,0.04,77248.0
2026-05-07,Crypto,-96405.77,-370139.71,273733.94,0.0,29077139.0
2026-05-07,Economics,3283.03,2191.31,1091.72,120.47,167150.0
2026-05-07,Elections,-6594.93,-8566.32,1971.39,0.0,195299.0
2026-05-07,Entertainment,-9332.71,-15469.71,6137.0,0.0,1090369.0
2026-05-07,Financials,-57.5,-458.08,400.58,0.0,88555.0
2026-05-07,Mentions,86503.97,71145.75,15358.22,0.0,2219354.0
2026-05-07,Non-parlay sports,-2403668.75,-5854545.19,3450876.44,548209.15,329161736.0
2026-05-07,Other non-sports,12971.79,10888.3,2083.49,0.0,187064.0
2026-05-07,Parlays,950937.24,372228.03,578709.21,0.0,153451386.0
2026-05-07,Politics,3516.26,-1019.76,4536.02,0.0,693279.0
2026-05-07,Science and Technology,2991.0,2921.13,69.87,6.52,30748.0
2026-05-08,Climate and Weather,1000.26,-2624.24,3624.5,0.0,893721.0
2026-05-08,Companies,-3678.92,-4073.25,394.33,0.0,40452.0
2026-05-08,Crypto,-207521.2,-490691.32,283170.12,0.0,30058478.0
2026-05-08,Economics,24956.14,21458.03,3498.11,506.31,353908.0
2026-05-08,Elections,8366.03,4888.41,3477.62,0.0,1146458.0
2026-05-08,Entertainment,-26416.94,-32626.29,6209.35,0.0,1050579.0
2026-05-08,Financials,-2177.79,-2635.39,457.6,0.0,140958.0
2026-05-08,Mentions,-23744.76,-30523.32,6778.56,0.0,1284907.0
2026-05-08,Non-parlay sports,-2439147.48,-5954723.14,3515575.66,614540.92,307079942.0
2026-05-08,Other non-sports,6981.9,5972.8,1009.1,0.0,70884.0
2026-05-08,Parlays,-1343571.08,-1974717.13,631146.05,0.0,176166758.0
2026-05-08,Politics,4951.37,1939.67,3011.7,0.0,499577.0
2026-05-08,Science and Technology,624.37,395.67,228.7,7.53,163265.0
2026-05-09,Climate and Weather,-6448.4,-10904.22,4455.82,0.0,842591.0
2026-05-09,Companies,-684.27,-1068.76,384.49,0.0,45030.0
2026-05-09,Crypto,-37327.88,-369229.01,331901.13,0.0,31633373.0
2026-05-09,Economics,-506.43,-1000.68,494.25,59.19,57468.0
2026-05-09,Elections,-3552.89,-5102.54,1549.65,0.0,307798.0
2026-05-09,Entertainment,4748.98,-258.28,5007.26,0.0,784518.0
2026-05-09,Financials,157.66,117.54,40.12,0.0,31650.0
2026-05-09,Mentions,-861.9,-5099.51,4237.61,0.0,734809.0
2026-05-09,Non-parlay sports,4002985.81,-848650.22,4851636.03,697657.86,426098946.0
2026-05-09,Other non-sports,8338.25,7243.81,1094.44,0.0,83686.0
2026-05-09,Parlays,-68371.98,-920307.31,851935.33,0.0,225506899.0
2026-05-09,Politics,-10151.81,-12886.32,2734.51,0.0,730125.0
2026-05-09,Science and Technology,-1294.73,-1415.91,121.18,14.64,83399.0
2026-05-10,Climate and Weather,-21845.81,-34824.84,12979.03,0.0,2256018.0
2026-05-10,Companies,-687.94,-1180.98,493.04,0.0,79541.0
2026-05-10,Crypto,-118329.12,-523901.58,405572.46,0.0,39308494.0
2026-05-10,Economics,1043.11,405.67,637.44,62.96,83118.0
2026-05-10,Elections,-12022.9,-13272.22,1249.32,0.0,177723.0
2026-05-10,Entertainment,2948.27,-3375.61,6323.88,0.0,1087745.0
2026-05-10,Financials,-2859.86,-3015.49,155.63,0.0,49299.0
2026-05-10,Mentions,-86676.39,-99992.51,13316.12,0.0,6098825.0
2026-05-10,Non-parlay sports,-1299961.75,-5968546.4,4668584.65,697316.06,410316175.0
2026-05-10,Other non-sports,5820.18,936.06,4884.12,0.0,376631.0
2026-05-10,Parlays,-2971799.75,-3682301.49,710501.74,0.0,190724589.0
2026-05-10,Politics,-7501.53,-10105.09,2603.56,0.0,1016804.0
2026-05-10,Science and Technology,1083.66,899.17,184.49,19.52,39348.0
2026-05-11,Climate and Weather,-20951.03,-35936.48,14985.45,0.0,2491450.0
2026-05-11,Companies,-3785.43,-4942.65,1157.22,0.02,258414.0
2026-05-11,Crypto,-162577.22,-810006.03,647428.81,0.0,63168500.0
2026-05-11,Economics,47448.78,40961.79,6486.99,442.75,707732.0
2026-05-11,Elections,25234.74,21910.71,3324.03,0.0,446428.0
2026-05-11,Entertainment,-45447.6,-59391.79,13944.19,0.0,2337201.0
2026-05-11,Financials,8405.54,3762.1,4643.44,0.0,875836.0
2026-05-11,Mentions,-26944.45,-43390.92,16446.47,0.0,3476746.0
2026-05-11,Non-parlay sports,-7222082.05,-10208718.7,2986636.65,440425.13,283939312.0
2026-05-11,Other non-sports,13311.17,-2865.91,16177.08,0.0,1549595.0
2026-05-11,Parlays,-2411434.18,-2922068.76,510634.58,0.0,141918867.0
2026-05-11,Politics,-8093.49,-13281.94,5188.45,0.0,1712538.0
2026-05-11,Science and Technology,2003.94,1695.32,308.62,17.52,82491.0
2026-05-11,Unknown,2354.43,2230.25,124.18,0.0,28678.0
2026-05-12,Climate and Weather,-17708.67,-31881.52,14172.85,0.0,2645091.0
2026-05-12,Companies,-1453.63,-1888.76,435.13,0.04,69155.0
2026-05-12,Crypto,-377529.53,-1012590.41,635060.88,0.0,60171420.0
2026-05-12,Economics,-3233.05,-6985.04,3751.99,248.58,400378.0
2026-05-12,Elections,-2644.81,-7073.56,4428.75,0.0,489793.0
2026-05-12,Entertainment,51474.14,43151.03,8323.11,0.0,1298936.0
2026-05-12,Financials,-25325.2,-30807.32,5482.12,0.0,1008599.0
2026-05-12,Mentions,-44476.17,-52522.38,8046.21,0.0,1542838.0
2026-05-12,Non-parlay sports,-1067442.01,-4378830.9,3311388.89,480557.6,314536818.0
2026-05-12,Other non-sports,34669.57,19211.0,15458.57,0.0,1408760.0
2026-05-12,Parlays,542251.21,15723.89,526527.32,0.0,129538206.0
2026-05-12,Politics,-5203.61,-10627.8,5424.19,0.0,2734520.0
2026-05-12,Science and Technology,559.71,318.36,241.35,10.46,61339.0
2026-05-12,Unknown,8698.83,7991.92,706.91,0.0,254191.0
2026-05-13,Climate and Weather,-4994.06,-17333.11,12339.05,0.0,2319466.0
2026-05-13,Companies,523.92,-0.64,524.56,0.08,73913.0
2026-05-13,Crypto,-357998.15,-947673.12,589674.97,0.0,56890850.0
2026-05-13,Economics,16061.78,13585.44,2476.34,0.0,299120.0
2026-05-13,Elections,-53833.4,-66514.23,12680.83,0.0,1555510.0
2026-05-13,Entertainment,-20831.95,-29415.76,8583.81,0.0,1817872.0
2026-05-13,Financials,-1489.34,-8659.17,7169.83,0.0,1260605.0
2026-05-13,Mentions,-268660.63,-294255.73,25595.1,0.0,5659032.0
2026-05-13,Non-parlay sports,-3219992.24,-6508048.3,3288056.06,458168.22,306738543.0
2026-05-13,Other non-sports,-2220.83,-16730.97,14510.14,0.0,1426397.0
2026-05-13,Parlays,-2574393.31,-3065205.8,490812.49,0.0,124234375.0
2026-05-13,Politics,-5748.78,-9169.92,3421.14,0.0,2039561.0
2026-05-13,Science and Technology,1557.62,1374.31,183.31,11.1,69925.0
2026-05-13,Unknown,-14469.5,-15608.27,1138.77,0.0,95821.0
2026-05-14,Climate and Weather,-25869.58,-39155.12,13285.54,0.0,2620158.0
2026-05-14,Companies,4018.4,3451.44,566.96,0.04,81388.0
2026-05-14,Crypto,-120205.42,-827108.22,706902.8,0.0,66643286.0
2026-05-14,Economics,7580.81,5341.19,2239.62,0.0,236035.0
2026-05-14,Elections,-66599.56,-72392.4,5792.84,0.0,416480.0
2026-05-14,Entertainment,-169365.2,-220354.04,50988.84,0.0,6482731.0
2026-05-14,Financials,-34381.4,-40797.79,6416.39,0.0,1144481.0
2026-05-14,Mentions,-37709.65,-51290.96,13581.31,0.0,3640319.0
2026-05-14,Non-parlay sports,-1403350.75,-4229173.01,2825822.26,272572.77,305516716.0
2026-05-14,Other non-sports,-13450.66,-24483.05,11032.39,0.0,1104141.0
2026-05-14,Parlays,-65290.9,-420765.88,355474.98,0.0,89921703.0
2026-05-14,Politics,-1877.13,-3759.58,1882.45,0.0,641193.0
2026-05-14,Science and Technology,355.5,172.72,182.78,17.74,149535.0
2026-05-14,Unknown,-4361.1,-5346.29,985.19,0.0,110391.0
2026-05-15,Climate and Weather,-11707.91,-26509.64,14801.73,0.0,2341326.0
2026-05-15,Companies,-8536.97,-9962.49,1425.52,0.0,183051.0
2026-05-15,Crypto,-753611.64,-1566172.35,812560.71,0.0,72654714.0
2026-05-15,Economics,-1179.88,-2908.61,1728.73,0.0,279455.0
2026-05-15,Elections,-45806.51,-52350.28,6543.77,0.0,583664.0
2026-05-15,Entertainment,61669.65,46833.44,14836.21,0.0,4749009.0
2026-05-15,Financials,3985.15,-140.86,4126.01,0.0,868994.0
2026-05-15,Mentions,-38329.01,-47988.06,9659.05,0.0,2900863.0
2026-05-15,Non-parlay sports,-613089.56,-3785739.19,3172649.63,432450.4,326725876.0
2026-05-15,Other non-sports,19500.33,8366.81,11133.52,0.0,1403994.0
2026-05-15,Parlays,652970.67,125178.71,527791.96,0.0,155849848.0
2026-05-15,Politics,-6896.94,-9229.97,2333.03,0.0,971634.0
2026-05-15,Science and Technology,-831.85,-934.67,102.82,21.57,134550.0
2026-05-15,Unknown,-19340.41,-22595.25,3254.84,0.0,321748.0
2026-05-16,Climate and Weather,-11895.94,-24027.59,12131.65,0.0,2215433.0
2026-05-16,Companies,2684.15,2040.24,643.91,0.0,77207.0
2026-05-16,Crypto,-208707.88,-875476.85,666768.97,0.0,63155282.0
2026-05-16,Economics,-5262.91,-6975.56,1712.65,0.0,269170.0
2026-05-16,Elections,-37490.72,-44555.14,7064.42,0.0,603419.0
2026-05-16,Entertainment,-3656.47,-27895.2,24238.73,0.0,3660333.0
2026-05-16,Financials,-384.37,-487.27,102.9,0.0,45454.0
2026-05-16,Mentions,-12794.48,-20101.18,7306.7,0.0,1800043.0
2026-05-16,Non-parlay sports,-7115705.99,-10538755.42,3423049.43,303937.05,339813093.0
2026-05-16,Other non-sports,10704.35,8877.91,1826.44,0.0,164183.0
2026-05-16,Parlays,-1732300.63,-2235870.35,503569.72,0.0,162184967.0
2026-05-16,Politics,-5631.27,-7615.96,1984.69,0.0,663938.0
2026-05-16,Science and Technology,1513.45,1301.72,211.73,20.08,76965.0
2026-05-16,Unknown,-10215.81,-12880.01,2664.2,0.0,313193.0
2026-05-17,Climate and Weather,-21859.66,-34780.14,12920.48,0.0,2220036.0
2026-05-17,Companies,946.83,281.96,664.87,0.0,123415.0
2026-05-17,Crypto,-408082.35,-1092354.52,684272.17,0.0,64154376.0
2026-05-17,Economics,-7090.78,-8790.15,1699.37,0.0,369993.0
2026-05-17,Elections,-86357.26,-97411.85,11054.59,0.0,722131.0
2026-05-17,Entertainment,-22736.22,-25300.42,2564.2,0.0,743468.0
2026-05-17,Financials,-750.96,-1022.51,271.55,0.0,67787.0
2026-05-17,Mentions,-65108.38,-74468.46,9360.08,0.0,3070032.0
2026-05-17,Non-parlay sports,1825463.64,-1789957.86,3615421.5,518884.42,365371537.0
2026-05-17,Other non-sports,1436.36,-3474.04,4910.4,0.0,498882.0
2026-05-17,Parlays,-876621.56,-1460990.47,584368.91,0.0,155713651.0
2026-05-17,Politics,-1190.89,-2775.54,1584.65,0.0,354496.0
2026-05-17,Science and Technology,69.94,-7.98,77.92,13.57,25244.0
2026-05-17,Unknown,11771.57,10083.09,1688.48,0.0,186050.0
2026-05-18,Climate and Weather,-12868.06,-26699.77,13831.71,0.0,2220416.0
2026-05-18,Companies,-10115.16,-10968.3,853.14,0.0,233681.0
2026-05-18,Crypto,-177220.05,-901381.84,724161.79,0.0,67834364.0
2026-05-18,Economics,3287.43,1279.15,2008.28,0.0,274177.0
2026-05-18,Elections,-152619.15,-177376.0,24756.85,0.0,1520973.0
2026-05-18,Entertainment,-5377.8,-9723.27,4345.47,0.0,1048162.0
2026-05-18,Financials,8281.7,2583.94,5697.76,0.0,1032329.0
2026-05-18,Mentions,-46852.18,-62075.61,15223.43,0.0,3227485.0
2026-05-18,Non-parlay sports,1032608.9,-2329217.5,3361826.4,622333.74,273514739.0
2026-05-18,Other non-sports,39105.69,23758.23,15347.46,0.0,1380011.0
2026-05-18,Parlays,340571.19,-112959.16,453530.35,0.0,130667925.0
2026-05-18,Politics,-994.1,-4809.36,3815.26,0.0,806209.0
2026-05-18,Science and Technology,880.48,671.55,208.93,37.63,64709.0
2026-05-19,Climate and Weather,-3878.78,-19777.42,15898.64,0.0,2690989.0
2026-05-19,Companies,-3693.76,-4421.76,728.0,0.0,214783.0
2026-05-19,Crypto,182163.72,-494580.75,676744.47,0.0,64461150.0
2026-05-19,Economics,-6598.21,-7896.7,1298.49,0.0,157246.0
2026-05-19,Elections,-452966.85,-545262.97,92296.12,0.0,16877549.0
2026-05-19,Entertainment,-25624.25,-32301.92,6677.67,0.0,1685432.0
2026-05-19,Financials,44990.11,38832.64,6157.47,0.0,1102362.0
2026-05-19,Mentions,6427.16,-3550.53,9977.69,0.0,2729975.0
2026-05-19,Non-parlay sports,8547090.51,4982719.01,3564371.5,619790.33,309206235.0
2026-05-19,Other non-sports,-44052.82,-54091.76,10038.94,0.0,991083.0
2026-05-19,Parlays,3385559.9,2816214.37,569345.53,0.0,142727898.0
2026-05-19,Politics,-18097.4,-21716.04,3618.64,0.0,1650448.0
2026-05-19,Science and Technology,17.18,-124.54,141.72,35.52,93892.0
2026-05-20,Climate and Weather,-18419.26,-32106.36,13687.1,0.0,2573193.0
2026-05-20,Companies,-3129.17,-4215.37,1086.2,0.0,302499.0
2026-05-20,Crypto,109397.77,-615659.49,725057.26,0.0,68014993.0
2026-05-20,Economics,122.96,-1648.62,1771.58,0.0,254845.0
2026-05-20,Elections,62.99,35.52,27.47,0.0,46718.0
2026-05-20,Entertainment,-48095.63,-55468.28,7372.65,0.0,4546591.0
2026-05-20,Financials,-2837.31,-7722.83,4885.52,0.0,852023.0
2026-05-20,Mentions,-20914.38,-31961.81,11047.43,0.0,2017913.0
2026-05-20,Non-parlay sports,-3301616.42,-7049835.08,3748218.66,631788.02,326299648.0
2026-05-20,Other non-sports,-58266.83,-75390.61,17123.78,0.0,1597315.0
2026-05-20,Parlays,780143.84,61931.36,718212.48,0.0,167618036.0
2026-05-20,Politics,4946.66,2011.29,2935.37,0.0,460276.0
2026-05-20,Science and Technology,-412.37,-455.61,43.24,10.34,32308.0
2026-05-21,Climate and Weather,18.69,-11657.88,11676.57,0.0,2419944.0
2026-05-21,Companies,-21854.17,-24129.49,2275.32,0.0,316776.0
2026-05-21,Crypto,-243377.59,-979481.22,736103.63,0.0,67810027.0
2026-05-21,Economics,-10353.39,-12317.82,1964.43,0.0,289813.0
2026-05-21,Elections,-134.13,-154.0,19.87,0.0,3440.0
2026-05-21,Entertainment,-4926.45,-8354.6,3428.15,0.0,843345.0
2026-05-21,Financials,24834.05,19406.68,5427.37,0.0,987962.0
2026-05-21,Mentions,-41853.87,-51903.1,10049.23,0.0,2207588.0
2026-05-21,Non-parlay sports,-2110697.46,-5228603.9,3117906.44,492167.2,283350147.0
2026-05-21,Other non-sports,-38314.43,-51972.08,13657.65,0.0,1259658.0
2026-05-21,Parlays,-1394072.79,-2014040.94,619968.15,0.0,133951379.0
2026-05-21,Politics,23401.57,21015.66,2385.91,0.0,501538.0
2026-05-21,Science and Technology,-663.7,-731.8,68.1,10.74,37405.0
2026-05-22,Climate and Weather,695.16,-11997.89,12693.05,0.0,2286618.0
2026-05-22,Companies,-1065.67,-2277.23,1211.56,0.0,146071.0
2026-05-22,Crypto,-432982.06,-1300254.76,867272.7,0.0,81031289.0
2026-05-22,Economics,-8430.19,-11129.08,2698.89,0.0,703702.0
2026-05-22,Elections,213.72,175.13,38.59,0.0,4030.0
2026-05-22,Entertainment,-21310.95,-25686.98,4376.03,0.0,813940.0
2026-05-22,Financials,8578.34,3191.59,5386.75,0.0,961384.0
2026-05-22,Mentions,-44740.13,-55793.33,11053.2,0.0,1848304.0
2026-05-22,Non-parlay sports,-4696394.76,-8334610.5,3638215.74,577363.92,308328641.0
2026-05-22,Other non-sports,-29984.54,-39203.38,9218.84,0.0,1040744.0
2026-05-22,Parlays,-3353936.16,-4041505.32,687569.16,0.0,163501817.0
2026-05-22,Politics,7443.05,6608.75,834.3,0.0,190152.0
2026-05-22,Science and Technology,-286.35,-338.77,52.42,10.38,48428.0
2026-05-23,Climate and Weather,-11108.36,-23673.21,12564.85,0.0,2050849.0
2026-05-23,Crypto,688272.19,-102739.56,791011.75,0.0,74818244.0
2026-05-23,Economics,-14870.91,-16656.4,1785.49,0.0,385096.0
2026-05-23,Elections,-171.6,-237.99,66.39,0.0,40697.0
2026-05-23,Entertainment,-8163.3,-11505.67,3342.37,0.0,780809.0
2026-05-23,Mentions,-9947.22,-11704.69,1757.47,0.0,600140.0
2026-05-23,Non-parlay sports,1624856.79,-2165967.41,3790824.2,509862.29,318191828.0
2026-05-23,Other non-sports,-550.14,-3255.73,2705.59,0.0,234564.0
2026-05-23,Parlays,-348742.47,-1040412.46,691669.99,0.0,177368099.0
2026-05-23,Politics,1630.36,1282.35,348.01,0.0,89864.0
2026-05-23,Science and Technology,-116.66,-146.05,29.39,4.07,32007.0
2026-05-24,Climate and Weather,-7851.48,-18843.74,10992.26,0.0,1915715.0
2026-05-24,Crypto,-644893.19,-1398625.21,753732.02,0.0,67993610.0
2026-05-24,Economics,-14779.33,-16524.53,1745.2,0.0,367362.0
2026-05-24,Elections,-132.7,-142.21,9.51,0.0,13270.0
2026-05-24,Entertainment,-4403.63,-5729.54,1325.91,0.0,368288.0
2026-05-24,Mentions,-45795.7,-51361.54,5565.84,0.0,1683996.0
2026-05-24,Non-parlay sports,-6836851.22,-11298680.36,4461829.14,684838.69,392794680.0
2026-05-24,Other non-sports,-988.83,-4233.44,3244.61,0.0,247231.0
2026-05-24,Parlays,-4482391.93,-5265500.24,783108.31,0.0,187922076.0
2026-05-24,Politics,-583.33,-636.97,53.64,0.0,24383.0
2026-05-25,Climate and Weather,3226.38,-8993.44,12219.82,0.0,1974351.0
2026-05-25,Crypto,-178397.35,-911378.56,732981.21,0.0,67804674.0
2026-05-25,Economics,-5441.4,-7358.38,1916.98,0.0,255297.0
2026-05-25,Entertainment,-615.66,-934.94,319.28,0.0,122539.0
2026-05-25,Financials,-1710.38,-1781.42,71.04,0.0,11695.0
2026-05-25,Mentions,-8385.5,-11726.6,3341.1,0.0,739929.0
2026-05-25,Non-parlay sports,979726.25,-2535659.31,3515385.56,630401.67,303339150.0
2026-05-25,Other non-sports,15771.11,12349.06,3422.05,0.0,260281.0
2026-05-25,Parlays,-1609246.26,-2282771.72,673525.46,0.0,152787554.0
2026-05-25,Politics,-45.17,-47.65,2.48,0.0,371.0
2026-05-26,Climate and Weather,-1555.75,-9931.47,8375.72,0.0,1615673.0
2026-05-26,Crypto,-495940.24,-1074853.89,578913.65,0.0,54739734.0
2026-05-26,Economics,-11798.93,-13172.22,1373.29,0.0,140911.0
2026-05-26,Entertainment,-439.05,-621.4,182.35,0.0,16772.0
2026-05-26,Financials,-58539.69,-62163.06,3623.37,0.0,633064.0
2026-05-26,Mentions,-7233.66,-10165.15,2931.49,0.0,536634.0
2026-05-26,Non-parlay sports,-3455949.43,-6456563.84,3000614.41,522067.2,257444540.0
2026-05-26,Other non-sports,52870.0,44109.72,8760.28,0.0,886272.0
2026-05-26,Parlays,648993.32,97468.09,551525.23,0.0,133565345.0
2026-05-26,Politics,146.29,134.84,11.45,0.0,4689.0
2026-05-27,Climate and Weather,1033.38,-1505.41,2538.79,0.0,380247.0
2026-05-27,Crypto,-406387.27,-1281311.06,874923.79,0.0,80170640.0
2026-05-27,Economics,-14707.54,-16769.39,2061.85,0.0,223841.0
2026-05-27,Entertainment,-48.12,-52.01,3.89,0.0,981.0
2026-05-27,Financials,-10206.56,-15161.31,4954.75,0.0,855026.0
2026-05-27,Mentions,-30975.68,-40900.4,9924.72,0.0,1928371.0
2026-05-27,Non-parlay sports,-1636786.23,-4729992.46,3093206.23,393622.69,273618731.0
2026-05-27,Other non-sports,16946.83,11714.75,5232.08,0.0,579587.0
2026-05-27,Parlays,2252949.41,1686569.06,566380.35,0.0,143815063.0
2026-05-27,Unknown,34.2,30.74,3.46,0.0,202.0
2026-05-28,Climate and Weather,7352.86,-4664.33,12017.19,0.0,1868003.0
2026-05-28,Crypto,-18052.1,-755654.69,737602.59,0.0,68981201.0
2026-05-28,Economics,6877.98,4744.42,2133.56,165.14,335769.0
2026-05-28,Entertainment,-2385.8,-2439.38,53.58,0.0,13780.0
2026-05-28,Financials,-38059.76,-41708.65,3648.89,0.0,679893.0
2026-05-28,Mentions,-8707.87,-12600.79,3892.92,0.0,969472.0
2026-05-28,Non-parlay sports,-896318.99,-2106734.55,1210415.56,96321.45,95014415.0
2026-05-28,Other non-sports,-24636.15,-31805.13,7168.98,0.0,659839.0
2026-05-28,Parlays,-1513572.48,-2137186.29,623613.81,0.0,138145233.0
2026-05-29,Climate and Weather,-7737.84,-19660.89,11923.05,0.0,1885461.0
2026-05-29,Crypto,-75189.67,-888886.46,813696.79,0.0,78041190.0
2026-05-29,Economics,-3506.61,-6440.26,2933.65,430.39,356054.0
2026-05-29,Entertainment,-1896.34,-2162.25,265.91,0.0,75168.0
2026-05-29,Financials,26965.2,21579.61,5385.59,0.0,982554.0
2026-05-29,Mentions,-25843.73,-29624.24,3780.51,0.0,858475.0
2026-05-29,Non-parlay sports,-1425813.98,-4141701.48,2715887.5,360081.27,226398780.0
2026-05-29,Other non-sports,3214.09,-1189.6,4403.69,0.0,468715.0
2026-05-29,Parlays,2759295.28,2185569.28,573726.0,0.0,159583446.0
2026-05-30,Non-parlay sports,-2197767.81,-5661179.2,3463411.39,594638.51,274525075.0
2026-05-30,Parlays,-1041930.33,-1975501.06,933570.73,0.0,252314231.0
2026-05-30,Unknown,-509550.9,-1307346.75,797795.85,617.6,80658092.0
2026-05-31,Climate and Weather,9079.3,6656.96,2422.34,0.0,375545.0
2026-05-31,Crypto,140852.03,-679421.9,820273.93,0.0,78693965.0
2026-05-31,Economics,-5921.78,-6944.49,1022.71,0.0,146555.0
2026-05-31,Entertainment,16.71,15.55,1.16,0.0,1191.0
2026-05-31,Mentions,-10182.89,-11542.07,1359.18,0.0,716687.0
2026-05-31,Non-parlay sports,-783323.0,-3618310.71,2834987.71,377477.97,245050772.0
2026-05-31,Parlays,1870752.18,1342014.95,528737.23,0.0,161663420.0
2026-05-31,Unknown,-15.81,-15.94,0.13,0.0,82.0
2026-06-01,Climate and Weather,-3671.11,-16301.35,12630.24,0.0,2434346.0
2026-06-01,Crypto,-616538.12,-1587613.71,971075.59,0.0,90239736.0
2026-06-01,Economics,-17932.58,-19608.23,1675.65,0.0,181517.0
2026-06-01,Elections,-13.97,-14.95,0.98,0.0,589.0
2026-06-01,Entertainment,1927.84,1702.82,225.02,0.0,26086.0
2026-06-01,Financials,-3958.03,-4103.93,145.9,0.0,24041.0
2026-06-01,Mentions,-8050.22,-10040.33,1990.11,0.0,509356.0
2026-06-01,Non-parlay sports,-273582.77,-1296325.65,1022742.88,12042.69,85239596.0
2026-06-01,Other non-sports,-887.11,-1831.04,943.93,0.0,78867.0
2026-06-01,Parlays,-2013373.57,-2389985.99,376612.42,0.0,121056931.0
2026-06-01,Unknown,868.3,802.5,65.8,0.0,5103.0
2026-06-02,Climate and Weather,-24959.54,-37092.25,12132.71,0.0,2202643.0
2026-06-02,Crypto,-41525.21,-1146371.62,1104846.41,0.0,104574796.0
2026-06-02,Economics,-1527.72,-2936.96,1409.24,0.0,181071.0
2026-06-02,Elections,493.07,427.86,65.21,0.0,19180.0
2026-06-02,Entertainment,5078.01,4532.39,545.62,0.0,80270.0
2026-06-02,Financials,46495.48,41812.74,4682.74,0.0,856452.0
2026-06-02,Mentions,-22425.41,-27943.44,5518.03,0.0,1215679.0
2026-06-02,Non-parlay sports,-161619.89,-2280477.19,2118857.3,189061.37,182296677.0
2026-06-02,Other non-sports,19197.41,14149.53,5047.88,0.0,468305.0
2026-06-02,Parlays,-2072897.53,-2568507.6,495610.07,0.0,161610893.0
2026-06-02,Unknown,-237.92,-241.02,3.1,0.0,545.0
2026-06-03,Climate and Weather,-20727.15,-29979.18,9252.03,0.0,1823537.0
2026-06-03,Crypto,-164701.81,-1248093.18,1083391.37,0.0,100815614.0
2026-06-03,Economics,4990.85,3693.72,1297.13,0.0,195932.0
2026-06-03,Elections,226.99,187.07,39.92,0.0,46485.0
2026-06-03,Entertainment,-8401.58,-10824.49,2422.91,0.0,751533.0
2026-06-03,Financials,-15157.9,-20156.77,4998.87,0.0,955168.0
2026-06-03,Mentions,-24560.51,-29251.07,4690.56,0.0,1100067.0
2026-06-03,Non-parlay sports,-3156268.61,-7238548.39,4082279.78,632423.53,331696152.0
2026-06-03,Other non-sports,1915.57,-7398.09,9313.66,0.0,842194.0
2026-06-03,Parlays,-3526123.65,-4310952.97,784829.32,0.0,216354869.0
2026-06-03,Unknown,-66.51,-67.53,1.02,0.0,627.0
2026-06-04,Climate and Weather,1598.25,-1293.7,2891.95,0.0,475375.0
2026-06-04,Crypto,-666263.5,-1589306.82,923043.32,0.0,85203710.0
2026-06-04,Economics,-3325.69,-4412.4,1086.71,0.0,170724.0
2026-06-04,Elections,17.45,15.81,1.64,0.0,1467.0
2026-06-04,Entertainment,-15860.77,-17767.48,1906.71,0.0,813988.0
2026-06-04,Financials,-45726.98,-50254.62,4527.64,0.0,829695.0
2026-06-04,Mentions,3551.42,-4256.46,7807.88,0.0,1608783.0
2026-06-04,Non-parlay sports,-3453685.75,-6120218.82,2666533.07,216939.88,232239940.0
2026-06-04,Other non-sports,17473.96,11219.19,6254.77,0.0,616632.0
2026-06-04,Parlays,-1746376.19,-2290521.81,544145.62,0.0,141271496.0
2026-06-04,Politics,1645.03,1626.34,18.69,0.0,3828.0
2026-06-04,Unknown,-131.99,-135.57,3.58,0.0,566.0
2026-06-05,Climate and Weather,-5008.98,-15357.87,10348.89,0.0,1828020.0
2026-06-05,Crypto,-605164.24,-1758228.44,1153064.2,0.0,106367779.0
2026-06-05,Economics,240.03,-64.89,304.92,0.0,58668.0
2026-06-05,Financials,-24881.28,-32111.11,7229.83,0.0,1245925.0
2026-06-05,Mentions,-3660.71,-4850.16,1189.45,0.0,267225.0
2026-06-05,Non-parlay sports,-2851518.24,-4527096.03,1675577.79,91707.37,133085786.0
2026-06-05,Parlays,-676784.56,-1458119.94,781335.38,0.0,246471612.0
2026-06-05,Unknown,-77.19,-90.04,12.85,0.0,1102.0
2026-06-06,Climate and Weather,-880.61,-1018.23,137.62,0.0,147516.0
2026-06-06,Crypto,6612.49,-399474.8,406087.29,0.0,36446901.0
2026-06-06,Non-parlay sports,-219427.87,-468275.22,248847.35,11373.42,24126374.0
2026-06-06,Parlays,7436.39,-3039.34,10475.73,0.0,1806647.0
