date,contracts_yes,contracts_no,contracts_na,contracts_total,pct_yes,pct_no,pct_na
2021-06-30,5,0,0,5,100,0,0
2021-07-01,2478,51,0,2529,97.98,2.02,0
2021-07-02,1134,208,0,1342,84.5,15.5,0
2021-07-04,0,181,0,181,0,100,0
2021-07-05,538,403,0,941,57.17,42.83,0
2021-07-06,463,254,0,717,64.57,35.43,0
2021-07-07,1104,298,0,1402,78.74,21.26,0
2021-07-08,11495,3255,0,14750,77.93,22.07,0
2021-07-09,2941,3569,0,6510,45.18,54.82,0
2021-07-10,1851,3820,0,5671,32.64,67.36,0
2021-07-11,37,1565,0,1602,2.31,97.69,0
2021-07-12,1390,2433,0,3823,36.36,63.64,0
2021-07-13,4385,7940,0,12325,35.58,64.42,0
2021-07-14,1050,2253,0,3303,31.79,68.21,0
2021-07-15,3493,4003,0,7496,46.6,53.4,0
2021-07-16,3897,2449,0,6346,61.41,38.59,0
2021-07-17,6286,3075,0,9361,67.15,32.85,0
2021-07-18,3394,4113,0,7507,45.21,54.79,0
2021-07-19,4015,9317,0,13332,30.12,69.88,0
2021-07-20,9198,15105,0,24303,37.85,62.15,0
2021-07-21,6451,4552,0,11003,58.63,41.37,0
2021-07-22,9245,12575,0,21820,42.37,57.63,0
2021-07-23,7140,3479,0,10619,67.24,32.76,0
2021-07-24,12204,17326,0,29530,41.33,58.67,0
2021-07-25,4885,5511,0,10396,46.99,53.01,0
2021-07-26,6983,14421,0,21404,32.62,67.38,0
2021-07-27,13874,7368,0,21242,65.31,34.69,0
2021-07-28,8977,4021,0,12998,69.06,30.94,0
2021-07-29,15381,11748,0,27129,56.7,43.3,0
2021-07-30,15605,14567,0,30172,51.72,48.28,0
2021-07-31,11913,16112,0,28025,42.51,57.49,0
2021-08-01,15344,17742,0,33086,46.38,53.62,0
2021-08-02,9179,16485,0,25664,35.77,64.23,0
2021-08-03,22375,26543,0,48918,45.74,54.26,0
2021-08-04,48858,39018,0,87876,55.6,44.4,0
2021-08-05,49089,30930,0,80019,61.35,38.65,0
2021-08-06,49366,41188,0,90554,54.52,45.48,0
2021-08-07,20495,29610,0,50105,40.9,59.1,0
2021-08-08,14608,19166,0,33774,43.25,56.75,0
2021-08-09,37689,48935,0,86624,43.51,56.49,0
2021-08-10,47206,32614,0,79820,59.14,40.86,0
2021-08-11,40722,47081,0,87803,46.38,53.62,0
2021-08-12,25196,36274,0,61470,40.99,59.01,0
2021-08-13,42539,48592,0,91131,46.68,53.32,0
2021-08-14,18686,13185,0,31871,58.63,41.37,0
2021-08-15,38260,29065,0,67325,56.83,43.17,0
2021-08-16,15159,16022,0,31181,48.62,51.38,0
2021-08-17,36240,43220,0,79460,45.61,54.39,0
2021-08-18,28346,23179,0,51525,55.01,44.99,0
2021-08-19,32848,27734,0,60582,54.22,45.78,0
2021-08-20,30195,44305,0,74500,40.53,59.47,0
2021-08-21,26191,33987,0,60178,43.52,56.48,0
2021-08-22,49014,55752,0,104766,46.78,53.22,0
2021-08-23,21246,21176,0,42422,50.08,49.92,0
2021-08-24,38540,38338,0,76878,50.13,49.87,0
2021-08-25,42118,30225,0,72343,58.22,41.78,0
2021-08-26,38206,28168,0,66374,57.56,42.44,0
2021-08-27,56422,45898,0,102320,55.14,44.86,0
2021-08-28,22185,31309,0,53494,41.47,58.53,0
2021-08-29,34092,38997,0,73089,46.64,53.36,0
2021-08-30,30717,22688,0,53405,57.52,42.48,0
2021-08-31,28603,37323,0,65926,43.39,56.61,0
2021-09-01,28568,99386,0,127954,22.33,77.67,0
2021-09-02,7482,22184,0,29666,25.22,74.78,0
2021-09-03,33637,31731,0,65368,51.46,48.54,0
2021-09-04,30977,30122,0,61099,50.7,49.3,0
2021-09-05,16917,21190,0,38107,44.39,55.61,0
2021-09-06,14859,20204,0,35063,42.38,57.62,0
2021-09-07,14563,19648,0,34211,42.57,57.43,0
2021-09-08,27301,27393,0,54694,49.92,50.08,0
2021-09-09,22812,22716,0,45528,50.11,49.89,0
2021-09-10,24857,28547,0,53404,46.55,53.45,0
2021-09-11,13247,14197,0,27444,48.27,51.73,0
2021-09-12,15053,12669,0,27722,54.3,45.7,0
2021-09-13,26823,25159,0,51982,51.6,48.4,0
2021-09-14,28929,39460,0,68389,42.3,57.7,0
2021-09-15,33409,36347,0,69756,47.89,52.11,0
2021-09-16,3551,5034,0,8585,41.36,58.64,0
2021-09-17,30959,10851,0,41810,74.05,25.95,0
2021-09-18,1712,4293,0,6005,28.51,71.49,0
2021-09-19,955,3653,0,4608,20.72,79.28,0
2021-09-20,3565,3407,0,6972,51.13,48.87,0
2021-09-21,21037,37261,0,58298,36.09,63.91,0
2021-09-22,18292,29755,0,48047,38.07,61.93,0
2021-09-23,27804,18037,0,45841,60.65,39.35,0
2021-09-24,27072,31356,0,58428,46.33,53.67,0
2021-09-25,25123,17611,0,42734,58.79,41.21,0
2021-09-26,19125,14782,0,33907,56.4,43.6,0
2021-09-27,22454,29594,0,52048,43.14,56.86,0
2021-09-28,49495,62191,0,111686,44.32,55.68,0
2021-09-29,26559,50308,0,76867,34.55,65.45,0
2021-09-30,48272,51904,0,100176,48.19,51.81,0
2021-10-01,18814,34037,0,52851,35.6,64.4,0
2021-10-02,13959,16483,0,30442,45.85,54.15,0
2021-10-03,12076,8773,0,20849,57.92,42.08,0
2021-10-04,28832,24199,0,53031,54.37,45.63,0
2021-10-05,25418,29965,0,55383,45.89,54.11,0
2021-10-06,38218,57699,0,95917,39.84,60.16,0
2021-10-07,25757,33317,0,59074,43.6,56.4,0
2021-10-08,23687,30335,0,54022,43.85,56.15,0
2021-10-09,8548,6561,0,15109,56.58,43.42,0
2021-10-10,9397,8390,0,17787,52.83,47.17,0
2021-10-11,14380,15265,0,29645,48.51,51.49,0
2021-10-12,23311,22434,0,45745,50.96,49.04,0
2021-10-13,31032,37779,0,68811,45.1,54.9,0
2021-10-14,22120,28534,0,50654,43.67,56.33,0
2021-10-15,9980,21350,0,31330,31.85,68.15,0
2021-10-16,10292,10565,0,20857,49.35,50.65,0
2021-10-17,5102,9806,0,14908,34.22,65.78,0
2021-10-18,16372,17747,0,34119,47.98,52.02,0
2021-10-19,29724,20145,0,49869,59.6,40.4,0
2021-10-20,35043,44865,0,79908,43.85,56.15,0
2021-10-21,20765,43041,0,63806,32.54,67.46,0
2021-10-22,24150,17311,0,41461,58.25,41.75,0
2021-10-23,9565,11001,0,20566,46.51,53.49,0
2021-10-24,7877,11071,0,18948,41.57,58.43,0
2021-10-25,26218,27120,0,53338,49.15,50.85,0
2021-10-26,28506,29961,0,58467,48.76,51.24,0
2021-10-27,40448,27319,0,67767,59.69,40.31,0
2021-10-28,51140,44517,0,95657,53.46,46.54,0
2021-10-29,28171,28943,0,57114,49.32,50.68,0
2021-10-30,17991,27779,0,45770,39.31,60.69,0
2021-10-31,16201,11039,0,27240,59.48,40.52,0
2021-11-01,35003,39100,0,74103,47.24,52.76,0
2021-11-02,44451,42628,0,87079,51.05,48.95,0
2021-11-03,83103,77743,0,160846,51.67,48.33,0
2021-11-04,50759,55600,0,106359,47.72,52.28,0
2021-11-05,85070,122096,0,207166,41.06,58.94,0
2021-11-06,37863,40779,0,78642,48.15,51.85,0
2021-11-07,13050,25477,0,38527,33.87,66.13,0
2021-11-08,52727,55546,0,108273,48.7,51.3,0
2021-11-09,27740,43923,0,71663,38.71,61.29,0
2021-11-10,30760,38861,0,69621,44.18,55.82,0
2021-11-11,21466,35674,0,57140,37.57,62.43,0
2021-11-12,13603,26267,0,39870,34.12,65.88,0
2021-11-13,18694,12208,0,30902,60.49,39.51,0
2021-11-14,21619,23410,0,45029,48.01,51.99,0
2021-11-15,38154,17232,0,55386,68.89,31.11,0
2021-11-16,39772,30122,0,69894,56.9,43.1,0
2021-11-17,40867,32482,0,73349,55.72,44.28,0
2021-11-18,70414,35612,0,106026,66.41,33.59,0
2021-11-19,31802,39177,0,70979,44.8,55.2,0
2021-11-20,17033,12406,0,29439,57.86,42.14,0
2021-11-21,12139,9992,0,22131,54.85,45.15,0
2021-11-22,39134,32843,0,71977,54.37,45.63,0
2021-11-23,22654,52783,0,75437,30.03,69.97,0
2021-11-24,35440,29243,0,64683,54.79,45.21,0
2021-11-25,31637,13094,0,44731,70.73,29.27,0
2021-11-26,33062,31648,0,64710,51.09,48.91,0
2021-11-27,19964,20916,0,40880,48.84,51.16,0
2021-11-28,11937,19926,0,31863,37.46,62.54,0
2021-11-29,42223,38041,0,80264,52.61,47.39,0
2021-11-30,61854,48444,0,110298,56.08,43.92,0
2021-12-01,47508,42647,0,90155,52.7,47.3,0
2021-12-02,53713,71203,0,124916,43,57,0
2021-12-03,36425,34578,0,71003,51.3,48.7,0
2021-12-04,22659,16376,0,39035,58.05,41.95,0
2021-12-05,19407,17712,0,37119,52.28,47.72,0
2021-12-06,33065,34253,0,67318,49.12,50.88,0
2021-12-07,45346,55607,0,100953,44.92,55.08,0
2021-12-08,26012,33565,0,59577,43.66,56.34,0
2021-12-09,46577,64526,0,111103,41.92,58.08,0
2021-12-10,45123,54325,0,99448,45.37,54.63,0
2021-12-11,22969,23334,0,46303,49.61,50.39,0
2021-12-12,23632,17217,0,40849,57.85,42.15,0
2021-12-13,49063,48730,0,97793,50.17,49.83,0
2021-12-14,128874,115721,0,244595,52.69,47.31,0
2021-12-15,72268,81662,0,153930,46.95,53.05,0
2021-12-16,64836,43508,0,108344,59.84,40.16,0
2021-12-17,53863,50401,0,104264,51.66,48.34,0
2021-12-18,18855,20339,0,39194,48.11,51.89,0
2021-12-19,26044,31260,0,57304,45.45,54.55,0
2021-12-20,100232,60730,0,160962,62.27,37.73,0
2021-12-21,79264,46079,0,125343,63.24,36.76,0
2021-12-22,53873,62324,0,116197,46.36,53.64,0
2021-12-23,36900,33450,0,70350,52.45,47.55,0
2021-12-24,46455,44044,0,90499,51.33,48.67,0
2021-12-25,20289,16510,0,36799,55.13,44.87,0
2021-12-26,15151,11764,0,26915,56.29,43.71,0
2021-12-27,30373,28106,0,58479,51.94,48.06,0
2021-12-28,93051,112275,0,205326,45.32,54.68,0
2021-12-29,86849,48764,0,135613,64.04,35.96,0
2021-12-30,33864,36527,0,70391,48.11,51.89,0
2021-12-31,39721,54331,0,94052,42.23,57.77,0
2022-01-01,26414,17038,0,43452,60.79,39.21,0
2022-01-02,18402,20847,0,39249,46.89,53.11,0
2022-01-03,41174,65185,0,106359,38.71,61.29,0
2022-01-04,116042,90394,0,206436,56.21,43.79,0
2022-01-05,64730,98728,0,163458,39.6,60.4,0
2022-01-06,39311,39376,0,78687,49.96,50.04,0
2022-01-07,96763,84104,0,180867,53.5,46.5,0
2022-01-08,29286,36300,0,65586,44.65,55.35,0
2022-01-09,30523,30547,0,61070,49.98,50.02,0
2022-01-10,105432,78111,0,183543,57.44,42.56,0
2022-01-11,132345,113547,0,245892,53.82,46.18,0
2022-01-12,67777,41533,0,109310,62,38,0
2022-01-13,95912,85822,0,181734,52.78,47.22,0
2022-01-14,74040,67287,0,141327,52.39,47.61,0
2022-01-15,65706,39776,0,105482,62.29,37.71,0
2022-01-16,32306,29764,0,62070,52.05,47.95,0
2022-01-17,37968,58243,0,96211,39.46,60.54,0
2022-01-18,60862,88488,0,149350,40.75,59.25,0
2022-01-19,52873,40165,0,93038,56.83,43.17,0
2022-01-20,31899,70429,0,102328,31.17,68.83,0
2022-01-21,29970,34222,0,64192,46.69,53.31,0
2022-01-22,27096,29905,0,57001,47.54,52.46,0
2022-01-23,21554,21821,0,43375,49.69,50.31,0
2022-01-24,34879,36212,0,71091,49.06,50.94,0
2022-01-25,33505,36776,0,70281,47.67,52.33,0
2022-01-26,65476,60913,0,126389,51.81,48.19,0
2022-01-27,41930,31830,0,73760,56.85,43.15,0
2022-01-28,50489,40394,0,90883,55.55,44.45,0
2022-01-29,31398,30207,0,61605,50.97,49.03,0
2022-01-30,16942,15487,0,32429,52.24,47.76,0
2022-01-31,56451,29623,0,86074,65.58,34.42,0
2022-02-01,43370,34831,0,78201,55.46,44.54,0
2022-02-02,51084,28840,0,79924,63.92,36.08,0
2022-02-03,51900,45552,0,97452,53.26,46.74,0
2022-02-04,62314,46146,0,108460,57.45,42.55,0
2022-02-05,18131,21901,0,40032,45.29,54.71,0
2022-02-06,20260,36630,0,56890,35.61,64.39,0
2022-02-07,42218,31103,0,73321,57.58,42.42,0
2022-02-08,82833,55699,0,138532,59.79,40.21,0
2022-02-09,52605,34505,0,87110,60.39,39.61,0
2022-02-10,94774,69840,0,164614,57.57,42.43,0
2022-02-11,48442,68562,0,117004,41.4,58.6,0
2022-02-12,28312,17810,0,46122,61.39,38.61,0
2022-02-13,29864,35602,0,65466,45.62,54.38,0
2022-02-14,38282,36459,0,74741,51.22,48.78,0
2022-02-15,87935,54002,0,141937,61.95,38.05,0
2022-02-16,47012,60627,0,107639,43.68,56.32,0
2022-02-17,58634,46411,0,105045,55.82,44.18,0
2022-02-18,39574,34377,0,73951,53.51,46.49,0
2022-02-19,13054,12123,0,25177,51.85,48.15,0
2022-02-20,14459,20205,0,34664,41.71,58.29,0
2022-02-21,25397,25328,0,50725,50.07,49.93,0
2022-02-22,46868,53697,0,100565,46.6,53.4,0
2022-02-23,69171,39440,0,108611,63.69,36.31,0
2022-02-24,64073,60047,0,124120,51.62,48.38,0
2022-02-25,81740,56124,0,137864,59.29,40.71,0
2022-02-26,13724,13936,0,27660,49.62,50.38,0
2022-02-27,26285,27689,0,53974,48.7,51.3,0
2022-02-28,36236,38589,0,74825,48.43,51.57,0
2022-03-01,42813,63098,0,105911,40.42,59.58,0
2022-03-02,76778,42261,0,119039,64.5,35.5,0
2022-03-03,40131,28981,0,69112,58.07,41.93,0
2022-03-04,33545,34446,0,67991,49.34,50.66,0
2022-03-05,11347,14227,0,25574,44.37,55.63,0
2022-03-06,13545,19505,0,33050,40.98,59.02,0
2022-03-07,43774,35372,0,79146,55.31,44.69,0
2022-03-08,56346,70350,0,126696,44.47,55.53,0
2022-03-09,48151,75463,0,123614,38.95,61.05,0
2022-03-10,73833,47178,0,121011,61.01,38.99,0
2022-03-11,36379,37249,0,73628,49.41,50.59,0
2022-03-12,19343,12591,0,31934,60.57,39.43,0
2022-03-13,30962,19209,0,50171,61.71,38.29,0
2022-03-14,47192,61797,0,108989,43.3,56.7,0
2022-03-15,44127,37204,0,81331,54.26,45.74,0
2022-03-16,68264,43124,0,111388,61.28,38.72,0
2022-03-17,44966,32421,0,77387,58.11,41.89,0
2022-03-18,28712,42859,0,71571,40.12,59.88,0
2022-03-19,19323,21839,0,41162,46.94,53.06,0
2022-03-20,36348,39582,0,75930,47.87,52.13,0
2022-03-21,56429,35396,0,91825,61.45,38.55,0
2022-03-22,61729,43931,0,105660,58.42,41.58,0
2022-03-23,43552,30904,0,74456,58.49,41.51,0
2022-03-24,35312,28610,0,63922,55.24,44.76,0
2022-03-25,56766,61155,0,117921,48.14,51.86,0
2022-03-26,15677,10624,0,26301,59.61,40.39,0
2022-03-27,59638,69059,0,128697,46.34,53.66,0
2022-03-28,43935,41570,0,85505,51.38,48.62,0
2022-03-29,29189,36637,0,65826,44.34,55.66,0
2022-03-30,32076,24417,0,56493,56.78,43.22,0
2022-03-31,33836,35340,0,69176,48.91,51.09,0
2022-04-01,37338,39748,0,77086,48.44,51.56,0
2022-04-02,17926,13121,0,31047,57.74,42.26,0
2022-04-03,80838,78284,0,159122,50.8,49.2,0
2022-04-04,32717,26481,0,59198,55.27,44.73,0
2022-04-05,57283,34562,0,91845,62.37,37.63,0
2022-04-06,51215,39268,0,90483,56.6,43.4,0
2022-04-07,24772,27013,0,51785,47.84,52.16,0
2022-04-08,19476,20261,0,39737,49.01,50.99,0
2022-04-09,12996,11140,0,24136,53.84,46.16,0
2022-04-10,17832,9813,0,27645,64.5,35.5,0
2022-04-11,43998,37948,0,81946,53.69,46.31,0
2022-04-12,54060,70696,0,124756,43.33,56.67,0
2022-04-13,61921,55765,0,117686,52.62,47.38,0
2022-04-14,29253,37667,0,66920,43.71,56.29,0
2022-04-15,26676,23291,0,49967,53.39,46.61,0
2022-04-16,7438,17415,0,24853,29.93,70.07,0
2022-04-17,10900,7145,0,18045,60.4,39.6,0
2022-04-18,64792,55751,0,120543,53.75,46.25,0
2022-04-19,69139,37703,0,106842,64.71,35.29,0
2022-04-20,51201,37972,0,89173,57.42,42.58,0
2022-04-21,54070,33484,0,87554,61.76,38.24,0
2022-04-22,50049,40999,0,91048,54.97,45.03,0
2022-04-23,33074,11999,0,45073,73.38,26.62,0
2022-04-24,26105,22077,0,48182,54.18,45.82,0
2022-04-25,62245,66860,0,129105,48.21,51.79,0
2022-04-26,67831,72283,0,140114,48.41,51.59,0
2022-04-27,92475,83767,0,176242,52.47,47.53,0
2022-04-28,181390,150514,0,331904,54.65,45.35,0
2022-04-29,182017,185018,0,367035,49.59,50.41,0
2022-04-30,29305,31329,0,60634,48.33,51.67,0
2022-05-01,37698,35991,0,73689,51.16,48.84,0
2022-05-02,186486,142699,0,329185,56.65,43.35,0
2022-05-03,224300,197419,0,421719,53.19,46.81,0
2022-05-04,293837,264446,0,558283,52.63,47.37,0
2022-05-05,321011,209351,0,530362,60.53,39.47,0
2022-05-06,254721,184192,0,438913,58.03,41.97,0
2022-05-07,26785,33103,0,59888,44.73,55.27,0
2022-05-08,33938,54374,0,88312,38.43,61.57,0
2022-05-09,182045,159968,0,342013,53.23,46.77,0
2022-05-10,252290,196744,0,449034,56.19,43.81,0
2022-05-11,319109,234348,0,553457,57.66,42.34,0
2022-05-12,227611,138449,0,366060,62.18,37.82,0
2022-05-13,111664,124000,0,235664,47.38,52.62,0
2022-05-14,17043,18124,0,35167,48.46,51.54,0
2022-05-15,23928,27117,0,51045,46.88,53.12,0
2022-05-16,128617,141490,0,270107,47.62,52.38,0
2022-05-17,172306,104086,0,276392,62.34,37.66,0
2022-05-18,172876,138278,0,311154,55.56,44.44,0
2022-05-19,229007,185803,0,414810,55.21,44.79,0
2022-05-20,115497,120042,0,235539,49.04,50.96,0
2022-05-21,32226,23900,0,56126,57.42,42.58,0
2022-05-22,44531,46788,0,91319,48.76,51.24,0
2022-05-23,162533,134724,0,297257,54.68,45.32,0
2022-05-24,147361,179131,0,326492,45.13,54.87,0
2022-05-25,179542,149138,0,328680,54.63,45.37,0
2022-05-26,100064,126711,0,226775,44.12,55.88,0
2022-05-27,84831,129153,0,213984,39.64,60.36,0
2022-05-28,16538,18614,0,35152,47.05,52.95,0
2022-05-29,11508,62771,0,74279,15.49,84.51,0
2022-05-30,23630,28604,0,52234,45.24,54.76,0
2022-05-31,162700,128310,0,291010,55.91,44.09,0
2022-06-01,188223,141583,0,329806,57.07,42.93,0
2022-06-02,179888,149948,0,329836,54.54,45.46,0
2022-06-03,159333,152262,0,311595,51.13,48.87,0
2022-06-04,23321,30424,0,53745,43.39,56.61,0
2022-06-05,32625,27842,0,60467,53.96,46.04,0
2022-06-06,171869,182802,0,354671,48.46,51.54,0
2022-06-07,188187,213412,0,401599,46.86,53.14,0
2022-06-08,161087,187947,0,349034,46.15,53.85,0
2022-06-09,191803,196167,0,387970,49.44,50.56,0
2022-06-10,302506,260110,0,562616,53.77,46.23,0
2022-06-11,36930,31479,0,68409,53.98,46.02,0
2022-06-12,166748,71675,0,238423,69.94,30.06,0
2022-06-13,313829,197415,0,511244,61.39,38.61,0
2022-06-14,313685,222523,0,536208,58.5,41.5,0
2022-06-15,313851,223830,0,537681,58.37,41.63,0
2022-06-16,178590,133081,0,311671,57.3,42.7,0
2022-06-17,234363,244699,0,479062,48.92,51.08,0
2022-06-18,83454,48021,0,131475,63.48,36.52,0
2022-06-19,53428,77898,0,131326,40.68,59.32,0
2022-06-20,88820,56277,0,145097,61.21,38.79,0
2022-06-21,158424,117576,0,276000,57.4,42.6,0
2022-06-22,207864,201097,0,408961,50.83,49.17,0
2022-06-23,196391,167507,0,363898,53.97,46.03,0
2022-06-24,108315,107448,0,215763,50.2,49.8,0
2022-06-25,22733,19435,0,42168,53.91,46.09,0
2022-06-26,44369,62214,0,106583,41.63,58.37,0
2022-06-27,175359,148550,0,323909,54.14,45.86,0
2022-06-28,200072,155263,0,355335,56.31,43.69,0
2022-06-29,201558,191715,0,393273,51.25,48.75,0
2022-06-30,320792,318572,0,639364,50.17,49.83,0
2022-07-01,210695,234595,0,445290,47.32,52.68,0
2022-07-02,49081,36039,0,85120,57.66,42.34,0
2022-07-03,53891,39245,0,93136,57.86,42.14,0
2022-07-04,24339,30637,0,54976,44.27,55.73,0
2022-07-05,212796,193495,0,406291,52.38,47.62,0
2022-07-06,186102,139597,0,325699,57.14,42.86,0
2022-07-07,120741,96334,0,217075,55.62,44.38,0
2022-07-08,208597,169647,0,378244,55.15,44.85,0
2022-07-09,65398,34521,0,99919,65.45,34.55,0
2022-07-10,36232,36822,0,73054,49.6,50.4,0
2022-07-11,180876,135691,0,316567,57.14,42.86,0
2022-07-12,259839,198537,0,458376,56.69,43.31,0
2022-07-13,461597,339074,0,800671,57.65,42.35,0
2022-07-14,200068,261341,0,461409,43.36,56.64,0
2022-07-15,128017,138204,0,266221,48.09,51.91,0
2022-07-16,32608,34613,0,67221,48.51,51.49,0
2022-07-17,29527,35275,0,64802,45.56,54.44,0
2022-07-18,139287,108152,0,247439,56.29,43.71,0
2022-07-19,142451,161542,0,303993,46.86,53.14,0
2022-07-20,145196,172178,0,317374,45.75,54.25,0
2022-07-21,93812,123149,0,216961,43.24,56.76,0
2022-07-22,148940,182653,0,331593,44.92,55.08,0
2022-07-23,29166,32017,0,61183,47.67,52.33,0
2022-07-24,39249,35328,0,74577,52.63,47.37,0
2022-07-25,120260,119320,0,239580,50.2,49.8,0
2022-07-26,153802,169132,0,322934,47.63,52.37,0
2022-07-27,214839,216849,0,431688,49.77,50.23,0
2022-07-28,184187,221186,0,405373,45.44,54.56,0
2022-07-29,395018,125845,0,520863,75.84,24.16,0
2022-07-30,25529,26400,0,51929,49.16,50.84,0
2022-07-31,28450,17061,0,45511,62.51,37.49,0
2022-08-01,139588,141284,0,280872,49.7,50.3,0
2022-08-02,176188,168753,0,344941,51.08,48.92,0
2022-08-03,146984,146180,0,293164,50.14,49.86,0
2022-08-04,159004,153818,0,312822,50.83,49.17,0
2022-08-05,205914,163632,0,369546,55.72,44.28,0
2022-08-06,37983,31918,0,69901,54.34,45.66,0
2022-08-07,50985,45754,0,96739,52.7,47.3,0
2022-08-08,257044,235723,0,492767,52.16,47.84,0
2022-08-09,239885,198974,0,438859,54.66,45.34,0
2022-08-10,303936,217312,0,521248,58.31,41.69,0
2022-08-11,229208,227599,0,456807,50.18,49.82,0
2022-08-12,175637,177267,0,352904,49.77,50.23,0
2022-08-13,52534,40810,0,93344,56.28,43.72,0
2022-08-14,29947,35857,0,65804,45.51,54.49,0
2022-08-15,253160,312141,0,565301,44.78,55.22,0
2022-08-16,209381,243642,0,453023,46.22,53.78,0
2022-08-17,225867,198030,0,423897,53.28,46.72,0
2022-08-18,219185,163498,0,382683,57.28,42.72,0
2022-08-19,171438,170138,0,341576,50.19,49.81,0
2022-08-20,24872,19299,0,44171,56.31,43.69,0
2022-08-21,66348,48946,0,115294,57.55,42.45,0
2022-08-22,175135,144281,0,319416,54.83,45.17,0
2022-08-23,264667,199406,0,464073,57.03,42.97,0
2022-08-24,247802,228805,0,476607,51.99,48.01,0
2022-08-25,266948,194866,0,461814,57.8,42.2,0
2022-08-26,349640,293811,0,643451,54.34,45.66,0
2022-08-27,54864,52279,0,107143,51.21,48.79,0
2022-08-28,34277,57549,0,91826,37.33,62.67,0
2022-08-29,232702,196381,0,429083,54.23,45.77,0
2022-08-30,244134,218338,0,462472,52.79,47.21,0
2022-08-31,156308,149297,0,305605,51.15,48.85,0
2022-09-01,180993,131491,0,312484,57.92,42.08,0
2022-09-02,189270,215188,0,404458,46.8,53.2,0
2022-09-03,25355,30192,0,55547,45.65,54.35,0
2022-09-04,24766,24806,0,49572,49.96,50.04,0
2022-09-05,35549,38656,0,74205,47.91,52.09,0
2022-09-06,269324,271359,0,540683,49.81,50.19,0
2022-09-07,239424,183113,0,422537,56.66,43.34,0
2022-09-08,211807,174904,0,386711,54.77,45.23,0
2022-09-09,156304,110066,0,266370,58.68,41.32,0
2022-09-10,36978,55130,0,92108,40.15,59.85,0
2022-09-11,43684,32376,0,76060,57.43,42.57,0
2022-09-12,204927,167050,0,371977,55.09,44.91,0
2022-09-13,431174,314828,0,746002,57.8,42.2,0
2022-09-14,217945,160703,0,378648,57.56,42.44,0
2022-09-15,165339,162498,0,327837,50.43,49.57,0
2022-09-16,182502,164796,0,347298,52.55,47.45,0
2022-09-17,33008,38832,0,71840,45.95,54.05,0
2022-09-18,38619,31275,0,69894,55.25,44.75,0
2022-09-19,142891,128752,0,271643,52.6,47.4,0
2022-09-20,242131,185207,0,427338,56.66,43.34,0
2022-09-21,187228,200999,0,388227,48.23,51.77,0
2022-09-22,189096,161188,0,350284,53.98,46.02,0
2022-09-23,176298,187429,0,363727,48.47,51.53,0
2022-09-24,53955,48773,0,102728,52.52,47.48,0
2022-09-25,24800,37253,0,62053,39.97,60.03,0
2022-09-26,148967,142219,0,291186,51.16,48.84,0
2022-09-27,213404,200458,0,413862,51.56,48.44,0
2022-09-28,200854,176728,0,377582,53.19,46.81,0
2022-09-29,174990,170185,0,345175,50.7,49.3,0
2022-09-30,164055,126262,0,290317,56.51,43.49,0
2022-10-01,18319,31556,0,49875,36.73,63.27,0
2022-10-02,45683,53425,0,99108,46.09,53.91,0
2022-10-03,150042,167594,0,317636,47.24,52.76,0
2022-10-04,182623,151918,0,334541,54.59,45.41,0
2022-10-05,168818,157710,0,326528,51.7,48.3,0
2022-10-06,196424,155435,0,351859,55.82,44.18,0
2022-10-07,171147,134334,0,305481,56.03,43.97,0
2022-10-08,25642,38729,0,64371,39.83,60.17,0
2022-10-09,39130,33583,0,72713,53.81,46.19,0
2022-10-10,144421,147997,0,292418,49.39,50.61,0
2022-10-11,158720,141445,0,300165,52.88,47.12,0
2022-10-12,242733,168563,0,411296,59.02,40.98,0
2022-10-13,306823,239636,0,546459,56.15,43.85,0
2022-10-14,146366,123616,0,269982,54.21,45.79,0
2022-10-15,25000,30908,0,55908,44.72,55.28,0
2022-10-16,43623,39608,0,83231,52.41,47.59,0
2022-10-17,149651,153697,0,303348,49.33,50.67,0
2022-10-18,172597,178544,0,351141,49.15,50.85,0
2022-10-19,164215,132240,0,296455,55.39,44.61,0
2022-10-20,202121,169174,0,371295,54.44,45.56,0
2022-10-21,196320,180339,0,376659,52.12,47.88,0
2022-10-22,25521,25091,0,50612,50.42,49.58,0
2022-10-23,41688,36603,0,78291,53.25,46.75,0
2022-10-24,176431,152274,0,328705,53.67,46.33,0
2022-10-25,143710,141843,0,285553,50.33,49.67,0
2022-10-26,190247,158655,0,348902,54.53,45.47,0
2022-10-27,190950,216720,0,407670,46.84,53.16,0
2022-10-28,140943,111106,0,252049,55.92,44.08,0
2022-10-29,25965,25551,0,51516,50.4,49.6,0
2022-10-30,37240,24234,0,61474,60.58,39.42,0
2022-10-31,204155,179805,0,383960,53.17,46.83,0
2022-11-01,148729,133830,0,282559,52.64,47.36,0
2022-11-02,204093,249126,0,453219,45.03,54.97,0
2022-11-03,152137,133644,0,285781,53.24,46.76,0
2022-11-04,191029,157827,0,348856,54.76,45.24,0
2022-11-05,48433,47438,0,95871,50.52,49.48,0
2022-11-06,55628,32641,0,88269,63.02,36.98,0
2022-11-07,177435,160235,0,337670,52.55,47.45,0
2022-11-08,152626,124693,0,277319,55.04,44.96,0
2022-11-09,133163,131986,0,265149,50.22,49.78,0
2022-11-10,113185,214511,0,327696,34.54,65.46,0
2022-11-11,172788,92309,0,265097,65.18,34.82,0
2022-11-12,27582,28366,0,55948,49.3,50.7,0
2022-11-13,29252,30871,0,60123,48.65,51.35,0
2022-11-14,188792,143145,0,331937,56.88,43.12,0
2022-11-15,222509,215533,0,438042,50.8,49.2,0
2022-11-16,128830,110796,0,239626,53.76,46.24,0
2022-11-17,137783,114091,0,251874,54.7,45.3,0
2022-11-18,161745,119200,0,280945,57.57,42.43,0
2022-11-19,15290,18150,0,33440,45.72,54.28,0
2022-11-20,37399,53007,0,90406,41.37,58.63,0
2022-11-21,124405,117042,0,241447,51.52,48.48,0
2022-11-22,147901,154615,0,302516,48.89,51.11,0
2022-11-23,139021,128383,0,267404,51.99,48.01,0
2022-11-24,43958,51213,0,95171,46.19,53.81,0
2022-11-25,75058,60559,0,135617,55.35,44.65,0
2022-11-26,21138,15899,0,37037,57.07,42.93,0
2022-11-27,52636,41061,0,93697,56.18,43.82,0
2022-11-28,122052,113846,0,235898,51.74,48.26,0
2022-11-29,151202,185049,0,336251,44.97,55.03,0
2022-11-30,143968,236292,0,380260,37.86,62.14,0
2022-12-01,87481,108609,0,196090,44.61,55.39,0
2022-12-02,170677,134108,0,304785,56,44,0
2022-12-03,28273,36689,0,64962,43.52,56.48,0
2022-12-04,27335,18672,0,46007,59.41,40.59,0
2022-12-05,134651,97352,0,232003,58.04,41.96,0
2022-12-06,118462,122668,0,241130,49.13,50.87,0
2022-12-07,134583,165199,0,299782,44.89,55.11,0
2022-12-08,172830,120457,0,293287,58.93,41.07,0
2022-12-09,150860,147311,0,298171,50.6,49.4,0
2022-12-10,16675,30607,0,47282,35.27,64.73,0
2022-12-11,43668,25708,0,69376,62.94,37.06,0
2022-12-12,180942,157035,0,337977,53.54,46.46,0
2022-12-13,244063,302368,0,546431,44.66,55.34,0
2022-12-14,157318,144544,0,301862,52.12,47.88,0
2022-12-15,140026,163486,0,303512,46.14,53.86,0
2022-12-16,128654,119100,0,247754,51.93,48.07,0
2022-12-17,24506,12304,0,36810,66.57,33.43,0
2022-12-18,11792,21937,0,33729,34.96,65.04,0
2022-12-19,129964,115800,0,245764,52.88,47.12,0
2022-12-20,180243,114496,0,294739,61.15,38.85,0
2022-12-21,104526,104248,0,208774,50.07,49.93,0
2022-12-22,146915,123993,0,270908,54.23,45.77,0
2022-12-23,126226,100333,0,226559,55.71,44.29,0
2022-12-24,7935,28999,0,36934,21.48,78.52,0
2022-12-25,14665,13669,0,28334,51.76,48.24,0
2022-12-26,13614,29495,0,43109,31.58,68.42,0
2022-12-27,82313,85395,0,167708,49.08,50.92,0
2022-12-28,136979,112355,0,249334,54.94,45.06,0
2022-12-29,93143,87225,0,180368,51.64,48.36,0
2022-12-30,147761,70265,0,218026,67.77,32.23,0
2022-12-31,12936,13723,0,26659,48.52,51.48,0
2023-01-01,10053,14922,0,24975,40.25,59.75,0
2023-01-02,24859,40631,0,65490,37.96,62.04,0
2023-01-03,130180,85098,0,215278,60.47,39.53,0
2023-01-04,120902,107300,0,228202,52.98,47.02,0
2023-01-05,111853,104223,0,216076,51.77,48.23,0
2023-01-06,154568,140064,0,294632,52.46,47.54,0
2023-01-07,19955,22147,0,42102,47.4,52.6,0
2023-01-08,24427,28042,0,52469,46.56,53.44,0
2023-01-09,103262,112622,0,215884,47.83,52.17,0
2023-01-10,109111,92737,0,201848,54.06,45.94,0
2023-01-11,115470,94369,0,209839,55.03,44.97,0
2023-01-12,163043,120645,0,283688,57.47,42.53,0
2023-01-13,114489,65390,0,179879,63.65,36.35,0
2023-01-14,7871,10573,0,18444,42.68,57.32,0
2023-01-15,8087,7946,0,16033,50.44,49.56,0
2023-01-16,29486,22477,0,51963,56.74,43.26,0
2023-01-17,41343,33887,0,75230,54.96,45.04,0
2023-01-18,131038,84729,0,215767,60.73,39.27,0
2023-01-19,94336,84748,0,179084,52.68,47.32,0
2023-01-20,100580,93031,0,193611,51.95,48.05,0
2023-01-21,13110,16818,0,29928,43.81,56.19,0
2023-01-22,26737,24542,0,51279,52.14,47.86,0
2023-01-23,115098,61192,0,176290,65.29,34.71,0
2023-01-24,100657,67467,0,168124,59.87,40.13,0
2023-01-25,183356,130679,0,314035,58.39,41.61,0
2023-01-26,132670,98824,0,231494,57.31,42.69,0
2023-01-27,148747,77619,0,226366,65.71,34.29,0
2023-01-28,11855,20557,0,32412,36.58,63.42,0
2023-01-29,25368,18000,0,43368,58.49,41.51,0
2023-01-30,97813,96193,0,194006,50.42,49.58,0
2023-01-31,101924,97485,0,199409,51.11,48.89,0
2023-02-01,119061,133097,0,252158,47.22,52.78,0
2023-02-02,190751,171280,0,362031,52.69,47.31,0
2023-02-03,206880,126004,0,332884,62.15,37.85,0
2023-02-04,18349,19486,0,37835,48.5,51.5,0
2023-02-05,33016,33925,0,66941,49.32,50.68,0
2023-02-06,98697,84364,0,183061,53.91,46.09,0
2023-02-07,109606,113724,0,223330,49.08,50.92,0
2023-02-08,120626,75774,0,196400,61.42,38.58,0
2023-02-09,82735,88479,0,171214,48.32,51.68,0
2023-02-10,96857,99014,0,195871,49.45,50.55,0
2023-02-11,10423,23693,0,34116,30.55,69.45,0
2023-02-12,14735,16751,0,31486,46.8,53.2,0
2023-02-13,84946,103202,0,188148,45.15,54.85,0
2023-02-14,203292,167624,0,370916,54.81,45.19,0
2023-02-15,140006,121775,0,261781,53.48,46.52,0
2023-02-16,136809,99667,0,236476,57.85,42.15,0
2023-02-17,79735,59625,0,139360,57.22,42.78,0
2023-02-18,7273,10109,0,17382,41.84,58.16,0
2023-02-19,16555,22387,0,38942,42.51,57.49,0
2023-02-20,35123,32111,0,67234,52.24,47.76,0
2023-02-21,75947,79695,0,155642,48.8,51.2,0
2023-02-22,95729,89880,0,185609,51.58,48.42,0
2023-02-23,83519,79471,0,162990,51.24,48.76,0
2023-02-24,121122,106013,0,227135,53.33,46.67,0
2023-02-25,22200,9569,0,31769,69.88,30.12,0
2023-02-26,37071,39571,0,76642,48.37,51.63,0
2023-02-27,141518,132868,0,274386,51.58,48.42,0
2023-02-28,168626,183310,0,351936,47.91,52.09,0
2023-03-01,213435,162977,0,376412,56.7,43.3,0
2023-03-02,135153,125907,0,261060,51.77,48.23,0
2023-03-03,103635,123184,0,226819,45.69,54.31,0
2023-03-04,30408,13325,0,43733,69.53,30.47,0
2023-03-05,19288,17984,0,37272,51.75,48.25,0
2023-03-06,134952,161108,0,296060,45.58,54.42,0
2023-03-07,224124,199639,0,423763,52.89,47.11,0
2023-03-08,215291,197464,0,412755,52.16,47.84,0
2023-03-09,311524,357251,0,668775,46.58,53.42,0
2023-03-10,253781,306007,0,559788,45.34,54.66,0
2023-03-11,16274,40138,0,56412,28.85,71.15,0
2023-03-12,80539,113030,0,193569,41.61,58.39,0
2023-03-13,337118,369068,0,706186,47.74,52.26,0
2023-03-14,243179,284212,0,527391,46.11,53.89,0
2023-03-15,326886,370226,0,697112,46.89,53.11,0
2023-03-16,226505,240427,0,466932,48.51,51.49,0
2023-03-17,181944,196709,0,378653,48.05,51.95,0
2023-03-18,27911,21397,0,49308,56.61,43.39,0
2023-03-19,38281,47471,0,85752,44.64,55.36,0
2023-03-20,159589,171178,0,330767,48.25,51.75,0
2023-03-21,212945,212749,0,425694,50.02,49.98,0
2023-03-22,227321,273104,0,500425,45.43,54.57,0
2023-03-23,249792,281782,0,531574,46.99,53.01,0
2023-03-24,162445,215506,0,377951,42.98,57.02,0
2023-03-25,16610,12537,0,29147,56.99,43.01,0
2023-03-26,28159,29004,0,57163,49.26,50.74,0
2023-03-27,190042,193711,0,383753,49.52,50.48,0
2023-03-28,141943,149736,0,291679,48.66,51.34,0
2023-03-29,216628,159098,0,375726,57.66,42.34,0
2023-03-30,174417,186506,0,360923,48.33,51.67,0
2023-03-31,159778,214125,0,373903,42.73,57.27,0
2023-04-01,36144,26935,0,63079,57.3,42.7,0
2023-04-02,14515,19863,0,34378,42.22,57.78,0
2023-04-03,162290,176020,0,338310,47.97,52.03,0
2023-04-04,196352,284632,0,480984,40.82,59.18,0
2023-04-05,274485,289533,0,564018,48.67,51.33,0
2023-04-06,250843,293530,0,544373,46.08,53.92,0
2023-04-07,322549,106941,0,429490,75.1,24.9,0
2023-04-08,207627,29629,0,237256,87.51,12.49,0
2023-04-09,343889,51618,0,395507,86.95,13.05,0
2023-04-10,365542,223432,0,588974,62.06,37.94,0
2023-04-11,200353,190686,0,391039,51.24,48.76,0
2023-04-12,275003,313049,0,588052,46.77,53.23,0
2023-04-13,177060,210193,0,387253,45.72,54.28,0
2023-04-14,282845,243965,0,526810,53.69,46.31,0
2023-04-15,64462,29144,0,93606,68.87,31.13,0
2023-04-16,47905,22324,0,70229,68.21,31.79,0
2023-04-17,196954,184093,0,381047,51.69,48.31,0
2023-04-18,261220,232341,0,493561,52.93,47.07,0
2023-04-19,399092,202535,0,601627,66.34,33.66,0
2023-04-20,366438,177620,0,544058,67.35,32.65,0
2023-04-21,261258,131514,0,392772,66.52,33.48,0
2023-04-22,77625,70720,0,148345,52.33,47.67,0
2023-04-23,95716,91491,0,187207,51.13,48.87,0
2023-04-24,237126,228690,0,465816,50.91,49.09,0
2023-04-25,334369,317739,0,652108,51.28,48.72,0
2023-04-26,267498,233810,0,501308,53.36,46.64,0
2023-04-27,306999,231366,0,538365,57.02,42.98,0
2023-04-28,227003,198226,0,425229,53.38,46.62,0
2023-04-29,179501,61312,0,240813,74.54,25.46,0
2023-04-30,117609,73248,0,190857,61.62,38.38,0
2023-05-01,276806,221729,0,498535,55.52,44.48,0
2023-05-02,515759,462613,0,978372,52.72,47.28,0
2023-05-03,659169,539556,0,1198725,54.99,45.01,0
2023-05-04,382368,402853,0,785221,48.7,51.3,0
2023-05-05,344078,316081,0,660159,52.12,47.88,0
2023-05-06,46575,40448,0,87023,53.52,46.48,0
2023-05-07,78945,39840,0,118785,66.46,33.54,0
2023-05-08,177357,213982,0,391339,45.32,54.68,0
2023-05-09,203462,202919,0,406381,50.07,49.93,0
2023-05-10,254047,292281,0,546328,46.5,53.5,0
2023-05-11,156021,207028,0,363049,42.98,57.02,0
2023-05-12,188006,148617,0,336623,55.85,44.15,0
2023-05-13,35718,24233,0,59951,59.58,40.42,0
2023-05-14,59279,18977,0,78256,75.75,24.25,0
2023-05-15,240841,248385,0,489226,49.23,50.77,0
2023-05-16,350455,309088,0,659543,53.14,46.86,0
2023-05-17,447647,293237,0,740884,60.42,39.58,0
2023-05-18,573785,299201,0,872986,65.73,34.27,0
2023-05-19,507457,302856,0,810313,62.62,37.38,0
2023-05-20,158818,54246,0,213064,74.54,25.46,0
2023-05-21,136353,108075,0,244428,55.78,44.22,0
2023-05-22,517253,344287,0,861540,60.04,39.96,0
2023-05-23,628672,424450,0,1053122,59.7,40.3,0
2023-05-24,681456,488829,0,1170285,58.23,41.77,0
2023-05-25,695019,639593,0,1334612,52.08,47.92,0
2023-05-26,455798,456452,0,912250,49.96,50.04,0
2023-05-27,181498,88531,0,270029,67.21,32.79,0
2023-05-28,221566,85858,0,307424,72.07,27.93,0
2023-05-29,293548,35557,0,329105,89.2,10.8,0
2023-05-30,648579,396710,0,1045289,62.05,37.95,0
2023-05-31,701690,451881,0,1153571,60.83,39.17,0
2023-06-01,625546,472593,0,1098139,56.96,43.04,0
2023-06-02,552178,501069,0,1053247,52.43,47.57,0
2023-06-03,114106,19725,0,133831,85.26,14.74,0
2023-06-04,123093,55817,0,178910,68.8,31.2,0
2023-06-05,513546,410882,0,924428,55.55,44.45,0
2023-06-06,435860,367928,0,803788,54.23,45.77,0
2023-06-07,541267,341914,0,883181,61.29,38.71,0
2023-06-08,423058,301943,0,725001,58.35,41.65,0
2023-06-09,352405,317615,0,670020,52.6,47.4,0
2023-06-10,136807,44974,0,181781,75.26,24.74,0
2023-06-11,130954,60201,0,191155,68.51,31.49,0
2023-06-12,353116,269721,0,622837,56.69,43.31,0
2023-06-13,719628,494930,0,1214558,59.25,40.75,0
2023-06-14,606610,658419,0,1265029,47.95,52.05,0
2023-06-15,466114,354928,0,821042,56.77,43.23,0
2023-06-16,449021,270315,0,719336,62.42,37.58,0
2023-06-17,139853,34043,0,173896,80.42,19.58,0
2023-06-18,201368,74829,0,276197,72.91,27.09,0
2023-06-19,166195,58157,0,224352,74.08,25.92,0
2023-06-20,388614,328376,0,716990,54.2,45.8,0
2023-06-21,650598,521934,0,1172532,55.49,44.51,0
2023-06-22,516703,371407,0,888110,58.18,41.82,0
2023-06-23,461860,340947,0,802807,57.53,42.47,0
2023-06-24,181127,12557,0,193684,93.52,6.48,0
2023-06-25,154058,19048,0,173106,89,11,0
2023-06-26,681028,519261,0,1200289,56.74,43.26,0
2023-06-27,609739,500234,0,1109973,54.93,45.07,0
2023-06-28,559016,408763,0,967779,57.76,42.24,0
2023-06-29,637382,436569,0,1073951,59.35,40.65,0
2023-06-30,350443,384900,0,735343,47.66,52.34,0
2023-07-01,143920,32949,0,176869,81.37,18.63,0
2023-07-02,111857,26391,0,138248,80.91,19.09,0
2023-07-03,384782,299803,0,684585,56.21,43.79,0
2023-07-04,176953,56438,0,233391,75.82,24.18,0
2023-07-05,531152,290203,0,821355,64.67,35.33,0
2023-07-06,618082,434555,0,1052637,58.72,41.28,0
2023-07-07,523728,422436,0,946164,55.35,44.65,0
2023-07-08,178811,38574,0,217385,82.26,17.74,0
2023-07-09,150924,43394,0,194318,77.67,22.33,0
2023-07-10,558889,305308,0,864197,64.67,35.33,0
2023-07-11,374854,257814,0,632668,59.25,40.75,0
2023-07-12,578522,415144,0,993666,58.22,41.78,0
2023-07-13,403818,313991,0,717809,56.26,43.74,0
2023-07-14,426808,246476,0,673284,63.39,36.61,0
2023-07-15,119871,58098,0,177969,67.35,32.65,0
2023-07-16,57666,98306,0,155972,36.97,63.03,0
2023-07-17,431736,249267,0,681003,63.4,36.6,0
2023-07-18,483385,267496,0,750881,64.38,35.62,0
2023-07-19,519183,359684,0,878867,59.07,40.93,0
2023-07-20,466756,395376,0,862132,54.14,45.86,0
2023-07-21,358965,398803,0,757768,47.37,52.63,0
2023-07-22,84722,37890,0,122612,69.1,30.9,0
2023-07-23,209880,88997,0,298877,70.22,29.78,0
2023-07-24,523929,279373,0,803302,65.22,34.78,0
2023-07-25,467596,277165,0,744761,62.78,37.22,0
2023-07-26,402944,357699,0,760643,52.97,47.03,0
2023-07-27,554318,414050,0,968368,57.24,42.76,0
2023-07-28,473453,248053,0,721506,65.62,34.38,0
2023-07-29,162071,18406,0,180477,89.8,10.2,0
2023-07-30,71876,84432,0,156308,45.98,54.02,0
2023-07-31,366995,200134,0,567129,64.71,35.29,0
2023-08-01,374644,191969,0,566613,66.12,33.88,0
2023-08-02,494875,330326,0,825201,59.97,40.03,0
2023-08-03,280977,246076,0,527053,53.31,46.69,0
2023-08-04,520830,511043,0,1031873,50.47,49.53,0
2023-08-05,46352,172257,0,218609,21.2,78.8,0
2023-08-06,47000,91477,0,138477,33.94,66.06,0
2023-08-07,589055,322808,0,911863,64.6,35.4,0
2023-08-08,442803,295710,0,738513,59.96,40.04,0
2023-08-09,699576,296205,0,995781,70.25,29.75,0
2023-08-10,409180,331036,0,740216,55.28,44.72,0
2023-08-11,413547,246728,0,660275,62.63,37.37,0
2023-08-12,138710,28277,0,166987,83.07,16.93,0
2023-08-13,196977,29975,0,226952,86.79,13.21,0
2023-08-14,329185,204913,0,534098,61.63,38.37,0
2023-08-15,383548,240514,0,624062,61.46,38.54,0
2023-08-16,394244,322051,0,716295,55.04,44.96,0
2023-08-17,373240,209425,0,582665,64.06,35.94,0
2023-08-18,384915,229674,0,614589,62.63,37.37,0
2023-08-19,86703,10003,0,96706,89.66,10.34,0
2023-08-20,104517,25253,0,129770,80.54,19.46,0
2023-08-21,300393,197824,0,498217,60.29,39.71,0
2023-08-22,226912,275317,0,502229,45.18,54.82,0
2023-08-23,284015,236559,0,520574,54.56,45.44,0
2023-08-24,379269,289176,0,668445,56.74,43.26,0
2023-08-25,426212,354997,0,781209,54.56,45.44,0
2023-08-26,58399,56606,0,115005,50.78,49.22,0
2023-08-27,73837,91655,0,165492,44.62,55.38,0
2023-08-28,159161,285894,0,445055,35.76,64.24,0
2023-08-29,237820,260042,0,497862,47.77,52.23,0
2023-08-30,297136,347157,0,644293,46.12,53.88,0
2023-08-31,287844,288854,0,576698,49.91,50.09,0
2023-09-01,326077,300460,0,626537,52.04,47.96,0
2023-09-02,169681,89306,0,258987,65.52,34.48,0
2023-09-03,264702,52625,0,317327,83.42,16.58,0
2023-09-04,159431,48650,0,208081,76.62,23.38,0
2023-09-05,352407,157723,0,510130,69.08,30.92,0
2023-09-06,847446,210878,0,1058324,80.07,19.93,0
2023-09-07,558078,226556,0,784634,71.13,28.87,0
2023-09-08,304230,202023,0,506253,60.09,39.91,0
2023-09-09,188101,74682,0,262783,71.58,28.42,0
2023-09-10,63205,82483,0,145688,43.38,56.62,0
2023-09-11,269531,212959,0,482490,55.86,44.14,0
2023-09-12,369606,296632,0,666238,55.48,44.52,0
2023-09-13,488095,334576,0,822671,59.33,40.67,0
2023-09-14,387905,387158,0,775063,50.05,49.95,0
2023-09-15,294698,233112,0,527810,55.83,44.17,0
2023-09-16,238570,101907,0,340477,70.07,29.93,0
2023-09-17,98431,63814,0,162245,60.67,39.33,0
2023-09-18,284033,275069,0,559102,50.8,49.2,0
2023-09-19,331192,211655,0,542847,61.01,38.99,0
2023-09-20,457511,399152,0,856663,53.41,46.59,0
2023-09-21,366966,253843,0,620809,59.11,40.89,0
2023-09-22,364668,219520,0,584188,62.42,37.58,0
2023-09-23,135458,75769,0,211227,64.13,35.87,0
2023-09-24,302604,103204,0,405808,74.57,25.43,0
2023-09-25,733050,224247,0,957297,76.57,23.43,0
2023-09-26,373054,234200,0,607254,61.43,38.57,0
2023-09-27,535399,266824,0,802223,66.74,33.26,0
2023-09-28,472387,264872,0,737259,64.07,35.93,0
2023-09-29,731684,332784,0,1064468,68.74,31.26,0
2023-09-30,251089,202588,0,453677,55.35,44.65,0
2023-10-01,187419,53947,0,241366,77.65,22.35,0
2023-10-02,903665,332552,0,1236217,73.1,26.9,0
2023-10-03,630682,317462,0,948144,66.52,33.48,0
2023-10-04,832297,471429,0,1303726,63.84,36.16,0
2023-10-05,543305,265826,0,809131,67.15,32.85,0
2023-10-06,586978,394616,0,981594,59.8,40.2,0
2023-10-07,528024,70300,0,598324,88.25,11.75,0
2023-10-08,420982,75504,0,496486,84.79,15.21,0
2023-10-09,605189,316579,0,921768,65.66,34.34,0
2023-10-10,457513,284267,0,741780,61.68,38.32,0
2023-10-11,927660,316740,0,1244400,74.55,25.45,0
2023-10-12,503090,328598,0,831688,60.49,39.51,0
2023-10-13,606715,357569,0,964284,62.92,37.08,0
2023-10-14,519770,29984,0,549754,94.55,5.45,0
2023-10-15,304951,32584,0,337535,90.35,9.65,0
2023-10-16,469001,322951,0,791952,59.22,40.78,0
2023-10-17,789143,333860,0,1123003,70.27,29.73,0
2023-10-18,481299,325827,0,807126,59.63,40.37,0
2023-10-19,594915,354204,0,949119,62.68,37.32,0
2023-10-20,823302,303178,0,1126480,73.09,26.91,0
2023-10-21,1074552,35049,0,1109601,96.84,3.16,0
2023-10-22,327079,47937,0,375016,87.22,12.78,0
2023-10-23,597247,279484,0,876731,68.12,31.88,0
2023-10-24,1052592,369333,0,1421925,74.03,25.97,0
2023-10-25,829897,418879,0,1248776,66.46,33.54,0
2023-10-26,433392,415070,0,848462,51.08,48.92,0
2023-10-27,513475,389169,0,902644,56.89,43.11,0
2023-10-28,223501,75264,0,298765,74.81,25.19,0
2023-10-29,159056,59733,0,218789,72.7,27.3,0
2023-10-30,460971,396767,0,857738,53.74,46.26,0
2023-10-31,481766,431655,0,913421,52.74,47.26,0
2023-11-01,715701,372935,0,1088636,65.74,34.26,0
2023-11-02,406324,319179,0,725503,56.01,43.99,0
2023-11-03,704640,446777,0,1151417,61.2,38.8,0
2023-11-04,362855,65793,0,428648,84.65,15.35,0
2023-11-05,533685,26503,0,560188,95.27,4.73,0
2023-11-06,745163,326431,0,1071594,69.54,30.46,0
2023-11-07,738213,300692,0,1038905,71.06,28.94,0
2023-11-08,468537,330023,0,798560,58.67,41.33,0
2023-11-09,654342,493497,0,1147839,57.01,42.99,0
2023-11-10,497069,329992,0,827061,60.1,39.9,0
2023-11-11,214991,99686,0,314677,68.32,31.68,0
2023-11-12,158348,100528,0,258876,61.17,38.83,0
2023-11-13,321543,258809,0,580352,55.4,44.6,0
2023-11-14,514014,647976,0,1161990,44.24,55.76,0
2023-11-15,309173,319700,0,628873,49.16,50.84,0
2023-11-16,383522,384159,0,767681,49.96,50.04,0
2023-11-17,351190,314941,0,666131,52.72,47.28,0
2023-11-18,344895,88765,0,433660,79.53,20.47,0
2023-11-19,227681,99442,0,327123,69.6,30.4,0
2023-11-20,317516,327181,0,644697,49.25,50.75,0
2023-11-21,417426,262691,0,680117,61.38,38.62,0
2023-11-22,430769,384145,0,814914,52.86,47.14,0
2023-11-23,73923,82863,0,156786,47.15,52.85,0
2023-11-24,88176,132270,0,220446,40,60,0
2023-11-25,28732,44502,0,73234,39.23,60.77,0
2023-11-26,39161,61304,0,100465,38.98,61.02,0
2023-11-27,294252,360271,0,654523,44.96,55.04,0
2023-11-28,411653,410670,0,822323,50.06,49.94,0
2023-11-29,338623,488273,0,826896,40.95,59.05,0
2023-11-30,454076,641099,0,1095175,41.46,58.54,0
2023-12-01,362737,402772,0,765509,47.39,52.61,0
2023-12-02,23817,50890,0,74707,31.88,68.12,0
2023-12-03,57446,37010,0,94456,60.82,39.18,0
2023-12-04,393057,253915,0,646972,60.75,39.25,0
2023-12-05,384502,366045,0,750547,51.23,48.77,0
2023-12-06,401218,441810,0,843028,47.59,52.41,0
2023-12-07,266829,256267,0,523096,51.01,48.99,0
2023-12-08,399187,373433,0,772620,51.67,48.33,0
2023-12-09,69467,79229,0,148696,46.72,53.28,0
2023-12-10,53717,34278,0,87995,61.05,38.95,0
2023-12-11,292766,299237,0,592003,49.45,50.55,0
2023-12-12,303824,267017,0,570841,53.22,46.78,0
2023-12-13,481746,552260,0,1034006,46.59,53.41,0
2023-12-14,396250,406139,0,802389,49.38,50.62,0
2023-12-15,397453,388909,0,786362,50.54,49.46,0
2023-12-16,87451,91916,0,179367,48.76,51.24,0
2023-12-17,34175,120077,0,154252,22.16,77.84,0
2023-12-18,233497,234128,0,467625,49.93,50.07,0
2023-12-19,265102,237065,0,502167,52.79,47.21,0
2023-12-20,456144,337411,0,793555,57.48,42.52,0
2023-12-21,363814,225004,0,588818,61.79,38.21,0
2023-12-22,311777,268833,0,580610,53.7,46.3,0
2023-12-23,22216,22498,0,44714,49.68,50.32,0
2023-12-24,24079,11230,0,35309,68.2,31.8,0
2023-12-25,97294,18730,0,116024,83.86,16.14,0
2023-12-26,245605,138776,0,384381,63.9,36.1,0
2023-12-27,318576,151907,0,470483,67.71,32.29,0
2023-12-28,229905,140775,0,370680,62.02,37.98,0
2023-12-29,286248,278653,0,564901,50.67,49.33,0
2023-12-30,55410,232815,0,288225,19.22,80.78,0
2023-12-31,43534,121197,0,164731,26.43,73.57,0
2024-01-01,42654,109892,0,152546,27.96,72.04,0
2024-01-02,512197,308877,0,821074,62.38,37.62,0
2024-01-03,556562,390955,0,947517,58.74,41.26,0
2024-01-04,288296,234788,0,523084,55.11,44.89,0
2024-01-05,447264,400304,0,847568,52.77,47.23,0
2024-01-06,48197,44562,0,92759,51.96,48.04,0
2024-01-07,59572,40714,0,100286,59.4,40.6,0
2024-01-08,278774,242127,0,520901,53.52,46.48,0
2024-01-09,363722,330641,0,694363,52.38,47.62,0
2024-01-10,401241,379322,0,780563,51.4,48.6,0
2024-01-11,602957,482065,0,1085022,55.57,44.43,0
2024-01-12,449349,389514,0,838863,53.57,46.43,0
2024-01-13,33837,47950,0,81787,41.37,58.63,0
2024-01-14,50534,75884,0,126418,39.97,60.03,0
2024-01-15,109054,147029,0,256083,42.59,57.41,0
2024-01-16,430796,439999,0,870795,49.47,50.53,0
2024-01-17,357897,322312,0,680209,52.62,47.38,0
2024-01-18,304012,330418,0,634430,47.92,52.08,0
2024-01-19,297778,249774,0,547552,54.38,45.62,0
2024-01-20,52308,222078,0,274386,19.06,80.94,0
2024-01-21,92911,38254,0,131165,70.84,29.16,0
2024-01-22,510267,267406,0,777673,65.61,34.39,0
2024-01-23,416038,206614,0,622652,66.82,33.18,0
2024-01-24,402825,320652,0,723477,55.68,44.32,0
2024-01-25,416321,352809,0,769130,54.13,45.87,0
2024-01-26,337585,272683,0,610268,55.32,44.68,0
2024-01-27,49107,51297,0,100404,48.91,51.09,0
2024-01-28,63872,29478,0,93350,68.42,31.58,0
2024-01-29,357924,303159,0,661083,54.14,45.86,0
2024-01-30,332775,320420,0,653195,50.95,49.05,0
2024-01-31,751921,640622,0,1392543,54,46,0
2024-02-01,435495,562631,0,998126,43.63,56.37,0
2024-02-02,530463,607042,0,1137505,46.63,53.37,0
2024-02-03,31484,43134,0,74618,42.19,57.81,0
2024-02-04,156786,120230,0,277016,56.6,43.4,0
2024-02-05,355273,327081,0,682354,52.07,47.93,0
2024-02-06,348283,368441,0,716724,48.59,51.41,0
2024-02-07,310580,278550,0,589130,52.72,47.28,0
2024-02-08,388073,274424,0,662497,58.58,41.42,0
2024-02-09,266814,245781,0,512595,52.05,47.95,0
2024-02-10,94365,70941,0,165306,57.09,42.91,0
2024-02-11,50638,46707,0,97345,52.02,47.98,0
2024-02-12,425014,338110,0,763124,55.69,44.31,0
2024-02-13,707864,643110,0,1350974,52.4,47.6,0
2024-02-14,549791,427888,0,977679,56.23,43.77,0
2024-02-15,357331,303730,0,661061,54.05,45.95,0
2024-02-16,510663,482918,0,993581,51.4,48.6,0
2024-02-17,45163,77240,0,122403,36.9,63.1,0
2024-02-18,54135,66983,0,121118,44.7,55.3,0
2024-02-19,76990,79517,0,156507,49.19,50.81,0
2024-02-20,428039,395558,0,823597,51.97,48.03,0
2024-02-21,437951,390717,0,828668,52.85,47.15,0
2024-02-22,344465,479958,0,824423,41.78,58.22,0
2024-02-23,500658,435580,0,936238,53.48,46.52,0
2024-02-24,85686,69627,0,155313,55.17,44.83,0
2024-02-25,69640,49578,0,119218,58.41,41.59,0
2024-02-26,321755,322745,0,644500,49.92,50.08,0
2024-02-27,358092,377388,0,735480,48.69,51.31,0
2024-02-28,380284,474215,0,854499,44.5,55.5,0
2024-02-29,542608,421995,0,964603,56.25,43.75,0
2024-03-01,456379,347372,0,803751,56.78,43.22,0
2024-03-02,55493,35403,0,90896,61.05,38.95,0
2024-03-03,80749,55029,0,135778,59.47,40.53,0
2024-03-04,536867,512251,0,1049118,51.17,48.83,0
2024-03-05,635424,719844,0,1355268,46.89,53.11,0
2024-03-06,912777,801928,0,1714705,53.23,46.77,0
2024-03-07,525857,552484,0,1078341,48.77,51.23,0
2024-03-08,881920,881364,0,1763284,50.02,49.98,0
2024-03-09,154009,76979,0,230988,66.67,33.33,0
2024-03-10,206116,155044,0,361160,57.07,42.93,0
2024-03-11,462277,1208939,0,1671216,27.66,72.34,0
2024-03-12,433156,519817,0,952973,45.45,54.55,0
2024-03-13,538397,675727,0,1214124,44.34,55.66,0
2024-03-14,383418,413408,0,796826,48.12,51.88,0
2024-03-15,717682,675207,0,1392889,51.52,48.48,0
2024-03-16,65839,97479,0,163318,40.31,59.69,0
2024-03-17,56203,589091,0,645294,8.71,91.29,0
2024-03-18,602070,1252122,0,1854192,32.47,67.53,0
2024-03-19,880936,688346,0,1569282,56.14,43.86,0
2024-03-20,751303,679205,0,1430508,52.52,47.48,0
2024-03-21,731443,632306,0,1363749,53.63,46.37,0
2024-03-22,614855,809974,0,1424829,43.15,56.85,0
2024-03-23,104910,115755,0,220665,47.54,52.46,0
2024-03-24,88021,186585,0,274606,32.05,67.95,0
2024-03-25,460606,805984,0,1266590,36.37,63.63,0
2024-03-26,640880,613518,0,1254398,51.09,48.91,0
2024-03-27,694536,726342,0,1420878,48.88,51.12,0
2024-03-28,561847,535969,0,1097816,51.18,48.82,0
2024-03-29,90169,186882,0,277051,32.55,67.45,0
2024-03-30,51721,555412,0,607133,8.52,91.48,0
2024-03-31,75096,682513,0,757609,9.91,90.09,0
2024-04-01,712029,929044,0,1641073,43.39,56.61,0
2024-04-02,384841,444876,0,829717,46.38,53.62,0
2024-04-03,702040,978405,0,1680445,41.78,58.22,0
2024-04-04,1464215,1123767,0,2587982,56.58,43.42,0
2024-04-05,933998,695272,0,1629270,57.33,42.67,0
2024-04-06,89452,182756,0,272208,32.86,67.14,0
2024-04-07,63317,768219,0,831536,7.61,92.39,0
2024-04-08,318594,933570,0,1252164,25.44,74.56,0
2024-04-09,670741,599870,0,1270611,52.79,47.21,0
2024-04-10,910309,671232,0,1581541,57.56,42.44,0
2024-04-11,591817,462025,0,1053842,56.16,43.84,0
2024-04-12,617074,433719,0,1050793,58.72,41.28,0
2024-04-13,80581,33870,0,114451,70.41,29.59,0
2024-04-14,58775,362924,0,421699,13.94,86.06,0
2024-04-15,552958,966411,0,1519369,36.39,63.61,0
2024-04-16,415969,763205,0,1179174,35.28,64.72,0
2024-04-17,681784,429947,0,1111731,61.33,38.67,0
2024-04-18,690342,369784,0,1060126,65.12,34.88,0
2024-04-19,538336,602905,0,1141241,47.17,52.83,0
2024-04-20,62489,100601,0,163090,38.32,61.68,0
2024-04-21,83633,1506782,0,1590415,5.26,94.74,0
2024-04-22,724339,774743,0,1499082,48.32,51.68,0
2024-04-23,485373,477576,0,962949,50.4,49.6,0
2024-04-24,463579,330130,0,793709,58.41,41.59,0
2024-04-25,512259,363840,0,876099,58.47,41.53,0
2024-04-26,446222,471890,0,918112,48.6,51.4,0
2024-04-27,86082,654499,0,740581,11.62,88.38,0
2024-04-28,76532,270652,0,347184,22.04,77.96,0
2024-04-29,495249,750493,0,1245742,39.76,60.24,0
2024-04-30,478227,993449,0,1471676,32.5,67.5,0
2024-05-01,445447,381523,0,826970,53.86,46.14,0
2024-05-02,506349,376353,0,882702,57.36,42.64,0
2024-05-03,698203,667088,0,1365291,51.14,48.86,0
2024-05-04,64981,369055,0,434036,14.97,85.03,0
2024-05-05,53315,590596,0,643911,8.28,91.72,0
2024-05-06,349120,1039021,0,1388141,25.15,74.85,0
2024-05-07,471342,403241,0,874583,53.89,46.11,0
2024-05-08,466088,361387,0,827475,56.33,43.67,0
2024-05-09,549962,379514,0,929476,59.17,40.83,0
2024-05-10,601456,536129,0,1137585,52.87,47.13,0
2024-05-11,52883,184574,0,237457,22.27,77.73,0
2024-05-12,65914,106977,0,172891,38.12,61.88,0
2024-05-13,554075,528577,0,1082652,51.18,48.82,0
2024-05-14,761505,1610596,0,2372101,32.1,67.9,0
2024-05-15,774483,1675283,0,2449766,31.61,68.39,0
2024-05-16,586863,534079,0,1120942,52.35,47.65,0
2024-05-17,531511,586168,0,1117679,47.55,52.45,0
2024-05-18,162921,183041,0,345962,47.09,52.91,0
2024-05-19,60705,896508,0,957213,6.34,93.66,0
2024-05-20,609805,450770,0,1060575,57.5,42.5,0
2024-05-21,439365,890095,0,1329460,33.05,66.95,0
2024-05-22,620431,417335,0,1037766,59.79,40.21,0
2024-05-23,475007,381554,0,856561,55.46,44.54,0
2024-05-24,381453,592993,0,974446,39.15,60.85,0
2024-05-25,97695,161959,0,259654,37.63,62.37,0
2024-05-26,83571,399267,0,482838,17.31,82.69,0
2024-05-27,79250,55802,0,135052,58.68,41.32,0
2024-05-28,425020,341349,0,766369,55.46,44.54,0
2024-05-29,383181,903839,0,1287020,29.77,70.23,0
2024-05-30,522792,1112080,0,1634872,31.98,68.02,0
2024-05-31,581439,513786,0,1095225,53.09,46.91,0
2024-06-01,100596,65809,0,166405,60.45,39.55,0
2024-06-02,65044,1052795,0,1117839,5.82,94.18,0
2024-06-03,460852,372868,0,833720,55.28,44.72,0
2024-06-04,569419,900020,0,1469439,38.75,61.25,0
2024-06-05,764094,628938,0,1393032,54.85,45.15,0
2024-06-06,470052,490204,0,960256,48.95,51.05,0
2024-06-07,630741,627075,0,1257816,50.15,49.85,0
2024-06-08,60200,189967,0,250167,24.06,75.94,0
2024-06-09,96142,801413,0,897555,10.71,89.29,0
2024-06-10,574493,540584,0,1115077,51.52,48.48,0
2024-06-11,604380,602443,0,1206823,50.08,49.92,0
2024-06-12,1068619,1300990,0,2369609,45.1,54.9,0
2024-06-13,627970,452463,0,1080433,58.12,41.88,0
2024-06-14,548926,457753,0,1006679,54.53,45.47,0
2024-06-15,104850,499982,0,604832,17.34,82.66,0
2024-06-16,109815,1555604,0,1665419,6.59,93.41,0
2024-06-17,538084,442297,0,980381,54.89,45.11,0
2024-06-18,490417,463665,0,954082,51.4,48.6,0
2024-06-19,114460,263528,0,377988,30.28,69.72,0
2024-06-20,627497,817917,0,1445414,43.41,56.59,0
2024-06-21,414997,291754,0,706751,58.72,41.28,0
2024-06-22,57777,107837,0,165614,34.89,65.11,0
2024-06-23,72282,828594,0,900876,8.02,91.98,0
2024-06-24,358163,364649,0,722812,49.55,50.45,0
2024-06-25,347303,593300,0,940603,36.92,63.08,0
2024-06-26,473938,462024,0,935962,50.64,49.36,0
2024-06-27,688895,1103356,0,1792251,38.44,61.56,0
2024-06-28,728352,698234,0,1426586,51.06,48.94,0
2024-06-29,108704,477139,0,585843,18.56,81.44,0
2024-06-30,164614,1114347,0,1278961,12.87,87.13,0
2024-07-01,816888,608811,0,1425699,57.3,42.7,0
2024-07-02,562485,442926,0,1005411,55.95,44.05,0
2024-07-03,424086,473894,0,897980,47.23,52.77,0
2024-07-04,128345,242034,0,370379,34.65,65.35,0
2024-07-05,666611,524517,0,1191128,55.96,44.04,0
2024-07-06,76537,235437,0,311974,24.53,75.47,0
2024-07-07,118005,1391050,0,1509055,7.82,92.18,0
2024-07-08,400379,322640,0,723019,55.38,44.62,0
2024-07-09,501168,349525,0,850693,58.91,41.09,0
2024-07-10,425793,352547,0,778340,54.71,45.29,0
2024-07-11,691705,721179,0,1412884,48.96,51.04,0
2024-07-12,771229,742576,0,1513805,50.95,49.05,0
2024-07-13,101467,59591,0,161058,63,37,0
2024-07-14,92596,1080576,0,1173172,7.89,92.11,0
2024-07-15,760551,749296,0,1509847,50.37,49.63,0
2024-07-16,462921,526236,0,989157,46.8,53.2,0
2024-07-17,524727,525799,0,1050526,49.95,50.05,0
2024-07-18,545194,431817,0,977011,55.8,44.2,0
2024-07-19,460438,378488,0,838926,54.88,45.12,0
2024-07-20,55249,47352,0,102601,53.85,46.15,0
2024-07-21,152449,555672,0,708121,21.53,78.47,0
2024-07-22,603910,708674,0,1312584,46.01,53.99,0
2024-07-23,461960,788380,0,1250340,36.95,63.05,0
2024-07-24,454804,470947,0,925751,49.13,50.87,0
2024-07-25,628123,573942,0,1202065,52.25,47.75,0
2024-07-26,578870,496289,0,1075159,53.84,46.16,0
2024-07-27,79745,71955,0,151700,52.57,47.43,0
2024-07-28,88691,54961,0,143652,61.74,38.26,0
2024-07-29,393797,349381,0,743178,52.99,47.01,0
2024-07-30,600616,600413,0,1201029,50.01,49.99,0
2024-07-31,689365,756174,0,1445539,47.69,52.31,0
2024-08-01,923552,655660,0,1579212,58.48,41.52,0
2024-08-02,889796,778101,0,1667897,53.35,46.65,0
2024-08-03,121146,114567,0,235713,51.4,48.6,0
2024-08-04,194122,67224,0,261346,74.28,25.72,0
2024-08-05,718680,686194,0,1404874,51.16,48.84,0
2024-08-06,655231,492106,0,1147337,57.11,42.89,0
2024-08-07,485531,519304,0,1004835,48.32,51.68,0
2024-08-08,604012,550981,0,1154993,52.3,47.7,0
2024-08-09,576662,413600,0,990262,58.23,41.77,0
2024-08-10,69116,56452,0,125568,55.04,44.96,0
2024-08-11,56902,40537,0,97439,58.4,41.6,0
2024-08-12,398335,403154,0,801489,49.7,50.3,0
2024-08-13,725986,523486,0,1249472,58.1,41.9,0
2024-08-14,858996,630472,0,1489468,57.67,42.33,0
2024-08-15,750619,548988,0,1299607,57.76,42.24,0
2024-08-16,387484,357492,0,744976,52.01,47.99,0
2024-08-17,88164,82879,0,171043,51.54,48.46,0
2024-08-18,72061,48598,0,120659,59.72,40.28,0
2024-08-19,600666,392661,0,993327,60.47,39.53,0
2024-08-20,361890,322304,0,684194,52.89,47.11,0
2024-08-21,554838,313014,0,867852,63.93,36.07,0
2024-08-22,457129,367926,0,825055,55.41,44.59,0
2024-08-23,581285,426303,0,1007588,57.69,42.31,0
2024-08-24,79391,53200,0,132591,59.88,40.12,0
2024-08-25,63876,48440,0,112316,56.87,43.13,0
2024-08-26,450264,234600,0,684864,65.75,34.25,0
2024-08-27,448159,326308,0,774467,57.87,42.13,0
2024-08-28,490129,334647,0,824776,59.43,40.57,0
2024-08-29,525234,473192,0,998426,52.61,47.39,0
2024-08-30,340761,269173,0,609934,55.87,44.13,0
2024-08-31,60995,44032,0,105027,58.08,41.92,0
2024-09-01,45877,43406,0,89283,51.38,48.62,0
2024-09-02,37110,49838,0,86948,42.68,57.32,0
2024-09-03,502476,344776,0,847252,59.31,40.69,0
2024-09-04,600304,362207,0,962511,62.37,37.63,0
2024-09-05,436887,304183,0,741070,58.95,41.05,0
2024-09-06,899106,517416,0,1416522,63.47,36.53,0
2024-09-07,68693,49494,0,118187,58.12,41.88,0
2024-09-08,99688,86965,0,186653,53.41,46.59,0
2024-09-09,426081,315473,0,741554,57.46,42.54,0
2024-09-10,616286,344937,0,961223,64.11,35.89,0
2024-09-11,737166,448209,0,1185375,62.19,37.81,0
2024-09-12,893754,576534,0,1470288,60.79,39.21,0
2024-09-13,579380,565227,0,1144607,50.62,49.38,0
2024-09-14,144030,97332,0,241362,59.67,40.33,0
2024-09-15,79828,62239,0,142067,56.19,43.81,0
2024-09-16,500182,342287,0,842469,59.37,40.63,0
2024-09-17,592879,412560,0,1005439,58.97,41.03,0
2024-09-18,944186,1014359,0,1958545,48.21,51.79,0
2024-09-19,381347,417643,0,798990,47.73,52.27,0
2024-09-20,439840,368790,0,808630,54.39,45.61,0
2024-09-21,117378,91747,0,209125,56.13,43.87,0
2024-09-22,68851,68150,0,137001,50.26,49.74,0
2024-09-23,330092,174713,0,504805,65.39,34.61,0
2024-09-24,415715,296536,0,712251,58.37,41.63,0
2024-09-25,498846,430224,0,929070,53.69,46.31,0
2024-09-26,462537,437624,0,900161,51.38,48.62,0
2024-09-27,613665,489287,0,1102952,55.64,44.36,0
2024-09-28,54131,32058,0,86189,62.8,37.2,0
2024-09-29,53686,22849,0,76535,70.15,29.85,0
2024-09-30,595136,478514,0,1073650,55.43,44.57,0
2024-10-01,594833,332548,0,927381,64.14,35.86,0
2024-10-02,630901,413240,0,1044141,60.42,39.58,0
2024-10-03,433596,270867,0,704463,61.55,38.45,0
2024-10-04,632981,564020,0,1197001,52.88,47.12,0
2024-10-05,109251,58106,0,167357,65.28,34.72,0
2024-10-06,107715,68674,0,176389,61.07,38.93,0
2024-10-07,879157,627488,0,1506645,58.35,41.65,0
2024-10-08,965929,783620,0,1749549,55.21,44.79,0
2024-10-09,1240563,1246994,0,2487557,49.87,50.13,0
2024-10-10,1536703,1386955,0,2923658,52.56,47.44,0
2024-10-11,1834031,1280076,0,3114107,58.89,41.11,0
2024-10-12,785238,203236,0,988474,79.44,20.56,0
2024-10-13,606111,364037,0,970148,62.48,37.52,0
2024-10-14,1360763,524524,0,1885287,72.18,27.82,0
2024-10-15,5307917,4452942,0,9760859,54.38,45.62,0
2024-10-16,4265332,3574049,0,7839381,54.41,45.59,0
2024-10-17,5871614,4904303,0,10775917,54.49,45.51,0
2024-10-18,5793914,4805869,0,10599783,54.66,45.34,0
2024-10-19,1695409,1729274,0,3424683,49.51,50.49,0
2024-10-20,1390880,1760706,0,3151586,44.13,55.87,0
2024-10-21,7804557,8470298,0,16274855,47.95,52.05,0
2024-10-22,8708536,6900156,0,15608692,55.79,44.21,0
2024-10-23,8403286,7733309,0,16136595,52.08,47.92,0
2024-10-24,9746306,10264037,0,20010343,48.71,51.29,0
2024-10-25,10208814,8317117,0,18525931,55.11,44.89,0
2024-10-26,4817583,2059317,0,6876900,70.05,29.95,0
2024-10-27,3801416,3742180,0,7543596,50.39,49.61,0
2024-10-28,7490421,4149416,0,11639837,64.35,35.65,0
2024-10-29,12077770,14165559,0,26243329,46.02,53.98,0
2024-10-30,18524062,7408837,0,25932899,71.43,28.57,0
2024-10-31,28510761,15278011,0,43788772,65.11,34.89,0
2024-11-01,33087096,16226093,0,49313189,67.1,32.9,0
2024-11-02,27304411,13282842,0,40587253,67.27,32.73,0
2024-11-03,22838703,10513263,0,33351966,68.48,31.52,0
2024-11-04,82381310,24622647,0,107003957,76.99,23.01,0
2024-11-05,163257454,82214816,0,245472270,66.51,33.49,0
2024-11-06,84258292,125387081,0,209645373,40.19,59.81,0
2024-11-07,38452244,38211226,0,76663470,50.16,49.84,0
2024-11-08,24777413,21287669,0,46065082,53.79,46.21,0
2024-11-09,18528650,15692748,0,34221398,54.14,45.86,0
2024-11-10,15706191,15182563,0,30888754,50.85,49.15,0
2024-11-11,20985014,16815996,0,37801010,55.51,44.49,0
2024-11-12,19726158,18748776,0,38474934,51.27,48.73,0
2024-11-13,16131490,26039805,0,42171295,38.25,61.75,0
2024-11-14,14337219,17288940,0,31626159,45.33,54.67,0
2024-11-15,13670894,11434969,0,25105863,54.45,45.55,0
2024-11-16,5005037,4681155,0,9686192,51.67,48.33,0
2024-11-17,8549855,7655685,0,16205540,52.76,47.24,0
2024-11-18,18220517,10734391,0,28954908,62.93,37.07,0
2024-11-19,14148805,11542131,0,25690936,55.07,44.93,0
2024-11-20,9094819,7992503,0,17087322,53.23,46.77,0
2024-11-21,9803555,13988885,0,23792440,41.2,58.8,0
2024-11-22,8581027,9037368,0,17618395,48.7,51.3,0
2024-11-23,3792571,3667851,0,7460422,50.84,49.16,0
2024-11-24,3468382,3123946,0,6592328,52.61,47.39,0
2024-11-25,7242179,6486886,0,13729065,52.75,47.25,0
2024-11-26,13337950,11769593,0,25107543,53.12,46.88,0
2024-11-27,5607948,4682765,0,10290713,54.5,45.5,0
2024-11-28,2799391,2539118,0,5338509,52.44,47.56,0
2024-11-29,3555022,3266589,0,6821611,52.11,47.89,0
2024-11-30,3606829,3066435,0,6673264,54.05,45.95,0
2024-12-01,2740450,2645683,0,5386133,50.88,49.12,0
2024-12-02,4814592,4222111,0,9036703,53.28,46.72,0
2024-12-03,8873133,9624610,0,18497743,47.97,52.03,0
2024-12-04,6841114,5739957,0,12581071,54.38,45.62,0
2024-12-05,7415995,11742733,0,19158728,38.71,61.29,0
2024-12-06,6089465,4518846,0,10608311,57.4,42.6,0
2024-12-07,2827353,1996100,0,4823453,58.62,41.38,0
2024-12-08,2360114,2023132,0,4383246,53.84,46.16,0
2024-12-09,5195199,4580671,0,9775870,53.14,46.86,0
2024-12-10,4483870,3348886,0,7832756,57.25,42.75,0
2024-12-11,6093250,3930336,0,10023586,60.79,39.21,0
2024-12-12,4520954,3469554,0,7990508,56.58,43.42,0
2024-12-13,4391323,3126843,0,7518166,58.41,41.59,0
2024-12-14,2517630,2103813,0,4621443,54.48,45.52,0
2024-12-15,2794958,1741688,0,4536646,61.61,38.39,0
2024-12-16,3800124,2561226,0,6361350,59.74,40.26,0
2024-12-17,5991573,3592147,0,9583720,62.52,37.48,0
2024-12-18,5647093,3640967,0,9288060,60.8,39.2,0
2024-12-19,4049884,3410716,0,7460600,54.28,45.72,0
2024-12-20,4427990,4140878,0,8568868,51.68,48.32,0
2024-12-21,2313756,1798412,0,4112168,56.27,43.73,0
2024-12-22,2124678,1499371,0,3624049,58.63,41.37,0
2024-12-23,2509896,3198925,0,5708821,43.97,56.03,0
2024-12-24,2218109,1518390,0,3736499,59.36,40.64,0
2024-12-25,2012419,1443724,0,3456143,58.23,41.77,0
2024-12-26,2279202,1776544,0,4055746,56.2,43.8,0
2024-12-27,2593704,1958208,0,4551912,56.98,43.02,0
2024-12-28,1844282,1076022,0,2920304,63.15,36.85,0
2024-12-29,1861056,1779316,0,3640372,51.12,48.88,0
2024-12-30,2290074,2183096,0,4473170,51.2,48.8,0
2024-12-31,2854750,4963468,0,7818218,36.51,63.49,0
2025-01-01,1727135,1618475,0,3345610,51.62,48.38,0
2025-01-02,2199877,2086946,0,4286823,51.32,48.68,0
2025-01-03,3859883,2792057,0,6651940,58.03,41.97,0
2025-01-04,1689325,1376715,0,3066040,55.1,44.9,0
2025-01-05,2295542,2035382,0,4330924,53,47,0
2025-01-06,3438349,3665968,0,7104317,48.4,51.6,0
2025-01-07,3075537,2256793,0,5332330,57.68,42.32,0
2025-01-08,3019502,1853361,0,4872863,61.97,38.03,0
2025-01-09,2335317,1700049,0,4035366,57.87,42.13,0
2025-01-10,2514967,2315837,0,4830804,52.06,47.94,0
2025-01-11,1639160,1008496,0,2647656,61.91,38.09,0
2025-01-12,1453550,1227087,0,2680637,54.22,45.78,0
2025-01-13,2117995,2186217,0,4304212,49.21,50.79,0
2025-01-14,2930514,2083561,0,5014075,58.45,41.55,0
2025-01-15,2799970,2382414,0,5182384,54.03,45.97,0
2025-01-16,2928461,2760368,0,5688829,51.48,48.52,0
2025-01-17,3421346,2916105,0,6337451,53.99,46.01,0
2025-01-18,2414369,2516432,0,4930801,48.97,51.03,0
2025-01-19,2791521,2367462,0,5158983,54.11,45.89,0
2025-01-20,9735706,8073376,0,17809082,54.67,45.33,0
2025-01-21,4642408,3436598,0,8079006,57.46,42.54,0
2025-01-22,4344381,3368939,0,7713320,56.32,43.68,0
2025-01-23,4364989,3233862,0,7598851,57.44,42.56,0
2025-01-24,4161394,2956397,0,7117791,58.46,41.54,0
2025-01-25,2356918,1362679,0,3719597,63.36,36.64,0
2025-01-26,4250905,2468927,0,6719832,63.26,36.74,0
2025-01-27,2685933,2196281,0,4882214,55.01,44.99,0
2025-01-28,2710412,1951195,0,4661607,58.14,41.86,0
2025-01-29,3452448,2358352,0,5810800,59.41,40.59,0
2025-01-30,3547131,2392395,0,5939526,59.72,40.28,0
2025-01-31,2948368,2135746,0,5084114,57.99,42.01,0
2025-02-01,2735641,1437282,0,4172923,65.56,34.44,0
2025-02-02,4248790,1896920,0,6145710,69.13,30.87,0
2025-02-03,4512531,3001207,0,7513738,60.06,39.94,0
2025-02-04,4216279,3105456,0,7321735,57.59,42.41,0
2025-02-05,2945658,2182278,0,5127936,57.44,42.56,0
2025-02-06,3532528,2762138,0,6294666,56.12,43.88,0
2025-02-07,3836606,2411377,0,6247983,61.41,38.59,0
2025-02-08,3270848,1498267,0,4769115,68.58,31.42,0
2025-02-09,20790213,9904022,0,30694235,67.73,32.27,0
2025-02-10,4032271,2532905,0,6565176,61.42,38.58,0
2025-02-11,3516121,2481260,0,5997381,58.63,41.37,0
2025-02-12,4171533,3167327,0,7338860,56.84,43.16,0
2025-02-13,3976414,3190139,0,7166553,55.49,44.51,0
2025-02-14,3341823,2427627,0,5769450,57.92,42.08,0
2025-02-15,2294599,1636425,0,3931024,58.37,41.63,0
2025-02-16,2791991,1997532,0,4789523,58.29,41.71,0
2025-02-17,2872193,1791491,0,4663684,61.59,38.41,0
2025-02-18,3539014,2788024,0,6327038,55.93,44.07,0
2025-02-19,3051533,2540512,0,5592045,54.57,45.43,0
2025-02-20,3967913,3303587,0,7271500,54.57,45.43,0
2025-02-21,3363715,2568505,0,5932220,56.7,43.3,0
2025-02-22,2300382,1557565,0,3857947,59.63,40.37,0
2025-02-23,2430437,1660529,0,4090966,59.41,40.59,0
2025-02-24,3147386,2386318,0,5533704,56.88,43.12,0
2025-02-25,3133761,2408862,0,5542623,56.54,43.46,0
2025-02-26,3378310,2690575,0,6068885,55.67,44.33,0
2025-02-27,3592126,2857189,0,6449315,55.7,44.3,0
2025-02-28,3139704,2218043,0,5357747,58.6,41.4,0
2025-03-01,2001811,1223528,0,3225339,62.07,37.93,0
2025-03-02,4921356,1981302,0,6902658,71.3,28.7,0
2025-03-03,3271565,2748848,0,6020413,54.34,45.66,0
2025-03-04,6236695,6532089,0,12768784,48.84,51.16,0
2025-03-05,4227793,3051187,0,7278980,58.08,41.92,0
2025-03-06,2814377,2402753,0,5217130,53.94,46.06,0
2025-03-07,2928234,2409621,0,5337855,54.86,45.14,0
2025-03-08,1951037,1098523,0,3049560,63.98,36.02,0
2025-03-09,1724289,1292308,0,3016597,57.16,42.84,0
2025-03-10,2732067,2095195,0,4827262,56.6,43.4,0
2025-03-11,2959233,2628138,0,5587371,52.96,47.04,0
2025-03-12,2648898,1814050,0,4462948,59.35,40.65,0
2025-03-13,3043918,2281888,0,5325806,57.15,42.85,0
2025-03-14,3180090,2230700,0,5410790,58.77,41.23,0
2025-03-15,2194862,1324730,0,3519592,62.36,37.64,0
2025-03-16,2109401,1480349,0,3589750,58.76,41.24,0
2025-03-17,3290165,1721900,0,5012065,65.64,34.36,0
2025-03-18,4678210,2643517,0,7321727,63.89,36.11,0
2025-03-19,9637906,3888630,0,13526536,71.25,28.75,0
2025-03-20,27737309,9878665,0,37615974,73.74,26.26,0
2025-03-21,36158796,13775321,0,49934117,72.41,27.59,0
2025-03-22,38194139,13772631,0,51966770,73.5,26.5,0
2025-03-23,40092271,15572496,0,55664767,72.02,27.98,0
2025-03-24,12493941,5009829,0,17503770,71.38,28.62,0
2025-03-25,4476763,1753385,0,6230148,71.86,28.14,0
2025-03-26,4265366,2510043,0,6775409,62.95,37.05,0
2025-03-27,23447112,9091192,0,32538304,72.06,27.94,0
2025-03-28,30781866,14058337,0,44840203,68.65,31.35,0
2025-03-29,35767276,15811958,0,51579234,69.34,30.66,0
2025-03-30,26311755,9452943,0,35764698,73.57,26.43,0
2025-03-31,13608181,5814617,0,19422798,70.06,29.94,0
2025-04-01,7473450,4246813,0,11720263,63.77,36.23,0
2025-04-02,4990558,3476636,0,8467194,58.94,41.06,0
2025-04-03,4607046,2741675,0,7348721,62.69,37.31,0
2025-04-04,15013811,6233943,0,21247754,70.66,29.34,0
2025-04-05,31614136,15890049,0,47504185,66.55,33.45,0
2025-04-06,11572663,4618378,0,16191041,71.48,28.52,0
2025-04-07,22002003,12747513,0,34749516,63.32,36.68,0
2025-04-08,3102318,2333371,0,5435689,57.07,42.93,0
2025-04-09,12897499,3588327,0,16485826,78.23,21.77,0
2025-04-10,18365533,6408127,0,24773660,74.13,25.87,0
2025-04-11,14177081,4710511,0,18887592,75.06,24.94,0
2025-04-12,13811524,7321565,0,21133089,65.35,34.65,0
2025-04-13,20003906,12770597,0,32774503,61.03,38.97,0
2025-04-14,3454589,2270485,0,5725074,60.34,39.66,0
2025-04-15,4662356,2722615,0,7384971,63.13,36.87,0
2025-04-16,5699861,3243794,0,8943655,63.73,36.27,0
2025-04-17,5011543,2377526,0,7389069,67.82,32.18,0
2025-04-18,4413442,1822517,0,6235959,70.77,29.23,0
2025-04-19,7928110,3153550,0,11081660,71.54,28.46,0
2025-04-20,6159958,2572296,0,8732254,70.54,29.46,0
2025-04-21,7768227,3812215,0,11580442,67.08,32.92,0
2025-04-22,9231535,4663540,0,13895075,66.44,33.56,0
2025-04-23,8397586,4391352,0,12788938,65.66,34.34,0
2025-04-24,7625117,4412162,0,12037279,63.35,36.65,0
2025-04-25,7728860,4438375,0,12167235,63.52,36.48,0
2025-04-26,5492103,3026820,0,8518923,64.47,35.53,0
2025-04-27,6165304,3776069,0,9941373,62.02,37.98,0
2025-04-28,13383282,8572285,0,21955567,60.96,39.04,0
2025-04-29,11719798,7623241,0,19343039,60.59,39.41,0
2025-04-30,10139234,5813808,0,15953042,63.56,36.44,0
2025-05-01,10501671,5595373,0,16097044,65.24,34.76,0
2025-05-02,11896127,5849196,0,17745323,67.04,32.96,0
2025-05-03,10218641,4229143,0,14447784,70.73,29.27,0
2025-05-04,12434883,5624013,0,18058896,68.86,31.14,0
2025-05-05,12549566,4961859,0,17511425,71.67,28.33,0
2025-05-06,16073640,7325564,0,23399204,68.69,31.31,0
2025-05-07,15860317,8598495,0,24458812,64.85,35.15,0
2025-05-08,9687888,4866271,0,14554159,66.56,33.44,0
2025-05-09,8989707,5009929,0,13999636,64.21,35.79,0
2025-05-10,9844777,4757348,0,14602125,67.42,32.58,0
2025-05-11,9055191,4880640,0,13935831,64.98,35.02,0
2025-05-12,12375895,7480796,0,19856691,62.33,37.67,0
2025-05-13,17704753,8663281,0,26368034,67.14,32.86,0
2025-05-14,18025821,7904624,0,25930445,69.52,30.48,0
2025-05-15,18598377,6472795,0,25071172,74.18,25.82,0
2025-05-16,14892976,6644239,0,21537215,69.15,30.85,0
2025-05-17,11495457,4801166,0,16296623,70.54,29.46,0
2025-05-18,18133810,8703563,0,26837373,67.57,32.43,0
2025-05-19,8234676,3134863,0,11369539,72.43,27.57,0
2025-05-20,15284532,6398686,0,21683218,70.49,29.51,0
2025-05-21,17778674,9524941,0,27303615,65.11,34.89,0
2025-05-22,16285442,6052631,0,22338073,72.9,27.1,0
2025-05-23,17517088,8080912,0,25598000,68.43,31.57,0
2025-05-24,16035181,4820248,0,20855429,76.89,23.11,0
2025-05-25,23035725,9811561,0,32847286,70.13,29.87,0
2025-05-26,18003281,7522167,0,25525448,70.53,29.47,0
2025-05-27,19990444,7671710,0,27662154,72.27,27.73,0
2025-05-28,19301016,6478377,0,25779393,74.87,25.13,0
2025-05-29,20850114,8676347,0,29526461,70.62,29.38,0
2025-05-30,9520801,4391931,0,13912732,68.43,31.57,0
2025-05-31,21530920,7730838,0,29261758,73.58,26.42,0
2025-06-01,8361193,3546241,0,11907434,70.22,29.78,0
2025-06-02,8116271,3780779,0,11897050,68.22,31.78,0
2025-06-03,8769076,4969760,0,13738836,63.83,36.17,0
2025-06-04,17273949,8162277,0,25436226,67.91,32.09,0
2025-06-05,28745989,14042880,0,42788869,67.18,32.82,0
2025-06-06,25735886,11676220,0,37412106,68.79,31.21,0
2025-06-07,16397054,7172997,0,23570051,69.57,30.43,0
2025-06-08,32771993,17051171,0,49823164,65.78,34.22,0
2025-06-09,13752366,5281621,0,19033987,72.25,27.75,0
2025-06-10,11687133,4499979,0,16187112,72.2,27.8,0
2025-06-11,26097782,12918425,0,39016207,66.89,33.11,0
2025-06-12,31967843,11975884,0,43943727,72.75,27.25,0
2025-06-13,35890804,16816915,0,52707719,68.09,31.91,0
2025-06-14,22050605,8723534,0,30774139,71.65,28.35,0
2025-06-15,20906251,8711713,0,29617964,70.59,29.41,0
2025-06-16,24197405,10797722,0,34995127,69.15,30.85,0
2025-06-17,17300542,6980228,0,24280770,71.25,28.75,0
2025-06-18,10950271,5740295,0,16690566,65.61,34.39,0
2025-06-19,29547658,12418127,0,41965785,70.41,29.59,0
2025-06-20,12404109,6059640,0,18463749,67.18,32.82,0
2025-06-21,10007658,3962635,0,13970293,71.64,28.36,0
2025-06-22,34216230,15787170,0,50003400,68.43,31.57,0
2025-06-23,8819375,5263931,0,14083306,62.62,37.38,0
2025-06-24,13819067,7605200,0,21424267,64.5,35.5,0
2025-06-25,10366327,5771528,0,16137855,64.24,35.76,0
2025-06-26,9391498,4534038,0,13925536,67.44,32.56,0
2025-06-27,10466430,5195269,0,15661699,66.83,33.17,0
2025-06-28,15711374,5395217,0,21106591,74.44,25.56,0
2025-06-29,10313074,3913074,0,14226148,72.49,27.51,0
2025-06-30,12093324,4897379,0,16990703,71.18,28.82,0
2025-07-01,11987486,6276945,0,18264431,65.63,34.37,0
2025-07-02,10944611,5676858,0,16621469,65.85,34.15,0
2025-07-03,15108560,7530171,0,22638731,66.74,33.26,0
2025-07-04,14980375,6582824,0,21563199,69.47,30.53,0
2025-07-05,11005029,5153082,0,16158111,68.11,31.89,0
2025-07-06,17651572,7945637,0,25597209,68.96,31.04,0
2025-07-07,20754567,8873811,0,29628378,70.05,29.95,0
2025-07-08,20611826,8130535,0,28742361,71.71,28.29,0
2025-07-09,24117895,10688652,0,34806547,69.29,30.71,0
2025-07-10,21189648,9386137,0,30575785,69.3,30.7,0
2025-07-11,23561285,9111468,0,32672753,72.11,27.89,0
2025-07-12,13484892,4590754,0,18075646,74.6,25.4,0
2025-07-13,23806894,11575148,0,35382042,67.29,32.71,0
2025-07-14,16869424,8758831,0,25628255,65.82,34.18,0
2025-07-15,15749030,7432979,0,23182009,67.94,32.06,0
2025-07-16,15436951,5176844,0,20613795,74.89,25.11,0
2025-07-17,15075055,5478091,0,20553146,73.35,26.65,0
2025-07-18,16361987,7547552,0,23909539,68.43,31.57,0
2025-07-19,22464626,9327205,0,31791831,70.66,29.34,0
2025-07-20,16714532,8524112,0,25238644,66.23,33.77,0
2025-07-21,11029969,6480971,0,17510940,62.99,37.01,0
2025-07-22,12597575,5977355,0,18574930,67.82,32.18,0
2025-07-23,17408804,5898858,0,23307662,74.69,25.31,0
2025-07-24,16842963,5426851,0,22269814,75.63,24.37,0
2025-07-25,16869526,7248564,0,24118090,69.95,30.05,0
2025-07-26,16386148,6205015,0,22591163,72.53,27.47,0
2025-07-27,18802449,9667581,0,28470030,66.04,33.96,0
2025-07-28,13517604,5961380,0,19478984,69.4,30.6,0
2025-07-29,15452748,6822286,0,22275034,69.37,30.63,0
2025-07-30,14563780,6556638,0,21120418,68.96,31.04,0
2025-07-31,14073449,4892937,0,18966386,74.2,25.8,0
2025-08-01,16948405,8164829,0,25113234,67.49,32.51,0
2025-08-02,14417015,5452952,0,19869967,72.56,27.44,0
2025-08-03,11108926,5095808,0,16204734,68.55,31.45,0
2025-08-04,9292939,4703442,0,13996381,66.4,33.6,0
2025-08-05,12104279,5079619,0,17183898,70.44,29.56,0
2025-08-06,11805834,5047756,0,16853590,70.05,29.95,0
2025-08-07,14947830,6222618,0,21170448,70.61,29.39,0
2025-08-08,16080625,7764743,0,23845368,67.44,32.56,0
2025-08-09,14762428,8247980,0,23010408,64.16,35.84,0
2025-08-10,22279012,12686577,0,34965589,63.72,36.28,0
2025-08-11,11334699,5577276,0,16911975,67.02,32.98,0
2025-08-12,13353868,6027202,0,19381070,68.9,31.1,0
2025-08-13,15458214,6799817,0,22258031,69.45,30.55,0
2025-08-14,17460496,8276699,0,25737195,67.84,32.16,0
2025-08-15,18161532,8681123,0,26842655,67.66,32.34,0
2025-08-16,23875833,8334146,0,32209979,74.13,25.87,0
2025-08-17,24194220,11147777,0,35341997,68.46,31.54,0
2025-08-18,11547651,5968022,0,17515673,65.93,34.07,0
2025-08-19,12202180,6025913,0,18228093,66.94,33.06,0
2025-08-20,14149495,7369261,0,21518756,65.75,34.25,0
2025-08-21,17176278,6360786,0,23537064,72.98,27.02,0
2025-08-22,22623811,9593513,0,32217324,70.22,29.78,0
2025-08-23,29084353,11239088,0,40323441,72.13,27.87,0
2025-08-24,23539316,10075323,0,33614639,70.03,29.97,0
2025-08-25,17920904,8003038,0,25923942,69.13,30.87,0
2025-08-26,16160755,5913956,0,22074711,73.21,26.79,0
2025-08-27,16240303,7115760,0,23356063,69.53,30.47,0
2025-08-28,26551651,10004583,0,36556234,72.63,27.37,0
2025-08-29,30118570,12309762,0,42428332,70.99,29.01,0
2025-08-30,64844169,22400378,0,87244547,74.32,25.68,0
2025-08-31,42908533,16031644,0,58940177,72.8,27.2,0
2025-09-01,29343770,9492974,0,38836744,75.56,24.44,0
2025-09-02,22899123,8196627,0,31095750,73.64,26.36,0
2025-09-03,34301583,15580886,0,49882469,68.76,31.24,0
2025-09-04,36841795,15593220,0,52435015,70.26,29.74,0
2025-09-05,59344403,25785103,0,85129506,69.71,30.29,0
2025-09-06,77934691,29791916,0,107726607,72.34,27.66,0
2025-09-07,123383726,72751064,0,196134790,62.91,37.09,0
2025-09-08,40445260,20124713,0,60569973,66.77,33.23,0
2025-09-09,19373360,8386032,0,27759392,69.79,30.21,0
2025-09-10,17741847,7448497,0,25190344,70.43,29.57,0
2025-09-11,37926328,14252835,0,52179163,72.68,27.32,0
2025-09-12,40513112,13755667,0,54268779,74.65,25.35,0
2025-09-13,117622421,41555570,0,159177991,73.89,26.11,0
2025-09-14,130634135,52217481,0,182851616,71.44,28.56,0
2025-09-15,57897745,24275075,0,82172820,70.46,29.54,0
2025-09-16,38369625,14692937,0,53062562,72.31,27.69,0
2025-09-17,43813945,14438871,0,58252816,75.21,24.79,0
2025-09-18,52193452,19441290,0,71634742,72.86,27.14,0
2025-09-19,47486214,17618184,0,65104398,72.94,27.06,0
2025-09-20,139615304,42476813,0,182092117,76.67,23.33,0
2025-09-21,157280327,58559343,0,215839670,72.87,27.13,0
2025-09-22,50340562,22398545,0,72739107,69.21,30.79,0
2025-09-23,23031238,10204194,0,33235432,69.3,30.7,0
2025-09-24,23921062,10387822,0,34308884,69.72,30.28,0
2025-09-25,49684279,20761274,0,70445553,70.53,29.47,0
2025-09-26,73059650,32462797,0,105522447,69.24,30.76,0
2025-09-27,182912718,77775710,0,260688428,70.17,29.83,0
2025-09-28,193119514,84633790,0,277753304,69.53,30.47,0
2025-09-29,61354254,28478262,0,89832516,68.3,31.7,0
2025-09-30,48381557,19318551,0,67700108,71.46,28.54,0
2025-10-01,57014123,20314143,0,77328266,73.73,26.27,0
2025-10-02,82927807,39695480,0,122623287,67.63,32.37,0
2025-10-03,45914057,14643758,0,60557815,75.82,24.18,0
2025-10-04,183831406,57557989,0,241389395,76.16,23.84,0
2025-10-05,208911333,87987144,0,296898477,70.36,29.64,0
2025-10-06,73894480,34426311,0,108320791,68.22,31.78,0
2025-10-07,50308044,19276606,0,69584650,72.3,27.7,0
2025-10-08,68054027,23924971,0,91978998,73.99,26.01,0
2025-10-09,82254154,31353867,0,113608021,72.4,27.6,0
2025-10-10,60719334,24165303,0,84884637,71.53,28.47,0
2025-10-11,164430977,55164152,0,219595129,74.88,25.12,0
2025-10-12,160898330,60175364,0,221073694,72.78,27.22,0
2025-10-13,88107703,37508285,0,125615988,70.14,29.86,0
2025-10-14,43265024,16041504,0,59306528,72.95,27.05,0
2025-10-15,47309725,18496645,0,65806370,71.89,28.11,0
2025-10-16,75935528,35038783,0,110974311,68.43,31.57,0
2025-10-17,78657066,29787341,0,108444407,72.53,27.47,0
2025-10-18,167273460,62268185,0,229541645,72.87,27.13,0
2025-10-19,182507388,68192177,0,250699565,72.8,27.2,0
2025-10-20,92594680,32667798,0,125262478,73.92,26.08,0
2025-10-21,66806431,27972098,0,94778529,70.49,29.51,0
2025-10-22,80844708,28554828,0,109399536,73.9,26.1,0
2025-10-23,79610696,30824231,0,110434927,72.09,27.91,0
2025-10-24,104179137,38236509,0,142415646,73.15,26.85,0
2025-10-25,186693821,68250976,0,254944797,73.23,26.77,0
2025-10-26,185342328,58701345,0,244043673,75.95,24.05,0
2025-10-27,90447480,30586468,0,121033948,74.73,25.27,0
2025-10-28,99844690,37008235,0,136852925,72.96,27.04,0
2025-10-29,105549922,40042357,0,145592279,72.5,27.5,0
2025-10-30,95247723,31990332,0,127238055,74.86,25.14,0
2025-10-31,94512192,33112982,0,127625174,74.05,25.95,0
2025-11-01,218460356,77653533,0,296113889,73.78,26.22,0
2025-11-02,223886809,82533920,0,306420729,73.07,26.93,0
2025-11-03,115594282,41063988,0,156658270,73.79,26.21,0
2025-11-04,124623435,52691351,0,177314786,70.28,29.72,0
2025-11-05,90530538,35797638,0,126328176,71.66,28.34,0
2025-11-06,89445268,41198630,0,130643898,68.46,31.54,0
2025-11-07,90045533,33901519,0,123947052,72.65,27.35,0
2025-11-08,197435530,72840207,0,270275737,73.05,26.95,0
2025-11-09,230799462,88766153,0,319565615,72.22,27.78,0
2025-11-10,96666344,40959586,0,137625930,70.24,29.76,0
2025-11-11,90442200,34994844,0,125437044,72.1,27.9,0
2025-11-12,100841770,35849761,0,136691531,73.77,26.23,0
2025-11-13,95102426,30918130,0,126020556,75.47,24.53,0
2025-11-14,94977842,35702353,0,130680195,72.68,27.32,0
2025-11-15,201017472,67812839,0,268830311,74.77,25.23,0
2025-11-16,226993747,87880182,0,314873929,72.09,27.91,0
2025-11-17,84468052,30699852,0,115167904,73.34,26.66,0
2025-11-18,80131546,28370568,0,108502114,73.85,26.15,0
2025-11-19,84045578,28535494,0,112581072,74.65,25.35,0
2025-11-20,98408960,42498380,0,140907340,69.84,30.16,0
2025-11-21,95619634,35190113,0,130809747,73.1,26.9,0
2025-11-22,187550904,64833302,0,252384206,74.31,25.69,0
2025-11-23,203457806,80884872,0,284342678,71.55,28.45,0
2025-11-24,91388136,31642889,0,123031025,74.28,25.72,0
2025-11-25,87421831,29717970,0,117139801,74.63,25.37,0
2025-11-26,110742089,35945068,0,146687157,75.5,24.5,0
2025-11-27,192394591,81166992,0,273561583,70.33,29.67,0
2025-11-28,189625911,71814874,0,261440785,72.53,27.47,0
2025-11-29,210705104,79830481,0,290535585,72.52,27.48,0
2025-11-30,218768497,86675122,0,305443619,71.62,28.38,0
2025-12-01,103954842,42778049,0,146732891,70.85,29.15,0
2025-12-02,92036237,35009389,0,127045626,72.44,27.56,0
2025-12-03,106680021,41830093,0,148510114,71.83,28.17,0
2025-12-04,114367940,41291754,0,155659694,73.47,26.53,0
2025-12-05,103573065,35529631,0,139102696,74.46,25.54,0
2025-12-06,182556375,67247272,0,249803647,73.08,26.92,0
2025-12-07,238579132,90103189,0,328682321,72.59,27.41,0
2025-12-08,99480569,45302949,0,144783518,68.71,31.29,0
2025-12-09,90974704,35965263,0,126939967,71.67,28.33,0
2025-12-10,93724608,40855574,0,134580182,69.64,30.36,0
2025-12-11,109011129,47937498,0,156948627,69.46,30.54,0
2025-12-12,95991120,36644366,0,132635486,72.37,27.63,0
2025-12-13,150806759,60192587,0,210999346,71.47,28.53,0
2025-12-14,240199861,90942785,0,331142646,72.54,27.46,0
2025-12-15,99830133,40423877,0,140254010,71.18,28.82,0
2025-12-16,95074826,37383278,0,132458104,71.78,28.22,0
2025-12-17,97117914,41113733,0,138231647,70.26,29.74,0
2025-12-18,150209152,60684610,0,210893762,71.23,28.77,0
2025-12-19,214014034,61946579,0,275960613,77.55,22.45,0
2025-12-20,250995225,85564451,0,336559676,74.58,25.42,0
2025-12-21,283626270,98083884,0,381710154,74.3,25.7,0
2025-12-22,136237468,46371288,0,182608756,74.61,25.39,0
2025-12-23,149330129,53068952,0,202399081,73.78,26.22,0
2025-12-24,82548751,30323685,0,112872436,73.13,26.87,0
2025-12-25,239193650,73797413,0,312991063,76.42,23.58,0
2025-12-26,148452711,61271876,0,209724587,70.78,29.22,0
2025-12-27,241749581,84731538,0,326481119,74.05,25.95,0
2025-12-28,271931529,88738575,0,360670104,75.4,24.6,0
2025-12-29,173915096,62117857,0,236032953,73.68,26.32,0
2025-12-30,138088985,55270624,0,193359609,71.42,28.58,0
2025-12-31,208606315,88635192,0,297241507,70.18,29.82,0
2026-01-01,204813685,86341153,0,291154838,70.35,29.65,0
2026-01-02,172908321,74158746,0,247067067,69.98,30.02,0
2026-01-03,226261219,84880768,0,311141987,72.72,27.28,0
2026-01-04,286225763,116436216,0,402661979,71.08,28.92,0
2026-01-05,129415388,50575800,0,179991188,71.9,28.1,0
2026-01-06,142322407,57879363,0,200201770,71.09,28.91,0
2026-01-07,168499641,67468225,0,235967866,71.41,28.59,0
2026-01-08,159948299,66698603,0,226646902,70.57,29.43,0
2026-01-09,183326940,64500506,0,247827446,73.97,26.03,0
2026-01-10,331008864,124439516,0,455448380,72.68,27.32,0
2026-01-11,351899708,114016782,0,465916490,75.53,24.47,0
2026-01-12,201780000,58063101,0,259843101,77.65,22.35,0
2026-01-13,177159108,59868357,0,237027465,74.74,25.26,0
2026-01-14,183237867,65771613,0,249009480,73.59,26.41,0
2026-01-15,173259723,60985076,0,234244799,73.97,26.03,0
2026-01-16,160748326,54692193,0,215440519,74.61,25.39,0
2026-01-17,406337376,129172324,0,535509700,75.88,24.12,0
2026-01-18,321299073,100681713,0,421980786,76.14,23.86,0
2026-01-19,224696625,83487293,0,308183918,72.91,27.09,0
2026-01-20,173596722,64449804,0,238046526,72.93,27.07,0
2026-01-21,182185423,65352890,0,247538313,73.6,26.4,0
2026-01-22,188528030,69137696,0,257665726,73.17,26.83,0
2026-01-23,198594467,68514764,0,267109231,74.35,25.65,0
2026-01-24,299712683,96595130,0,396307813,75.63,24.37,0
2026-01-25,413521418,129508943,0,543030361,76.15,23.85,0
2026-01-26,188469315,65707739,0,254177054,74.15,25.85,0
2026-01-27,218912283,79531250,0,298443533,73.35,26.65,0
2026-01-28,230796885,80213142,0,311010027,74.21,25.79,0
2026-01-29,214501363,78837645,0,293339008,73.12,26.88,0
2026-01-30,228151188,95430211,0,323581399,70.51,29.49,0
2026-01-31,290970234,107700887,0,398671121,72.99,27.01,0
2026-02-01,236604103,79234557,0,315838660,74.91,25.09,0
2026-02-02,174804387,65905473,0,240709860,72.62,27.38,0
2026-02-03,205530197,74580030,0,280110227,73.37,26.63,0
2026-02-04,229969377,82472331,0,312441708,73.6,26.4,0
2026-02-05,228469582,79495847,0,307965429,74.19,25.81,0
2026-02-06,229672458,77437377,0,307109835,74.79,25.21,0
2026-02-07,365020628,111813030,0,476833658,76.55,23.45,0
2026-02-08,694461705,176989769,0,871451474,79.69,20.31,0
2026-02-09,240533872,79952551,0,320486423,75.05,24.95,0
2026-02-10,256134844,89048116,0,345182960,74.2,25.8,0
2026-02-11,275382115,94912947,0,370295062,74.37,25.63,0
2026-02-12,231575829,88880351,0,320456180,72.26,27.74,0
2026-02-13,207441659,90734070,0,298175729,69.57,30.43,0
2026-02-14,306777987,117728677,0,424506664,72.27,27.73,0
2026-02-15,256775938,92259701,0,349035639,73.57,26.43,0
2026-02-16,198651595,77053964,0,275705559,72.05,27.95,0
2026-02-17,234101896,85360933,0,319462829,73.28,26.72,0
2026-02-18,266178742,98618468,0,364797210,72.97,27.03,0
2026-02-19,266539502,92837006,0,359376508,74.17,25.83,0
2026-02-20,256318320,96783758,0,353102078,72.59,27.41,0
2026-02-21,363030097,128399544,0,491429641,73.87,26.13,0
2026-02-22,315332894,112706144,0,428039038,73.67,26.33,0
2026-02-23,108456991,40629790,0,149086781,72.75,27.25,0
2026-02-24,163481960,51246211,0,214728171,76.13,23.87,0
2026-02-25,284662983,105843646,0,390506629,72.9,27.1,0
2026-02-26,276970433,97947780,0,374918213,73.87,26.13,0
2026-02-27,251959948,92835458,0,344795406,73.08,26.92,0
2026-02-28,375252288,135330738,0,510583026,73.49,26.51,0
2026-03-01,314471195,111188256,0,425659451,73.88,26.12,0
2026-03-02,218711436,81112126,0,299823562,72.95,27.05,0
2026-03-03,278219657,96826002,0,375045659,74.18,25.82,0
2026-03-04,298368527,111893738,0,410262265,72.73,27.27,0
2026-03-05,287176085,100883817,0,388059902,74,26,0
2026-03-06,295741291,108270987,0,404012278,73.2,26.8,0
2026-03-07,392897723,126890972,0,519788695,75.59,24.41,0
2026-03-08,333081396,112846191,0,445927587,74.69,25.31,0
2026-03-09,227428251,85056964,0,312485215,72.78,27.22,0
2026-03-10,294651277,104088241,0,398739518,73.9,26.1,0
2026-03-11,310373465,111591957,0,421965422,73.55,26.45,0
2026-03-12,315730797,101938050,0,417668847,75.59,24.41,0
2026-03-13,325689453,113861571,0,439551024,74.1,25.9,0
2026-03-14,359638935,125887580,0,485526515,74.07,25.93,0
2026-03-15,339589514,119223238,0,458812752,74.01,25.99,0
2026-03-16,224381876,75768397,0,300150273,74.76,25.24,0
2026-03-17,288176438,94938326,0,383114764,75.22,24.78,0
2026-03-18,281268460,92786448,0,374054908,75.19,24.81,0
2026-03-19,421379779,137051715,0,558431494,75.46,24.54,0
2026-03-20,432689622,147111864,0,579801486,74.63,25.37,0
2026-03-21,423833413,144844558,0,568677971,74.53,25.47,0
2026-03-22,403125313,141586283,0,544711596,74.01,25.99,0
2026-03-23,252434274,90868482,0,343302756,73.53,26.47,0
2026-03-24,213526740,80843210,0,294369950,72.54,27.46,0
2026-03-25,249788361,84149176,0,333937537,74.8,25.2,0
2026-03-26,306061308,100347162,0,406408470,75.31,24.69,0
2026-03-27,332028855,117376106,0,449404961,73.88,26.12,0
2026-03-28,351797873,116609314,0,468407187,75.11,24.89,0
2026-03-29,324619478,109784094,0,434403572,74.73,25.27,0
2026-03-30,266549965,88830926,0,355380891,75,25,0
2026-03-31,278620120,91121643,0,369741763,75.36,24.64,0
2026-04-01,300306735,101925575,0,402232310,74.66,25.34,0
2026-04-02,278566319,89935012,0,368501331,75.59,24.41,0
2026-04-03,315514144,100375948,0,415890092,75.86,24.14,0
2026-04-04,398175756,129815525,0,527991281,75.41,24.59,0
2026-04-05,349645171,115124402,0,464769573,75.23,24.77,0
2026-04-06,330744614,117863738,0,448608352,73.73,26.27,0
2026-04-07,367041746,106737414,0,473779160,77.47,22.53,0
2026-04-08,406020255,119486321,0,525506576,77.26,22.74,0
2026-04-09,376228636,101785907,0,478014543,78.71,21.29,0
2026-04-10,410320592,118254171,0,528574763,77.63,22.37,0
2026-04-11,402888451,128394055,0,531282506,75.83,24.17,0
2026-04-12,413857748,138665628,0,552523376,74.9,25.1,0
2026-04-13,250433399,85147779,0,335581178,74.63,25.37,0
2026-04-14,321642374,108266407,0,429908781,74.82,25.18,0
2026-04-15,313351224,104140906,0,417492130,75.06,24.94,0
2026-04-16,280340777,99385059,0,379725836,73.83,26.17,0
2026-04-17,339028987,105751277,0,444780264,76.22,23.78,0
2026-04-18,406260761,131962133,0,538222894,75.48,24.52,0
2026-04-19,389862761,120700268,0,510563029,76.36,23.64,0
2026-04-20,313865209,102080345,0,415945554,75.46,24.54,0
2026-04-21,414649558,131241813,0,545891371,75.96,24.04,0
2026-04-25,535906940,164702653,0,700609593,76.49,23.51,0
2026-04-26,503907478,157101406,0,661008884,76.23,23.77,0
2026-04-27,148065416,45499859,0,193565275,76.49,23.51,0
