date,notional_yes,notional_no,notional_total
2021-06-30,3.8,0,3.8
2021-07-01,1148.42,11.68,1160.1
2021-07-02,383.89,106.34,490.23
2021-07-04,0,52.45,52.45
2021-07-05,444.01,369.84,813.85
2021-07-06,388.64,128.52,517.16
2021-07-07,525.91,240.14,766.05
2021-07-08,9537,477.19,10014.19
2021-07-09,1898.51,1115.33,3013.84
2021-07-10,1749.46,3644.24,5393.7
2021-07-11,13.64,1073.67,1087.31
2021-07-12,346.72,1483.54,1830.26
2021-07-13,1433.99,5577.85,7011.84
2021-07-14,315.92,1614.44,1930.36
2021-07-15,776.16,2056.79,2832.95
2021-07-16,1733.59,938.59,2672.18
2021-07-17,4780.95,684.98,5465.93
2021-07-18,2712.23,1468.39,4180.62
2021-07-19,783.63,6458.68,7242.31
2021-07-20,2523.9,11617.4,14141.3
2021-07-21,2600.56,2450.14,5050.7
2021-07-22,4775.31,9701.54,14476.85
2021-07-23,3032.52,1678.23,4710.75
2021-07-24,5417.14,8852.92,14270.06
2021-07-25,1019.34,4660.69,5680.03
2021-07-26,1888.15,11291.34,13179.49
2021-07-27,4784.67,4563.9,9348.57
2021-07-28,6052.07,2311.96,8364.03
2021-07-29,6661.07,7772.62,14433.69
2021-07-30,8873.47,6851.91,15725.38
2021-07-31,4620.86,10267.73,14888.59
2021-08-01,9972.87,7930.69,17903.56
2021-08-02,3945.9,8586.87,12532.77
2021-08-03,9970.81,19369.41,29340.22
2021-08-04,32989.35,17852.92,50842.27
2021-08-05,32300.24,17362.56,49662.8
2021-08-06,32714.63,20439.27,53153.9
2021-08-07,12599.08,13422.87,26021.95
2021-08-08,5804.35,13915.13,19719.48
2021-08-09,12400.99,35061.73,47462.72
2021-08-10,18682.2,18788.47,37470.67
2021-08-11,14821.52,28046.07,42867.59
2021-08-12,5974.78,26115.67,32090.45
2021-08-13,19887.49,25826.25,45713.74
2021-08-14,5373.06,10372.25,15745.31
2021-08-15,3666.02,25811.47,29477.49
2021-08-16,8046.02,9249.74,17295.76
2021-08-17,15609.72,34114.08,49723.8
2021-08-18,15262.5,11657.47,26919.97
2021-08-19,24665.6,12032.15,36697.75
2021-08-20,14075.53,27683.84,41759.37
2021-08-21,16286.56,21304.03,37590.59
2021-08-22,20820.39,35558.55,56378.94
2021-08-23,6887.64,15753.83,22641.47
2021-08-24,21947.03,22982.98,44930.01
2021-08-25,19184.98,21189.52,40374.5
2021-08-26,20240.96,21150.51,41391.47
2021-08-27,37696.13,18812.8,56508.93
2021-08-28,13704.67,14805.25,28509.92
2021-08-29,14981.33,20013.42,34994.75
2021-08-30,15377.08,12516.44,27893.52
2021-08-31,13618.5,25499.45,39117.95
2021-09-01,19070.52,20619,39689.52
2021-09-02,3245.87,16613.39,19859.26
2021-09-03,16966.51,17045.15,34011.66
2021-09-04,21255.15,14044.57,35299.72
2021-09-05,9440.12,13136.14,22576.26
2021-09-06,10309.5,10184.09,20493.59
2021-09-07,6563.39,14192.18,20755.57
2021-09-08,16384.09,16564.66,32948.75
2021-09-09,14583.27,8910.52,23493.79
2021-09-10,13967.78,14703.99,28671.77
2021-09-11,9469.18,6783.54,16252.72
2021-09-12,9543.25,5637.61,15180.86
2021-09-13,13908.38,13847.53,27755.91
2021-09-14,13897.75,21908.67,35806.42
2021-09-15,23399.55,23385.61,46785.16
2021-09-16,2439.81,3077.09,5516.9
2021-09-17,21226.47,5135.61,26362.08
2021-09-18,1520.16,3384.36,4904.52
2021-09-19,603.92,2467.97,3071.89
2021-09-20,1399.84,2553.56,3953.4
2021-09-21,10926.77,23209.15,34135.92
2021-09-22,8270.52,21582.89,29853.41
2021-09-23,19208.88,11418.91,30627.79
2021-09-24,17989.69,16660.84,34650.53
2021-09-25,19549.13,9867.28,29416.41
2021-09-26,12331.6,8752.23,21083.83
2021-09-27,14380.43,12064.33,26444.76
2021-09-28,22311.38,40516.79,62828.17
2021-09-29,13831.71,17222.45,31054.16
2021-09-30,14417.24,39853.43,54270.67
2021-10-01,9167.75,23406.44,32574.19
2021-10-02,7433.82,8396.12,15829.94
2021-10-03,8587.45,5348.79,13936.24
2021-10-04,15289.01,13325.33,28614.34
2021-10-05,12061.66,18536.62,30598.28
2021-10-06,20681.4,31697.35,52378.75
2021-10-07,18487.85,16734.29,35222.14
2021-10-08,15158.97,14766.6,29925.57
2021-10-09,6067.8,3483.07,9550.87
2021-10-10,4272.46,6553.56,10826.02
2021-10-11,8173.03,10685.95,18858.98
2021-10-12,17237.31,13501.28,30738.59
2021-10-13,16047.03,20062.07,36109.1
2021-10-14,12722.34,15696.43,28418.77
2021-10-15,6617.95,8838.87,15456.82
2021-10-16,6404.27,6108.14,12512.41
2021-10-17,2037.27,3230.19,5267.46
2021-10-18,8788.41,11369.9,20158.31
2021-10-19,12153.43,11702.1,23855.53
2021-10-20,14493.85,27188.83,41682.68
2021-10-21,9749.5,25628.67,35378.17
2021-10-22,9055.24,12565.15,21620.39
2021-10-23,5848.95,5849.33,11698.28
2021-10-24,3229.83,8020.96,11250.79
2021-10-25,12489.49,17315.3,29804.79
2021-10-26,11446.69,21311.54,32758.23
2021-10-27,20337.3,17494.84,37832.14
2021-10-28,22866.64,28082.85,50949.49
2021-10-29,10287.13,20913.41,31200.54
2021-10-30,11005.2,12351.68,23356.88
2021-10-31,8253.72,8323.43,16577.15
2021-11-01,16835.46,19439.47,36274.93
2021-11-02,18395.53,22058.1,40453.63
2021-11-03,28810.56,50325.43,79135.99
2021-11-04,20172.75,39590.78,59763.53
2021-11-05,34847.82,78228.91,113076.73
2021-11-06,20905.85,25874.16,46780.01
2021-11-07,3595.95,18007.75,21603.7
2021-11-08,28810.44,42410.83,71221.27
2021-11-09,12517.03,29903.4,42420.43
2021-11-10,13418.8,19632.55,33051.35
2021-11-11,11164.79,22068.34,33233.13
2021-11-12,8955.78,18108.43,27064.21
2021-11-13,10845.96,5186.13,16032.09
2021-11-14,8061.75,17093.72,25155.47
2021-11-15,15969.74,11500.62,27470.36
2021-11-16,16052.65,17559.63,33612.28
2021-11-17,26109.78,18122.25,44232.03
2021-11-18,50890.79,17032.74,67923.53
2021-11-19,18798.61,22451.01,41249.62
2021-11-20,8224.17,7999.67,16223.84
2021-11-21,8211.46,5836.51,14047.97
2021-11-22,9859.38,23732.01,33591.39
2021-11-23,11106.88,35791.79,46898.67
2021-11-24,15245.68,19793.2,35038.88
2021-11-25,12716.89,8766.14,21483.03
2021-11-26,12791.84,19753.19,32545.03
2021-11-27,8301.1,16447.46,24748.56
2021-11-28,4766.68,15426.34,20193.02
2021-11-29,16320.68,26864.31,43184.99
2021-11-30,30485.89,27352.31,57838.2
2021-12-01,23557.23,24275.85,47833.08
2021-12-02,29347.64,43428.23,72775.87
2021-12-03,18651.25,23879.15,42530.4
2021-12-04,12038.29,7793.61,19831.9
2021-12-05,8681.91,10630.82,19312.73
2021-12-06,17263.8,18556.53,35820.33
2021-12-07,25309.76,33909.67,59219.43
2021-12-08,14584.13,14682.81,29266.94
2021-12-09,22617.02,34792.45,57409.47
2021-12-10,31911.67,16231.77,48143.44
2021-12-11,11642.37,11254.87,22897.24
2021-12-12,16052.18,9585.15,25637.33
2021-12-13,28315.84,28946.73,57262.57
2021-12-14,85316.43,62212.02,147528.45
2021-12-15,46233.11,41515.04,87748.15
2021-12-16,44894.82,25639.9,70534.72
2021-12-17,31593.95,24360.3,55954.25
2021-12-18,9838.72,10550.34,20389.06
2021-12-19,12938.55,15655.6,28594.15
2021-12-20,65483.92,25046.57,90530.49
2021-12-21,49428.78,19797.97,69226.75
2021-12-22,33360.13,26627.86,59987.99
2021-12-23,18186.62,17923.25,36109.87
2021-12-24,29192.51,17934.15,47126.66
2021-12-25,10963.45,7101.22,18064.67
2021-12-26,7533.11,8564.22,16097.33
2021-12-27,19006.04,11603.43,30609.47
2021-12-28,63469.52,47971.85,111441.37
2021-12-29,64989.7,28131.18,93120.88
2021-12-30,20269.94,15248.65,35518.59
2021-12-31,28313.09,23669.59,51982.68
2022-01-01,19520.87,7507.22,27028.09
2022-01-02,13121.02,7626.36,20747.38
2022-01-03,23298.41,24775.91,48074.32
2022-01-04,93248.97,26219.68,119468.65
2022-01-05,43115.17,58528.5,101643.67
2022-01-06,23658.09,18964.94,42623.03
2022-01-07,55606.53,35980.93,91587.46
2022-01-08,16483.61,20958.98,37442.59
2022-01-09,11171.97,17899.24,29071.21
2022-01-10,58419.86,31611.8,90031.66
2022-01-11,61890.72,50870.25,112760.97
2022-01-12,30680.87,23887.86,54568.73
2022-01-13,40985.86,46302.16,87288.02
2022-01-14,16336.61,42858.74,59195.35
2022-01-15,9648.67,28213.32,37861.99
2022-01-16,10453.43,17200.66,27654.09
2022-01-17,17073.91,40928.61,58002.52
2022-01-18,23028.27,61659.3,84687.57
2022-01-19,19526,29788.64,49314.64
2022-01-20,12921.15,51996.57,64917.72
2022-01-21,9905.71,25408.57,35314.28
2022-01-22,9614.29,18842.57,28456.86
2022-01-23,7972.28,13233.66,21205.94
2022-01-24,15068.08,20272.83,35340.91
2022-01-25,15335.41,21627.03,36962.44
2022-01-26,32433.23,29113.44,61546.67
2022-01-27,24712.19,15669.33,40381.52
2022-01-28,22939.85,25312.82,48252.67
2022-01-29,21955.82,22303.29,44259.11
2022-01-30,8402.9,11491.35,19894.25
2022-01-31,8129.27,14924.69,23053.96
2022-02-01,18141.74,21428.68,39570.42
2022-02-02,21415.4,17055.21,38470.61
2022-02-03,26551.96,18979.45,45531.41
2022-02-04,31757.87,24888.03,56645.9
2022-02-05,8531.02,14648.43,23179.45
2022-02-06,11255.62,27736.35,38991.97
2022-02-07,23024.33,20022.81,43047.14
2022-02-08,47502.34,28748.53,76250.87
2022-02-09,25177.46,19085.79,44263.25
2022-02-10,43933.25,34035.85,77969.1
2022-02-11,30000.04,34414.02,64414.06
2022-02-12,16033.56,9996.03,26029.59
2022-02-13,18968.64,21684.03,40652.67
2022-02-14,20266.81,15432.2,35699.01
2022-02-15,32632.08,35471.92,68104
2022-02-16,19611.44,34820.02,54431.46
2022-02-17,22690.81,32621.46,55312.27
2022-02-18,20087.8,23300.53,43388.33
2022-02-19,6858.06,6570.3,13428.36
2022-02-20,8222.65,9193.5,17416.15
2022-02-21,14474.71,12263.72,26738.43
2022-02-22,29138.82,38672.31,67811.13
2022-02-23,26590.22,18075.73,44665.95
2022-02-24,32007.1,32911.74,64918.84
2022-02-25,50339.56,35489.35,85828.91
2022-02-26,5591.67,7985.55,13577.22
2022-02-27,10228.66,17082.94,27311.6
2022-02-28,14443.31,21493.36,35936.67
2022-03-01,22475.61,28112.47,50588.08
2022-03-02,39505.87,21312.6,60818.47
2022-03-03,21235.88,16820.63,38056.51
2022-03-04,13121.53,24264.29,37385.82
2022-03-05,6668.33,7468.46,14136.79
2022-03-06,6653.73,10218.81,16872.54
2022-03-07,23731.28,19047.4,42778.68
2022-03-08,24395.81,31258.57,55654.38
2022-03-09,31334.75,33252,64586.75
2022-03-10,50570.73,21542.27,72113
2022-03-11,19983.27,20951.36,40934.63
2022-03-12,8191.62,9475.2,17666.82
2022-03-13,15035.21,12822.64,27857.85
2022-03-14,23626.94,41285.3,64912.24
2022-03-15,16651.24,22276.28,38927.52
2022-03-16,41682.81,21765.82,63448.63
2022-03-17,23529.42,20919.76,44449.18
2022-03-18,17032.86,26778.04,43810.9
2022-03-19,10918.58,16941.39,27859.97
2022-03-20,20761.71,26998.81,47760.52
2022-03-21,27806.83,20586.34,48393.17
2022-03-22,27200.94,26216.17,53417.11
2022-03-23,23500.55,19951.38,43451.93
2022-03-24,15105.45,19347.55,34453
2022-03-25,25356.22,29713.61,55069.83
2022-03-26,9660.41,7030.05,16690.46
2022-03-27,25133.93,44524.82,69658.75
2022-03-28,24286.3,25856.22,50142.52
2022-03-29,13633.93,21848.75,35482.68
2022-03-30,13686.02,12223.67,25909.69
2022-03-31,13566.2,22952.65,36518.85
2022-04-01,21585.71,21277.92,42863.63
2022-04-02,7299.87,9787.72,17087.59
2022-04-03,21804.18,62789.9,84594.08
2022-04-04,17126.72,14161.75,31288.47
2022-04-05,31791.02,21953.43,53744.45
2022-04-06,25204.03,22535.29,47739.32
2022-04-07,11908.95,16799.79,28708.74
2022-04-08,13913.31,11085.68,24998.99
2022-04-09,7848.62,7259.06,15107.68
2022-04-10,12416.53,5513.25,17929.78
2022-04-11,26196.61,18084.18,44280.79
2022-04-12,26801.84,51595.05,78396.89
2022-04-13,44397.68,27332.01,71729.69
2022-04-14,15251.72,24544.48,39796.2
2022-04-15,13477.12,15803.61,29280.73
2022-04-16,3201.55,8827.04,12028.59
2022-04-17,7184.84,4314.73,11499.57
2022-04-18,38438.91,23619,62057.91
2022-04-19,25609.12,22932.83,48541.95
2022-04-20,24697.39,24571.85,49269.24
2022-04-21,24895.8,18698.12,43593.92
2022-04-22,21903.82,21919.31,43823.13
2022-04-23,20605.67,7867.71,28473.38
2022-04-24,12108.79,5473.55,17582.34
2022-04-25,34328.2,27361.26,61689.46
2022-04-26,21401.1,43952.99,65354.09
2022-04-27,44155.81,46501.24,90657.05
2022-04-28,105251.27,70019.46,175270.73
2022-04-29,82727.49,122015.38,204742.87
2022-04-30,15505.05,20384.36,35889.41
2022-05-01,14379.42,28275.7,42655.12
2022-05-02,53470.82,105419.56,158890.38
2022-05-03,75902.83,143683.37,219586.2
2022-05-04,92203.21,211181.1,303384.31
2022-05-05,54793.73,161063.69,215857.42
2022-05-06,69742.01,132276.57,202018.58
2022-05-07,11055.67,20698.07,31753.74
2022-05-08,12015.61,35790.53,47806.14
2022-05-09,42103.2,120546.01,162649.21
2022-05-10,56663.86,154922.82,211586.68
2022-05-11,62065.67,187690.71,249756.38
2022-05-12,45975.26,108534.56,154509.82
2022-05-13,31200.23,86005.09,117205.32
2022-05-14,9174.93,10064.35,19239.28
2022-05-15,11472.17,13891.88,25364.05
2022-05-16,36139.74,109439.97,145579.71
2022-05-17,47307.76,77468.53,124776.29
2022-05-18,60223.34,104551.57,164774.91
2022-05-19,52383.58,149623.04,202006.62
2022-05-20,36897.64,79228.63,116126.27
2022-05-21,18822.33,13125.96,31948.29
2022-05-22,11361.3,36831.62,48192.92
2022-05-23,33106.57,107949.03,141055.6
2022-05-24,34187.19,138113.13,172300.32
2022-05-25,39134.88,117223.34,156358.22
2022-05-26,29155.14,106172,135327.14
2022-05-27,30757.6,96585.62,127343.22
2022-05-28,8039.06,11668.78,19707.84
2022-05-29,6000.19,56048.29,62048.48
2022-05-30,8053.88,23571.46,31625.34
2022-05-31,36603.01,100368.28,136971.29
2022-06-01,65703.78,109998.49,175702.27
2022-06-02,49958.57,111818.6,161777.17
2022-06-03,45731.45,120976.66,166708.11
2022-06-04,8457.44,24096.27,32553.71
2022-06-05,9840.62,19084.56,28925.18
2022-06-06,39053.61,152178.69,191232.3
2022-06-07,48062.01,161731.51,209793.52
2022-06-08,48915.19,146839.91,195755.1
2022-06-09,55917.67,136384.75,192302.42
2022-06-10,85760.39,187503.82,273264.21
2022-06-11,11495.73,21767.81,33263.54
2022-06-12,19322.37,54389.18,73711.55
2022-06-13,98951.38,123863.93,222815.31
2022-06-14,97587.4,142529.59,240116.99
2022-06-15,88456.12,143303.81,231759.93
2022-06-16,52354.38,85340.84,137695.22
2022-06-17,58078.56,156649.18,214727.74
2022-06-18,15756.16,35263.28,51019.44
2022-06-19,33832.04,43609.88,77441.92
2022-06-20,19420.59,40182.31,59602.9
2022-06-21,44332.89,84511.6,128844.49
2022-06-22,54162.17,145318.53,199480.7
2022-06-23,42781.01,120768.65,163549.66
2022-06-24,32781.6,76927.43,109709.03
2022-06-25,10407,13705.78,24112.78
2022-06-26,9187.73,46501.26,55688.99
2022-06-27,37030.7,110309.21,147339.91
2022-06-28,49434.04,122479.74,171913.78
2022-06-29,54166.84,147611.23,201778.07
2022-06-30,63925.55,230104.44,294029.99
2022-07-01,63342.26,156470.41,219812.67
2022-07-02,21812.25,22186.84,43999.09
2022-07-03,22189.11,28515.99,50705.1
2022-07-04,8072.21,19790.54,27862.75
2022-07-05,43383.61,150118.66,193502.27
2022-07-06,44602.55,96788.66,141391.21
2022-07-07,43511.9,68537.37,112049.27
2022-07-08,57520.91,126013.1,183534.01
2022-07-09,29866.03,25210.45,55076.48
2022-07-10,7901.6,23610.09,31511.69
2022-07-11,45633.68,106708.4,152342.08
2022-07-12,74061.52,144889.45,218950.97
2022-07-13,153564.77,241708.28,395273.05
2022-07-14,66167.93,183944.25,250112.18
2022-07-15,51016.32,96016.4,147032.72
2022-07-16,14357.04,24999.08,39356.12
2022-07-17,9855.68,22655.89,32511.57
2022-07-18,49933.17,82594.41,132527.58
2022-07-19,48606.93,118858.45,167465.38
2022-07-20,41108.94,125328.18,166437.12
2022-07-21,32492.14,86381.7,118873.84
2022-07-22,55486.29,125115.46,180601.75
2022-07-23,8230.66,22100.14,30330.8
2022-07-24,9936.72,18584.49,28521.21
2022-07-25,41517.17,90296.26,131813.43
2022-07-26,48907.5,125265.23,174172.73
2022-07-27,63097.17,135104.47,198201.64
2022-07-28,66418.99,146807.11,213226.1
2022-07-29,62996.35,89019.75,152016.1
2022-07-30,7889.66,16520,24409.66
2022-07-31,7108.38,12731.77,19840.15
2022-08-01,35943.66,110646.19,146589.85
2022-08-02,53017.03,121237.68,174254.71
2022-08-03,59910.59,108473.6,168384.19
2022-08-04,51247.05,113891.75,165138.8
2022-08-05,65964.14,123676.89,189641.03
2022-08-06,17664.94,22270.79,39935.73
2022-08-07,19556.63,32060.39,51617.02
2022-08-08,62123.89,177189.28,239313.17
2022-08-09,72417.09,156067.54,228484.63
2022-08-10,85618.08,153470.39,239088.47
2022-08-11,68963.19,173741.14,242704.33
2022-08-12,62517.85,136425.03,198942.88
2022-08-13,12075.57,33180.09,45255.66
2022-08-14,8006.48,29250.95,37257.43
2022-08-15,59518.2,246681.22,306199.42
2022-08-16,73744.76,185195.78,258940.54
2022-08-17,60192.72,152758.61,212951.33
2022-08-18,67285.36,122898.56,190183.92
2022-08-19,44265.88,135263.12,179529
2022-08-20,5861.19,15042.66,20903.85
2022-08-21,11228.36,37463.4,48691.76
2022-08-22,58715.47,115260.54,173976.01
2022-08-23,79990.33,139677.61,219667.94
2022-08-24,106958.08,166134.39,273092.47
2022-08-25,68732.87,151419.96,220152.83
2022-08-26,92336,224035.87,316371.87
2022-08-27,8110.37,41286.39,49396.76
2022-08-28,7730.41,45060.39,52790.8
2022-08-29,66738.65,143823.99,210562.64
2022-08-30,58234.57,172629.56,230864.13
2022-08-31,51371.86,111561.67,162933.53
2022-09-01,63185.49,97999.68,161185.17
2022-09-02,56965.32,159918.22,216883.54
2022-09-03,6110.21,26023.26,32133.47
2022-09-04,7061.7,19475.78,26537.48
2022-09-05,10533.16,30579.53,41112.69
2022-09-06,70155.8,205671.57,275827.37
2022-09-07,107815.34,131152.59,238967.93
2022-09-08,65494.38,131575.79,197070.17
2022-09-09,57521.55,78907.15,136428.7
2022-09-10,15310.81,41759.34,57070.15
2022-09-11,14306.91,20200.65,34507.56
2022-09-12,59931.7,123293.24,183224.94
2022-09-13,151663.53,186950.72,338614.25
2022-09-14,61400.93,121992.33,183393.26
2022-09-15,47654.1,122451.29,170105.39
2022-09-16,55028.09,123194.9,178222.99
2022-09-17,9747.98,29943.48,39691.46
2022-09-18,11973.32,24460.08,36433.4
2022-09-19,42630.36,98768.43,141398.79
2022-09-20,80224.78,131691.37,211916.15
2022-09-21,60891.74,160397.52,221289.26
2022-09-22,59276.13,115475.98,174752.11
2022-09-23,45612.18,150211.75,195823.93
2022-09-24,14540.39,40931.31,55471.7
2022-09-25,6403.35,30684.81,37088.16
2022-09-26,44059.6,105411.71,149471.31
2022-09-27,64306.78,153748.7,218055.48
2022-09-28,66781.15,134055.85,200837
2022-09-29,48702.18,130971.81,179673.99
2022-09-30,49239.06,93294.66,142533.72
2022-10-01,6642.96,24167.75,30810.71
2022-10-02,13952.45,46945.29,60897.74
2022-10-03,51150.79,122846.87,173997.66
2022-10-04,57120.36,110782.98,167903.34
2022-10-05,50369.06,130031.49,180400.55
2022-10-06,52044.47,116739.86,168784.33
2022-10-07,61759.57,97955.95,159715.52
2022-10-08,10704.03,29803.07,40507.1
2022-10-09,15160.46,24297.83,39458.29
2022-10-10,51964.31,111368.57,163332.88
2022-10-11,45485.23,110758.23,156243.46
2022-10-12,61626.38,135750.62,197377
2022-10-13,124012.16,179851.74,303863.9
2022-10-14,55573.05,96738.18,152311.23
2022-10-15,7211.11,20744.05,27955.16
2022-10-16,8820.92,31538.83,40359.75
2022-10-17,50508.86,121036.64,171545.5
2022-10-18,48193.85,138511.83,186705.68
2022-10-19,48246.3,102680.36,150926.66
2022-10-20,55220.39,133892.23,189112.62
2022-10-21,57147.42,136200.8,193348.22
2022-10-22,9273.37,21241.87,30515.24
2022-10-23,15475.53,27455.61,42931.14
2022-10-24,46801.14,120142.35,166943.49
2022-10-25,44340.49,118051.12,162391.61
2022-10-26,58418.92,115900.26,174319.18
2022-10-27,50452.74,167678.18,218130.92
2022-10-28,34688.96,84896.35,119585.31
2022-10-29,6472.25,20410.67,26882.92
2022-10-30,12670,18903.56,31573.56
2022-10-31,61379.25,141010.72,202389.97
2022-11-01,60083.38,86895.16,146978.54
2022-11-02,69544.92,188138.42,257683.34
2022-11-03,47683.35,104586.19,152269.54
2022-11-04,70305.2,120280.2,190585.4
2022-11-05,19166.51,22968.42,42134.93
2022-11-06,10761.41,26328.17,37089.58
2022-11-07,55260.7,117363.09,172623.79
2022-11-08,50006.19,91458.36,141464.55
2022-11-09,42819.11,96257.06,139076.17
2022-11-10,35618.12,149957.05,185575.17
2022-11-11,49752.8,65034.02,114786.82
2022-11-12,9521.37,23208.97,32730.34
2022-11-13,9958.45,23512.02,33470.47
2022-11-14,55479.5,111438.96,166918.46
2022-11-15,55369.29,157682.87,213052.16
2022-11-16,31801.55,86813.06,118614.61
2022-11-17,43309.71,83670.68,126980.39
2022-11-18,56708.06,87193.02,143901.08
2022-11-19,7007.05,13713.97,20721.02
2022-11-20,15406.25,43839.56,59245.81
2022-11-21,42851.77,77749.25,120601.02
2022-11-22,46696.54,118382.87,165079.41
2022-11-23,43049.87,89719.61,132769.48
2022-11-24,11466.2,37138.28,48604.48
2022-11-25,36738.58,37153.08,73891.66
2022-11-26,5567.4,11454.03,17021.43
2022-11-27,11408.3,35552.61,46960.91
2022-11-28,38088.21,83133,121221.21
2022-11-29,43087.23,144471.91,187559.14
2022-11-30,46430.54,175264.41,221694.95
2022-12-01,29986.85,90061.71,120048.56
2022-12-02,53563.26,105138.05,158701.31
2022-12-03,9729.75,26946.31,36676.06
2022-12-04,7383.88,16097.64,23481.52
2022-12-05,43557.37,76483.84,120041.21
2022-12-06,39859.81,94589.63,134449.44
2022-12-07,44348.91,131781.84,176130.75
2022-12-08,53886.45,86452.63,140339.08
2022-12-09,42370.64,109295.59,151666.23
2022-12-10,7813.86,19257.54,27071.4
2022-12-11,16634.65,18242,34876.65
2022-12-12,67761.52,104570.69,172332.21
2022-12-13,73584.79,218379.29,291964.08
2022-12-14,59816.76,114137.22,173953.98
2022-12-15,52669.65,108776.31,161445.96
2022-12-16,42329.04,78609.4,120938.44
2022-12-17,7568.99,10539.09,18108.08
2022-12-18,3985.69,18864.14,22849.83
2022-12-19,41140.78,86639.74,127780.52
2022-12-20,41177.56,92320.07,133497.63
2022-12-21,33059.45,75337.19,108396.64
2022-12-22,50544.62,90590.18,141134.8
2022-12-23,45755.06,57220.78,102975.84
2022-12-24,3711.71,18207.2,21918.91
2022-12-25,4622.28,11154.9,15777.18
2022-12-26,5575.01,25180.17,30755.18
2022-12-27,26646.29,65557.83,92204.12
2022-12-28,46730.29,75456.94,122187.23
2022-12-29,32337.77,52104.08,84441.85
2022-12-30,56117.28,47552.24,103669.52
2022-12-31,4990.07,11133.21,16123.28
2023-01-01,4014.89,10169.1,14183.99
2023-01-02,7663.19,34654.16,42317.35
2023-01-03,40853.24,62491.32,103344.56
2023-01-04,34947.66,83684.56,118632.22
2023-01-05,38794.36,81067,119861.36
2023-01-06,45875.53,100523.91,146399.44
2023-01-07,6718.67,19158.54,25877.21
2023-01-08,9465.43,23645.39,33110.82
2023-01-09,27136.86,85210.64,112347.5
2023-01-10,36146.56,71261.92,107408.48
2023-01-11,42393.06,69563.75,111956.81
2023-01-12,55613.22,91458.28,147071.5
2023-01-13,40465.36,49806.83,90272.19
2023-01-14,3588.98,8325.24,11914.22
2023-01-15,3793.36,6844.58,10637.94
2023-01-16,11075.03,18270.57,29345.6
2023-01-17,15120.63,24884.04,40004.67
2023-01-18,39486.83,63320.46,102807.29
2023-01-19,30401.63,58872.68,89274.31
2023-01-20,29244.12,72349.02,101593.14
2023-01-21,3115.16,14739.47,17854.63
2023-01-22,5483.49,20428.44,25911.93
2023-01-23,34433.1,43535.67,77968.77
2023-01-24,33683.57,46398.41,80081.98
2023-01-25,49788.78,86407.32,136196.1
2023-01-26,44201.2,71387.27,115588.47
2023-01-27,56209.85,55321.11,111530.96
2023-01-28,3363.14,13008.67,16371.81
2023-01-29,5608.63,12952.42,18561.05
2023-01-30,33002.16,60541.81,93543.97
2023-01-31,27858.83,60725.65,88584.48
2023-02-01,49419.42,115999.3,165418.72
2023-02-02,54044.99,123810.83,177855.82
2023-02-03,62803.45,90672.67,153476.12
2023-02-04,3735.65,17401.08,21136.73
2023-02-05,12345.38,28889.76,41235.14
2023-02-06,34149.96,61780.83,95930.79
2023-02-07,36498.18,86832.48,123330.66
2023-02-08,42084.9,60802.23,102887.13
2023-02-09,26005.87,66217.23,92223.1
2023-02-10,24091.84,75394.23,99486.07
2023-02-11,4934.99,14152.83,19087.82
2023-02-12,5185.82,11260.21,16446.03
2023-02-13,31222.12,68758.39,99980.51
2023-02-14,57167.22,131211.9,188379.12
2023-02-15,44025.96,97334.11,141360.07
2023-02-16,40487.49,74409.91,114897.4
2023-02-17,27277.88,47685.54,74963.42
2023-02-18,1984.62,6285.13,8269.75
2023-02-19,4350.01,17382.96,21732.97
2023-02-20,13333.99,27125.23,40459.22
2023-02-21,27386.58,59036.35,86422.93
2023-02-22,33999.05,55648.04,89647.09
2023-02-23,23852.77,48534.79,72387.56
2023-02-24,34866.75,83606.2,118472.95
2023-02-25,3555.92,7093.39,10649.31
2023-02-26,8637.32,34592.65,43229.97
2023-02-27,37020.45,80868.28,117888.73
2023-02-28,60530.93,133242.89,193773.82
2023-03-01,95506.86,97694.82,193201.68
2023-03-02,42371.64,78133.09,120504.73
2023-03-03,31948.8,91667.6,123616.4
2023-03-04,8459.91,10700.5,19160.41
2023-03-05,6018.64,12902.19,18920.83
2023-03-06,44841.98,105739.57,150581.55
2023-03-07,71466.28,137317.08,208783.36
2023-03-08,75310.29,138076.55,213386.84
2023-03-09,99420.72,235453.46,334874.18
2023-03-10,68885.02,201854.71,270739.73
2023-03-11,4938.98,19464.83,24403.81
2023-03-12,26544.33,63565.3,90109.63
2023-03-13,104572.89,252786.82,357359.71
2023-03-14,93077.77,188268.19,281345.96
2023-03-15,104788.59,254804.5,359593.09
2023-03-16,81667.38,165487.39,247154.77
2023-03-17,66904.99,124512.59,191417.58
2023-03-18,10555.63,15408.26,25963.89
2023-03-19,15492.09,26797.96,42290.05
2023-03-20,59761.38,114510.64,174272.02
2023-03-21,67478.77,138834,206312.77
2023-03-22,74180.2,205309.73,279489.93
2023-03-23,64283.24,216511.9,280795.14
2023-03-24,49309.7,166859.52,216169.22
2023-03-25,5111,10553.49,15664.49
2023-03-26,14551.78,24067.03,38618.81
2023-03-27,70424.18,136223.85,206648.03
2023-03-28,48642.77,107011.22,155653.99
2023-03-29,70588.19,116440.26,187028.45
2023-03-30,58844.17,130085.01,188929.18
2023-03-31,55093.97,168116.16,223210.13
2023-04-01,6647.13,22043.82,28690.95
2023-04-02,5014.45,16719.31,21733.76
2023-04-03,59851.48,123704.29,183555.77
2023-04-04,70774.57,198843.39,269617.96
2023-04-05,86493.69,207200.47,293694.16
2023-04-06,77061.24,208942.87,286004.11
2023-04-07,30769.48,90698.28,121467.76
2023-04-08,9311.45,21345.72,30657.17
2023-04-09,19552.71,42422.58,61975.29
2023-04-10,73987.41,140426.25,214413.66
2023-04-11,60093.16,120060.38,180153.54
2023-04-12,90364.35,233514.62,323878.97
2023-04-13,50194.75,124509.92,174704.67
2023-04-14,82250.11,189566.93,271817.04
2023-04-15,8849.75,25002.32,33852.07
2023-04-16,20651.69,15312.3,35963.99
2023-04-17,73199.17,136667.88,209867.05
2023-04-18,57327.17,178196.91,235524.08
2023-04-19,69592.49,152022.03,221614.52
2023-04-20,57072.58,110235.81,167308.39
2023-04-21,48565.83,90396.73,138962.56
2023-04-22,15458.94,62974.26,78433.2
2023-04-23,10987.36,68015.89,79003.25
2023-04-24,70559.76,138668.06,209227.82
2023-04-25,82582.44,207432.01,290014.45
2023-04-26,72081.03,157754.45,229835.48
2023-04-27,85985.49,179291.14,265276.63
2023-04-28,60122.71,133501.37,193624.08
2023-04-29,16470.77,53923.58,70394.35
2023-04-30,12565.08,63180.76,75745.84
2023-05-01,107855.02,143522.36,251377.38
2023-05-02,114773.25,274631.53,389404.78
2023-05-03,171777.12,425510.61,597287.73
2023-05-04,108232.36,303584.25,411816.61
2023-05-05,89056.14,247849.01,336905.15
2023-05-06,7776.6,36498.56,44275.16
2023-05-07,9944.56,31802.78,41747.34
2023-05-08,63576.45,148597.08,212173.53
2023-05-09,92805.84,133145.79,225951.63
2023-05-10,76835.56,223216.74,300052.3
2023-05-11,51626.93,153950.63,205577.56
2023-05-12,51869.71,99850.72,151720.43
2023-05-13,4669.49,21318.95,25988.44
2023-05-14,8349.37,11417.76,19767.13
2023-05-15,78794.32,159872.75,238667.07
2023-05-16,107892.24,222502.37,330394.61
2023-05-17,111296.71,197309.95,308606.66
2023-05-18,121757.13,218585.88,340343.01
2023-05-19,104981.89,212104.3,317086.19
2023-05-20,19052.37,24261.93,43314.3
2023-05-21,18003.28,75760.46,93763.74
2023-05-22,86885.04,261238.83,348123.87
2023-05-23,120193.12,307179.82,427372.94
2023-05-24,165357,359201.61,524558.61
2023-05-25,161338.3,478821.27,640159.57
2023-05-26,107502.38,364505.94,472008.32
2023-05-27,35684.91,72633.99,108318.9
2023-05-28,23420.07,74802.98,98223.05
2023-05-29,46831.19,24794.71,71625.9
2023-05-30,110642.05,312941.54,423583.59
2023-05-31,129714.97,337703.63,467418.6
2023-06-01,159414.43,352130.31,511544.74
2023-06-02,117848.08,386527.85,504375.93
2023-06-03,8886.67,15407.12,24293.79
2023-06-04,12588.99,48596.98,61185.97
2023-06-05,91345.85,320003.14,411348.99
2023-06-06,101579.7,288867.42,390447.12
2023-06-07,107644.43,253652.14,361296.57
2023-06-08,75520.86,234231.17,309752.03
2023-06-09,80596.75,251281.05,331877.8
2023-06-10,10420.76,37776.63,48197.39
2023-06-11,17274.35,50812.89,68087.24
2023-06-12,70500.87,206894.28,277395.15
2023-06-13,136961.18,399948.46,536909.64
2023-06-14,98563.38,550353.85,648917.23
2023-06-15,86611.16,281407.03,368018.19
2023-06-16,77861.4,205440.92,283302.32
2023-06-17,9549.84,24049.68,33599.52
2023-06-18,13949.7,56296.32,70246.02
2023-06-19,17120.76,44883.16,62003.92
2023-06-20,84059.32,246227.1,330286.42
2023-06-21,128318.25,409655.06,537973.31
2023-06-22,86550.42,284839.46,371389.88
2023-06-23,92740.82,249767.39,342508.21
2023-06-24,9276.77,10670.96,19947.73
2023-06-25,9569.21,13688.88,23258.09
2023-06-26,120321.46,401568.55,521890.01
2023-06-27,120221.89,392984.22,513206.11
2023-06-28,120009.75,304631.28,424641.03
2023-06-29,139397.48,323107.69,462505.17
2023-06-30,69604.49,321175.48,390779.97
2023-07-01,10932.51,23475.04,34407.55
2023-07-02,20877.98,19223.43,40101.41
2023-07-03,106106.05,195294.99,301401.04
2023-07-04,11860.28,39961.4,51821.68
2023-07-05,112756.39,206740.66,319497.05
2023-07-06,158932.4,321516.82,480449.22
2023-07-07,133155.96,313200.14,446356.1
2023-07-08,12653.36,31762.37,44415.73
2023-07-09,12444.45,35184,47628.45
2023-07-10,125918.7,211115.88,337034.58
2023-07-11,95142.95,168899.1,264042.05
2023-07-12,144088.8,290000.51,434089.31
2023-07-13,111717.99,231491.31,343209.3
2023-07-14,126953.53,182173.82,309127.35
2023-07-15,37666.51,47036.23,84702.74
2023-07-16,9027.45,84061.69,93089.14
2023-07-17,99567.69,179434.05,279001.74
2023-07-18,93777.45,192636.62,286414.07
2023-07-19,105608.9,270718.52,376327.42
2023-07-20,109113.65,301439.26,410552.91
2023-07-21,85202.37,328023.69,413226.06
2023-07-22,12581,32253.89,44834.89
2023-07-23,14694.11,83103.54,97797.65
2023-07-24,116105.59,206650.38,322755.97
2023-07-25,102563.6,190134.39,292697.99
2023-07-26,108654.26,269285.28,377939.54
2023-07-27,128397,307161.58,435558.58
2023-07-28,90462.84,190118.35,280581.19
2023-07-29,11446.35,15323.64,26769.99
2023-07-30,8406.57,63868.48,72275.05
2023-07-31,83058.4,157185.38,240243.78
2023-08-01,70584.95,145822.47,216407.42
2023-08-02,100916.35,244714.31,345630.66
2023-08-03,85492.01,183316.4,268808.41
2023-08-04,142048.78,392874.42,534923.2
2023-08-05,12969.69,159069.33,172039.02
2023-08-06,7587.62,78787.82,86375.44
2023-08-07,89506.96,255725.24,345232.2
2023-08-08,99077.12,227590.49,326667.61
2023-08-09,147729.66,206768.73,354498.39
2023-08-10,120164.17,245031.26,365195.43
2023-08-11,103132.82,188880.49,292013.31
2023-08-12,17889.53,17729.87,35619.4
2023-08-13,13203.04,18972.84,32175.88
2023-08-14,63585.17,153394.93,216980.1
2023-08-15,88544.62,178671.64,267216.26
2023-08-16,104782.87,217962.06,322744.93
2023-08-17,80784.01,167172.76,247956.77
2023-08-18,65621.66,171016.24,236637.9
2023-08-19,9181,8276.66,17457.66
2023-08-20,9229.66,15657.22,24886.88
2023-08-21,69795.06,146242.96,216038.02
2023-08-22,70959.22,207516.28,278475.5
2023-08-23,59740.12,187163.62,246903.74
2023-08-24,82855.53,211745.23,294600.76
2023-08-25,104164.25,285206.95,389371.2
2023-08-26,10039.8,50672.27,60712.07
2023-08-27,13235.72,85269.77,98505.49
2023-08-28,45817.23,244468.86,290286.09
2023-08-29,75958.08,202564.72,278522.8
2023-08-30,77309.04,260435.5,337744.54
2023-08-31,75564.1,206046.8,281610.9
2023-09-01,67166.88,246427.29,313594.17
2023-09-02,8943.04,84198.99,93142.03
2023-09-03,14508.99,48751.26,63260.25
2023-09-04,11325.25,42360.66,53685.91
2023-09-05,54956.3,123869.83,178826.13
2023-09-06,96172.98,151294.87,247467.85
2023-09-07,77281.69,168984,246265.69
2023-09-08,60236.08,159321.55,219557.63
2023-09-09,11455.39,68931.85,80387.24
2023-09-10,8251.04,71670.96,79922
2023-09-11,53615.19,162825.24,216440.43
2023-09-12,95880.75,204653.55,300534.3
2023-09-13,121417.4,225450.33,346867.73
2023-09-14,111412.43,272033.35,383445.78
2023-09-15,74518.93,149782.76,224301.69
2023-09-16,12038.8,90819.37,102858.17
2023-09-17,28331.03,48173.3,76504.33
2023-09-18,70931.99,178577.76,249509.75
2023-09-19,82920.11,159916.6,242836.71
2023-09-20,104856.34,314706.55,419562.89
2023-09-21,93632.56,187886.7,281519.26
2023-09-22,74910.9,152697,227607.9
2023-09-23,18012.31,66396.39,84408.7
2023-09-24,48366.87,82923.97,131290.84
2023-09-25,125510.02,147922.67,273432.69
2023-09-26,91608.35,168585.09,260193.44
2023-09-27,118432.7,190524.8,308957.5
2023-09-28,116282.83,190846.43,307129.26
2023-09-29,131467.55,249209.01,380676.56
2023-09-30,43295.71,169768.47,213064.18
2023-10-01,34313.03,36923.84,71236.87
2023-10-02,129216.57,237955.97,367172.54
2023-10-03,105070.62,246383.73,351454.35
2023-10-04,116579.31,382031.11,498610.42
2023-10-05,95749.35,196788.37,292537.72
2023-10-06,113287.47,315642.97,428930.44
2023-10-07,27386.15,64444.2,91830.35
2023-10-08,28622.9,67927.92,96550.82
2023-10-09,100343.55,246680.16,347023.71
2023-10-10,97336.51,221853.82,319190.33
2023-10-11,128495.01,232869.33,361364.34
2023-10-12,91731.58,254064.21,345795.79
2023-10-13,122154.18,267464.06,389618.24
2023-10-14,27400.42,24095.37,51495.79
2023-10-15,18305.29,24767.41,43072.7
2023-10-16,94770.96,233002.18,327773.14
2023-10-17,146949.22,216082.05,363031.27
2023-10-18,133323.57,241980.14,375303.71
2023-10-19,134742.38,257278.79,392021.17
2023-10-20,114231.99,235727.14,349959.13
2023-10-21,48026.27,31563.94,79590.21
2023-10-22,24379.85,40462.8,64842.65
2023-10-23,89225.72,212894.96,302120.68
2023-10-24,131731.48,287268.98,419000.46
2023-10-25,115480.95,332624.09,448105.04
2023-10-26,114576.5,316363.93,430940.43
2023-10-27,105461.84,299330.67,404792.51
2023-10-28,13535.06,63516.24,77051.3
2023-10-29,13521.08,53489.62,67010.7
2023-10-30,87299.43,315387.92,402687.35
2023-10-31,101611.21,335035.31,436646.52
2023-11-01,107325.02,292879.65,400204.67
2023-11-02,96496.96,212686.34,309183.3
2023-11-03,108262.91,260999.79,369262.7
2023-11-04,26851.94,30248.91,57100.85
2023-11-05,27677.52,21179.75,48857.27
2023-11-06,118289.2,209072.8,327362
2023-11-07,131764.98,194890.43,326655.41
2023-11-08,129006.04,241889.88,370895.92
2023-11-09,169143.13,343277.57,512420.7
2023-11-10,129429.52,244075.98,373505.5
2023-11-11,73705.88,56997.64,130703.52
2023-11-12,33795.98,77110.48,110906.46
2023-11-13,109386.02,180089.47,289475.49
2023-11-14,129268.21,520010.56,649278.77
2023-11-15,99806.94,230367.14,330174.08
2023-11-16,112621.85,276424.32,389046.17
2023-11-17,97040.67,234609.08,331649.75
2023-11-18,27056.37,75226.28,102282.65
2023-11-19,41832.2,89578.12,131410.32
2023-11-20,107683.52,245918.6,353602.12
2023-11-21,114882.51,156186.13,271068.64
2023-11-22,135627.89,277280.49,412908.38
2023-11-23,13003.13,59308.14,72311.27
2023-11-24,23061.77,108882.11,131943.88
2023-11-25,2838.93,35643.63,38482.56
2023-11-26,11032.46,47726.3,58758.76
2023-11-27,88401.16,255244.18,343645.34
2023-11-28,117991.34,315817.94,433809.28
2023-11-29,90292.46,398435.51,488727.97
2023-11-30,89756.83,556925.48,646682.31
2023-12-01,105802.65,295798.81,401601.46
2023-12-02,4290.19,44467.29,48757.48
2023-12-03,13046.91,30009.41,43056.32
2023-12-04,118772,188289.14,307061.14
2023-12-05,109004.33,267127.1,376131.43
2023-12-06,132621.44,319296.29,451917.73
2023-12-07,83039.21,174750.29,257789.5
2023-12-08,150654.13,244939.06,395593.19
2023-12-09,17130.22,65107.61,82237.83
2023-12-10,20719.41,21112.24,41831.65
2023-12-11,114265.53,217880.38,332145.91
2023-12-12,115945.5,182284.02,298229.52
2023-12-13,159634.27,419940.39,579574.66
2023-12-14,144706.14,298090.42,442796.56
2023-12-15,133991.22,273140.31,407131.53
2023-12-16,30784.52,71348.15,102132.67
2023-12-17,10134.14,104532.49,114666.63
2023-12-18,97656.58,172645.34,270301.92
2023-12-19,114033.13,151422.83,265455.96
2023-12-20,149370.98,220889.13,370260.11
2023-12-21,95464.06,160538.86,256002.92
2023-12-22,82802.11,211122.85,293924.96
2023-12-23,5901.14,16410.56,22311.7
2023-12-24,12601.42,6955.1,19556.52
2023-12-25,13242.79,13491.16,26733.95
2023-12-26,58501.15,100532.16,159033.31
2023-12-27,79099.12,102979.74,182078.86
2023-12-28,58807.49,107767.37,166574.86
2023-12-29,86412.68,196403.7,282816.38
2023-12-30,8347.58,218256.54,226604.12
2023-12-31,13495.68,93926.57,107422.25
2024-01-01,17580.64,25825.69,43406.33
2024-01-02,134436.41,185500.31,319936.72
2024-01-03,231261.69,264822.52,496084.21
2024-01-04,96675.9,164142.45,260818.35
2024-01-05,155891.38,238184.89,394076.27
2024-01-06,8158.99,38971.53,47130.52
2024-01-07,18689,28272.2,46961.2
2024-01-08,70303.91,179070.98,249374.89
2024-01-09,126847.84,208207.32,335055.16
2024-01-10,125641.58,263065.03,388706.61
2024-01-11,192883.86,320607.86,513491.72
2024-01-12,164115.21,229251.1,393366.31
2024-01-13,7665.11,38034.55,45699.66
2024-01-14,10035.76,63407.26,73443.02
2024-01-15,35723.24,126294.24,162017.48
2024-01-16,143647.3,306266.69,449913.99
2024-01-17,101985.09,238496.45,340481.54
2024-01-18,95615.59,235925.47,331541.06
2024-01-19,83302.42,183031.08,266333.5
2024-01-20,17597.52,192645.52,210243.04
2024-01-21,10118.32,33779.84,43898.16
2024-01-22,145849.07,161995.23,307844.3
2024-01-23,84620.71,141800.17,226420.88
2024-01-24,128834.72,227972.04,356806.76
2024-01-25,126593.75,236225.98,362819.73
2024-01-26,93866.24,192124.7,285990.94
2024-01-27,19820.6,26869.92,46690.52
2024-01-28,14236.77,22343.85,36580.62
2024-01-29,124880.97,194235.33,319116.3
2024-01-30,117378.85,216819.24,334198.09
2024-01-31,260033.52,446596.64,706630.16
2024-02-01,138437.36,393334.76,531772.12
2024-02-02,181757.99,431597.95,613355.94
2024-02-03,11070.01,31809.75,42879.76
2024-02-04,46936.21,97006.73,143942.94
2024-02-05,135786.71,221397.87,357184.58
2024-02-06,131277.51,227067.92,358345.43
2024-02-07,116598.34,181595.81,298194.15
2024-02-08,126176.29,185630.34,311806.63
2024-02-09,108372.16,178720.03,287092.19
2024-02-10,28186.48,35032.49,63218.97
2024-02-11,17276.85,17694.16,34971.01
2024-02-12,160310.27,223780.26,384090.53
2024-02-13,254125.8,442240.95,696366.75
2024-02-14,148165.11,304514.8,452679.91
2024-02-15,112515.72,209075.34,321591.06
2024-02-16,168620.25,326781.62,495401.87
2024-02-17,20463.79,37236.1,57699.89
2024-02-18,14440.34,48374.2,62814.54
2024-02-19,19615.96,41448.43,61064.39
2024-02-20,125823.37,269420.21,395243.58
2024-02-21,125249.51,261694.1,386943.61
2024-02-22,156736.72,346948.06,503684.78
2024-02-23,179536.26,288726.09,468262.35
2024-02-24,39602.26,43488.12,83090.38
2024-02-25,30813.11,25630.81,56443.92
2024-02-26,123758.74,214395.72,338154.46
2024-02-27,137426.18,255669.02,393095.2
2024-02-28,150104.17,336693.02,486797.19
2024-02-29,180827.37,296902.22,477729.59
2024-03-01,130261.49,229934.36,360195.85
2024-03-02,18991.15,23301.23,42292.38
2024-03-03,14903.39,33978.87,48882.26
2024-03-04,235061.9,347117.01,582178.91
2024-03-05,173789.44,501244.36,675033.8
2024-03-06,279737.14,563821.22,843558.36
2024-03-07,159442.47,360954.01,520396.48
2024-03-08,285335.32,637218.83,922554.15
2024-03-09,64156.45,50512.79,114669.24
2024-03-10,57234.21,83931.02,141165.23
2024-03-11,160812.22,1017589.4,1178401.62
2024-03-12,146356.16,388882.25,535238.41
2024-03-13,154225.64,517456.29,671681.93
2024-03-14,99799.17,305640.69,405439.86
2024-03-15,181990.02,498734.64,680724.66
2024-03-16,15749.05,87003.04,102752.09
2024-03-17,19641.5,542901.64,562543.14
2024-03-18,137123.02,1078043.94,1215166.96
2024-03-19,256758.54,436408.4,693166.94
2024-03-20,239946.55,456357,696303.55
2024-03-21,281216.79,390827.7,672044.49
2024-03-22,191299.44,619370.94,810670.38
2024-03-23,32927.54,92574.84,125502.38
2024-03-24,31230.63,158515.15,189745.78
2024-03-25,144602.54,657943.69,802546.23
2024-03-26,195827.93,431090.49,626918.42
2024-03-27,195774.43,492916.3,688690.73
2024-03-28,177355.7,364499.55,541855.25
2024-03-29,40305.04,161269.28,201574.32
2024-03-30,22390.48,514390.52,536781
2024-03-31,17322.15,626784.2,644106.35
2024-04-01,194723.28,745943.44,940666.72
2024-04-02,137069.57,303683.27,440752.84
2024-04-03,204015.11,771263.19,975278.3
2024-04-04,384439.56,655351.78,1039791.34
2024-04-05,257058.02,431997.9,689055.92
2024-04-06,41454.6,154005.49,195460.09
2024-04-07,21911.69,706544.86,728456.55
2024-04-08,129407.79,794797.49,924205.28
2024-04-09,186251.2,400478.37,586729.57
2024-04-10,273941.77,439460.18,713401.95
2024-04-11,184592.41,308984.28,493576.69
2024-04-12,129987.7,325391.14,455378.84
2024-04-13,15904.82,25343.56,41248.38
2024-04-14,13296.35,328744.34,342040.69
2024-04-15,127111.99,825747.49,952859.48
2024-04-16,134226.09,622838.02,757064.11
2024-04-17,144541.71,324033.6,468575.31
2024-04-18,153380.11,248828.28,402208.39
2024-04-19,140091.29,366266.12,506357.41
2024-04-20,26286.45,63032.83,89319.28
2024-04-21,25483.9,1398308.26,1423792.16
2024-04-22,205829.59,357228.88,563058.47
2024-04-23,141021.12,229970.33,370991.45
2024-04-24,149578.68,189305.19,338883.87
2024-04-25,149363.04,246122.55,395485.59
2024-04-26,157419.37,334382.76,491802.13
2024-04-27,28997.24,575693.16,604690.4
2024-04-28,15044.55,237654.52,252699.07
2024-04-29,156798.51,619731.81,776530.32
2024-04-30,124425.39,823767.59,948192.98
2024-05-01,131215.72,237703.46,368919.18
2024-05-02,190538.51,209130.03,399668.54
2024-05-03,238845.48,460970.91,699816.39
2024-05-04,16507.35,334638.26,351145.61
2024-05-05,10830.66,529988.94,540819.6
2024-05-06,98353.83,869436.44,967790.27
2024-05-07,133790.73,260903.14,394693.87
2024-05-08,167896.91,239820.4,407717.31
2024-05-09,166959.17,200853.13,367812.3
2024-05-10,207544.29,378163.85,585708.14
2024-05-11,17855.34,163243.39,181098.73
2024-05-12,16663.58,88711.35,105374.93
2024-05-13,268690.94,323105.43,591796.37
2024-05-14,244158.94,1322430.54,1566589.48
2024-05-15,284965.96,1427666.06,1712632.02
2024-05-16,211931.1,347835.93,559767.03
2024-05-17,179150.08,406897.62,586047.7
2024-05-18,29512.12,162731.95,192244.07
2024-05-19,12698.94,828286.5,840985.44
2024-05-20,175489.56,298404.13,473893.69
2024-05-21,138891.23,729525.95,868417.18
2024-05-22,174635.03,224787.74,399422.77
2024-05-23,132333.73,226032.12,358365.85
2024-05-24,109083.01,435803.27,544886.28
2024-05-25,21384.16,135092.28,156476.44
2024-05-26,17662.48,352900.95,370563.43
2024-05-27,29889.06,36016.88,65905.94
2024-05-28,166592.07,207796.96,374389.03
2024-05-29,114575.55,766974.03,881549.58
2024-05-30,160573.65,888355.64,1048929.29
2024-05-31,192601.17,345040.4,537641.57
2024-06-01,24520.48,48426.47,72946.95
2024-06-02,18111.54,970143.2,988254.74
2024-06-03,142436.81,229810.36,372247.17
2024-06-04,202076.2,689445.89,891522.09
2024-06-05,284723.99,365444.9,650168.89
2024-06-06,165232.88,292432.24,457665.12
2024-06-07,226719.56,458531.76,685251.32
2024-06-08,13447.28,171069.67,184516.95
2024-06-09,23991.9,724602.47,748594.37
2024-06-10,194908.78,382243,577151.78
2024-06-11,173275.49,478490.71,651766.2
2024-06-12,379418.14,970008.61,1349426.75
2024-06-13,280985.83,251324.11,532309.94
2024-06-14,164361.94,294315.54,458677.48
2024-06-15,18733.3,462711.43,481444.73
2024-06-16,15412.1,1445481.99,1460894.09
2024-06-17,179886.53,307655.14,487541.67
2024-06-18,156984.15,328380.6,485364.75
2024-06-19,30565.2,226601.46,257166.66
2024-06-20,208489.47,651836.12,860325.59
2024-06-21,110016.93,196175.13,306192.06
2024-06-22,18861.68,92133.27,110994.95
2024-06-23,20269.31,763661.04,783930.35
2024-06-24,128211.96,239567.66,367779.62
2024-06-25,90712.82,501165.36,591878.18
2024-06-26,175393.75,309384.55,484778.3
2024-06-27,311020.62,716754.35,1027774.97
2024-06-28,218099.23,448778.3,666877.53
2024-06-29,45115.83,423325.87,468441.7
2024-06-30,47859.09,1013924.57,1061783.66
2024-07-01,271780.32,415075.34,686855.66
2024-07-02,186729.25,290506.81,477236.06
2024-07-03,144100.31,323740.68,467840.99
2024-07-04,41881.45,212238.89,254120.34
2024-07-05,262280.42,360884.78,623165.2
2024-07-06,27438.49,207348.07,234786.56
2024-07-07,25308.11,1282653.25,1307961.36
2024-07-08,130439.76,223262.46,353702.22
2024-07-09,192688.2,229421.46,422109.66
2024-07-10,147747.71,243963.61,391711.32
2024-07-11,256820.86,409853.82,666674.68
2024-07-12,307156.32,464707.09,771863.41
2024-07-13,30412.88,38355.49,68768.37
2024-07-14,50384.66,996540.45,1046925.11
2024-07-15,249304.9,478220.59,727525.49
2024-07-16,188895.33,382020.94,570916.27
2024-07-17,243489.93,361990.96,605480.89
2024-07-18,162573.02,276406.31,438979.33
2024-07-19,137554.41,255394.31,392948.72
2024-07-20,21545.45,23197.68,44743.13
2024-07-21,32806.1,484733.82,517539.92
2024-07-22,221386.96,560584.1,781971.06
2024-07-23,179082.72,624489.53,803572.25
2024-07-24,159957.41,317744.38,477701.79
2024-07-25,274310.66,299704.87,574015.53
2024-07-26,241682.81,294693.31,536376.12
2024-07-27,22664.96,55666.93,78331.89
2024-07-28,27209.2,36436.48,63645.68
2024-07-29,143150.38,224406.49,367556.87
2024-07-30,191920.69,392889.85,584810.54
2024-07-31,284023.53,518924.06,802947.59
2024-08-01,303382.8,425539.92,728922.72
2024-08-02,277463.23,472551.84,750015.07
2024-08-03,30535.87,68003.78,98539.65
2024-08-04,42072.8,42224.74,84297.54
2024-08-05,324936.6,356606.76,681543.36
2024-08-06,255673.85,281982.24,537656.09
2024-08-07,143021.94,303530.57,446552.51
2024-08-08,213320.45,333333.42,546653.87
2024-08-09,228809.44,228734.39,457543.83
2024-08-10,20364.38,38205.08,58569.46
2024-08-11,17919.47,27095.03,45014.5
2024-08-12,185324.78,184001.81,369326.59
2024-08-13,355569.64,263321.67,618891.31
2024-08-14,360369.63,302534.32,662903.95
2024-08-15,291180.53,328505.05,619685.58
2024-08-16,185282.08,177643.88,362925.96
2024-08-17,34378.86,61802.35,96181.21
2024-08-18,23771.48,33804.37,57575.85
2024-08-19,313800.92,196039.57,509840.49
2024-08-20,130641.04,172641.82,303282.86
2024-08-21,219977.4,158843.03,378820.43
2024-08-22,180999.2,224062.14,405061.34
2024-08-23,227808.6,260022.63,487831.23
2024-08-24,45963.99,33618.63,79582.62
2024-08-25,18994.72,30092.16,49086.88
2024-08-26,142884.89,141700.64,284585.53
2024-08-27,180524.01,200463.65,380987.66
2024-08-28,179376.05,204258.31,383634.36
2024-08-29,188123.53,249501.85,437625.38
2024-08-30,139673.63,129219.85,268893.48
2024-08-31,17426.67,32495.55,49922.22
2024-09-01,17062.07,27496.65,44558.72
2024-09-02,14274.19,32204.81,46479
2024-09-03,159059.5,216219.89,375279.39
2024-09-04,175863.65,229589.25,405452.9
2024-09-05,154117.29,189501.86,343619.15
2024-09-06,370987.97,280048.45,651036.42
2024-09-07,16020.89,34876.58,50897.47
2024-09-08,30630.33,48178.94,78809.27
2024-09-09,109025.67,193710.12,302735.79
2024-09-10,164355.27,205716.21,370071.48
2024-09-11,263211.88,260870.6,524082.48
2024-09-12,357108.18,311501.71,668609.89
2024-09-13,235996.74,300973.12,536969.86
2024-09-14,25541.33,79678.94,105220.27
2024-09-15,25862.4,41674.87,67537.27
2024-09-16,195490,198013.1,393503.1
2024-09-17,190331.08,227237.11,417568.19
2024-09-18,317022.99,693869.69,1010892.68
2024-09-19,115804.65,230377.08,346181.73
2024-09-20,143882.87,205233.51,349116.38
2024-09-21,34530.67,55352.39,89883.06
2024-09-22,27660.85,48533.68,76194.53
2024-09-23,100688.12,103559.56,204247.68
2024-09-24,140048.44,170072.73,310121.17
2024-09-25,165108.29,256910.96,422019.25
2024-09-26,145049.17,226985.91,372035.08
2024-09-27,243351.41,262491.32,505842.73
2024-09-28,19925.79,23410.23,43336.02
2024-09-29,20819.1,16024.2,36843.3
2024-09-30,211436.97,275388.48,486825.45
2024-10-01,151085.57,234868.97,385954.54
2024-10-02,160741.5,260997.55,421739.05
2024-10-03,144483.8,173133.83,317617.63
2024-10-04,297511.54,344381.97,641893.51
2024-10-05,47988.49,38869.08,86857.57
2024-10-06,40559.24,41308.71,81867.95
2024-10-07,375381.04,356984.32,732365.36
2024-10-08,433205.46,431414.29,864619.75
2024-10-09,526868.82,667879.26,1194748.08
2024-10-10,634927.35,801658.05,1436585.4
2024-10-11,770980.71,782591.67,1553572.38
2024-10-12,284308.18,135238.83,419547.01
2024-10-13,170366.3,284452,454818.3
2024-10-14,506562.46,293860.24,800422.7
2024-10-15,2255468.39,2462920.87,4718389.26
2024-10-16,1663166.38,1926371.49,3589537.87
2024-10-17,2531835.07,2771445.94,5303281.01
2024-10-18,2480563.59,2639535.52,5120099.11
2024-10-19,585058.93,1030715.29,1615774.22
2024-10-20,501484.63,1137578.36,1639062.99
2024-10-21,3194947.64,4878775.34,8073722.98
2024-10-22,3453737.29,4026821.44,7480558.73
2024-10-23,3290265.47,4963470.42,8253735.89
2024-10-24,4017452.09,5945626.3,9963078.39
2024-10-25,3688161.38,4904846.54,8593007.92
2024-10-26,1563716.42,1554838.71,3118555.13
2024-10-27,1227142.62,2265779.39,3492922.01
2024-10-28,2753921.54,2685916.51,5439838.05
2024-10-29,4653951.01,8386635.42,13040586.43
2024-10-30,7119571.7,4368379,11487950.7
2024-10-31,10975201.13,9816104.28,20791305.41
2024-11-01,12520218.98,10302470.5,22822689.48
2024-11-02,9001851.55,8868808.37,17870659.92
2024-11-03,7814443.35,6932042.36,14746485.71
2024-11-04,28937430.73,16262347.54,45199778.27
2024-11-05,58154276.7,56793061.56,114947338.26
2024-11-06,28787986.01,82550077.87,111338063.88
2024-11-07,11805030.86,22186956.61,33991987.47
2024-11-08,6253552.72,13632325.57,19885878.29
2024-11-09,4881925.12,10306221.29,15188146.41
2024-11-10,3771886.46,10695190.56,14467077.02
2024-11-11,7167237.68,9891089.28,17058326.96
2024-11-12,8429844.45,12662129.32,21091973.77
2024-11-13,5524946.79,13194467.07,18719413.86
2024-11-14,6680314,8604149.01,15284463.01
2024-11-15,7463269.01,8252865.45,15716134.46
2024-11-16,1407317.9,2534310.74,3941628.64
2024-11-17,1848428.83,4613284.83,6461713.66
2024-11-18,10425110.51,6879992.67,17305103.18
2024-11-19,8201720.16,7868432.84,16070153
2024-11-20,3701368.92,4719954.95,8421323.87
2024-11-21,3170542.56,8195778.67,11366321.23
2024-11-22,3098608.9,5529074.33,8627683.23
2024-11-23,1167425.32,2164817.61,3332242.93
2024-11-24,982790.46,1931563.57,2914354.03
2024-11-25,2139765.05,3941796.1,6081561.15
2024-11-26,8848829.46,9006285.72,17855115.18
2024-11-27,1841048.87,2827457.37,4668506.24
2024-11-28,670603.04,1498975.02,2169578.06
2024-11-29,1336342,1931972.77,3268314.77
2024-11-30,1557549.79,1781225.91,3338775.7
2024-12-01,1234736.21,1517857.26,2752593.47
2024-12-02,1816595.26,2459616.33,4276211.59
2024-12-03,2677539.21,6995503.06,9673042.27
2024-12-04,2553143.83,3500761.75,6053905.58
2024-12-05,4031300.9,6753723.07,10785023.97
2024-12-06,1992437.86,2390661.25,4383099.11
2024-12-07,876284.61,1290236.89,2166521.5
2024-12-08,886657.03,1005203.26,1891860.29
2024-12-09,2095637.16,2803353.4,4898990.56
2024-12-10,1485693.64,2056737.58,3542431.22
2024-12-11,2337728.31,2062446.29,4400174.6
2024-12-12,1599835.37,1962026.89,3561862.26
2024-12-13,1452625.84,1818347.67,3270973.51
2024-12-14,935793.74,1200760.64,2136554.38
2024-12-15,949549.85,1013159.26,1962709.11
2024-12-16,1411296.45,1474762.37,2886058.82
2024-12-17,3806998.51,2109900.57,5916899.08
2024-12-18,1839439.39,2037691.61,3877131
2024-12-19,1189220.49,1890618.71,3079839.2
2024-12-20,1502285.16,2198604.11,3700889.27
2024-12-21,824353.95,1093923.61,1918277.56
2024-12-22,698836.84,848662.66,1547499.5
2024-12-23,832442.24,1279534.41,2111976.65
2024-12-24,689412.98,940748.34,1630161.32
2024-12-25,734466.74,707213.9,1441680.64
2024-12-26,841469.03,1196416.3,2037885.33
2024-12-27,841705.52,1315412.77,2157118.29
2024-12-28,643593.07,673564.26,1317157.33
2024-12-29,599185.03,949871.14,1549056.17
2024-12-30,884178.48,1237402.63,2121581.11
2024-12-31,840057.45,963094.44,1803151.89
2025-01-01,900607.42,1096196.77,1996804.19
2025-01-02,923684.87,1148327,2072011.87
2025-01-03,1948579.49,1581947.09,3530526.58
2025-01-04,787212.33,916713.57,1703925.9
2025-01-05,1102528.71,1163787.26,2266315.97
2025-01-06,1586320.45,2412468.56,3998789.01
2025-01-07,1054272.5,1299241.49,2353513.99
2025-01-08,978556.73,1095318.73,2073875.46
2025-01-09,855962.3,915347.52,1771309.82
2025-01-10,963318.69,1067149.07,2030467.76
2025-01-11,443606.63,562851.18,1006457.81
2025-01-12,458037.79,693335.51,1151373.3
2025-01-13,827976.33,1087020.76,1914997.09
2025-01-14,1112621.49,1215658.41,2328279.9
2025-01-15,1050099.34,1217772.95,2267872.29
2025-01-16,1024257.87,1503633.27,2527891.14
2025-01-17,1217153.45,1400587.24,2617740.69
2025-01-18,1195537.34,863149.57,2058686.91
2025-01-19,1202893.07,1262417.31,2465310.38
2025-01-20,4387217.1,4637900.67,9025117.77
2025-01-21,1522309.94,2093794.21,3616104.15
2025-01-22,1296709.95,2190419.18,3487129.13
2025-01-23,1659331.96,1717920.65,3377252.61
2025-01-24,1676022.07,1485347.14,3161369.21
2025-01-25,970968.65,778234.18,1749202.83
2025-01-26,1884251.66,1518200.93,3402452.59
2025-01-27,1106787.53,1361778.39,2468565.92
2025-01-28,1028590.82,1192754.41,2221345.23
2025-01-29,1439682,1361934.81,2801616.81
2025-01-30,1459284.14,1403700.34,2862984.48
2025-01-31,1206756.06,1238246.73,2445002.79
2025-02-01,1028832.29,823486.63,1852318.92
2025-02-02,1440530.16,1071910.32,2512440.48
2025-02-03,2092863.34,1518028.42,3610891.76
2025-02-04,2129890.08,1371829.6,3501719.68
2025-02-05,1126043.54,1175242.42,2301285.96
2025-02-06,1271659.42,1740165.58,3011825
2025-02-07,1453592.38,1395809.4,2849401.78
2025-02-08,1295911.59,889178.05,2185089.64
2025-02-09,9269051.01,6207793.71,15476844.72
2025-02-10,1624659.93,1481302.79,3105962.72
2025-02-11,1242665.91,1455679.39,2698345.3
2025-02-12,1609782.36,1762089.81,3371872.17
2025-02-13,1545352.59,1774523.7,3319876.29
2025-02-14,1300611.33,1451961.57,2752572.9
2025-02-15,845461.36,924917.23,1770378.59
2025-02-16,1076524.99,1297369.6,2373894.59
2025-02-17,1135249.72,1040738.79,2175988.51
2025-02-18,1389143.75,1628101.36,3017245.11
2025-02-19,1266006.41,1415047.97,2681054.38
2025-02-20,1535787.52,1867509.67,3403297.19
2025-02-21,1215910.23,1500978.34,2716888.57
2025-02-22,669690.89,944515.37,1614206.26
2025-02-23,896196.05,1032246.14,1928442.19
2025-02-24,1116290.9,1386378.4,2502669.3
2025-02-25,1183325.4,1354828.26,2538153.66
2025-02-26,1316061.71,1580683.84,2896745.55
2025-02-27,1521498.13,1597997.83,3119495.96
2025-02-28,1155300.34,1328875.83,2484176.17
2025-03-01,708554.77,712998.62,1421553.39
2025-03-02,1570370.82,1208118.72,2778489.54
2025-03-03,1408223.11,1587849.17,2996072.28
2025-03-04,3326384.24,2373744.67,5700128.91
2025-03-05,1515557.37,1817233.87,3332791.24
2025-03-06,1127026.45,1332272.39,2459298.84
2025-03-07,1193818.49,1468402.72,2662221.21
2025-03-08,711908.29,688609.18,1400517.47
2025-03-09,630978.29,783422.92,1414401.21
2025-03-10,1047365.72,1247150.1,2294515.82
2025-03-11,1191578.41,1482375.39,2673953.8
2025-03-12,938296.39,1106170.74,2044467.13
2025-03-13,943998.06,1534116.08,2478114.14
2025-03-14,1066092.45,1552591.49,2618683.94
2025-03-15,743929.97,834388.78,1578318.75
2025-03-16,726633.32,1022726.31,1749359.63
2025-03-17,1020044.72,1076271.14,2096315.86
2025-03-18,1800049.62,1331382.73,3131432.35
2025-03-19,2947746.62,1865899.49,4813646.11
2025-03-20,12086514.5,4336423.66,16422938.16
2025-03-21,17988779.93,6774939.36,24763719.29
2025-03-22,19806944.39,6948374.53,26755318.92
2025-03-23,21190967.52,7290981.26,28481948.78
2025-03-24,6365827.46,2590009.75,8955837.21
2025-03-25,1907968.18,1009173.1,2917141.28
2025-03-26,1829884.93,1529047.48,3358932.41
2025-03-27,11646074.46,4232205.61,15878280.07
2025-03-28,15533189.82,6836252.72,22369442.54
2025-03-29,18987718.02,7587397.21,26575115.23
2025-03-30,13439447.98,4337077.74,17776525.72
2025-03-31,6323813.33,2997966.93,9321780.26
2025-04-01,2682030.87,2567515.23,5249546.1
2025-04-02,2164066.95,1880489.23,4044556.18
2025-04-03,2035387.42,1547655.85,3583043.27
2025-04-04,7500767.59,3298399.37,10799166.96
2025-04-05,16405078.58,8029003.39,24434081.97
2025-04-06,5346808.61,2554689.09,7901497.7
2025-04-07,10294028.33,6504301.96,16798330.29
2025-04-08,1088376.5,1431471.52,2519848.02
2025-04-09,2669745.7,2025147.15,4694892.85
2025-04-10,2923940.33,4438983.88,7362924.21
2025-04-11,2455420.99,3391347.93,5846768.92
2025-04-12,3303905.91,5287725.47,8591631.38
2025-04-13,7222684.75,7362539.51,14585224.26
2025-04-14,1251543.42,1227032.68,2478576.1
2025-04-15,1788116.91,1422091.48,3210208.39
2025-04-16,2233458.15,1739437.88,3972896.03
2025-04-17,1749405.36,1391748.8,3141154.16
2025-04-18,1459551.35,1055822.22,2515373.57
2025-04-19,3120572.02,1715183.59,4835755.61
2025-04-20,2306495.83,1369756.5,3676252.33
2025-04-21,3214825.37,2146310.85,5361136.22
2025-04-22,3558407.66,2472163.63,6030571.29
2025-04-23,3195330.59,2294594.8,5489925.39
2025-04-24,3210621.23,2500801.27,5711422.5
2025-04-25,2997823.79,2294736.56,5292560.35
2025-04-26,2295350.99,1753607.97,4048958.96
2025-04-27,2375867.59,2262518.87,4638386.46
2025-04-28,4941187.84,4716536.58,9657724.42
2025-04-29,4849489.98,4068464.75,8917954.73
2025-04-30,3981986.22,3009675.84,6991662.06
2025-05-01,4360865.95,3172893.59,7533759.54
2025-05-02,4153083.72,3066546.15,7219629.87
2025-05-03,3683535.35,2154124.42,5837659.77
2025-05-04,4913915.55,2941485.14,7855400.69
2025-05-05,4185908.36,2875067.26,7060975.62
2025-05-06,5210484.9,3993333.29,9203818.19
2025-05-07,5071241.59,4752181.11,9823422.7
2025-05-08,3585216.76,2872977.6,6458194.36
2025-05-09,3383970.95,2959540.06,6343511.01
2025-05-10,3769709,2684580.02,6454289.02
2025-05-11,3503771.08,2939537.92,6443309
2025-05-12,4794914.24,4402917.97,9197832.21
2025-05-13,6966759.55,4915402.26,11882161.81
2025-05-14,6267393.13,4657345.69,10924738.82
2025-05-15,4242293.33,3754100.43,7996393.76
2025-05-16,4654947.37,4196761.03,8851708.4
2025-05-17,3210227.8,2934110.12,6144337.92
2025-05-18,7937870.71,4896345.67,12834216.38
2025-05-19,3324959.39,1834722.77,5159682.16
2025-05-20,6836527.18,3651649.53,10488176.71
2025-05-21,7930904.49,4983965.59,12914870.08
2025-05-22,6492115.45,3535334.01,10027449.46
2025-05-23,7827644.11,4293902.46,12121546.57
2025-05-24,6569815.55,2699651.68,9269467.23
2025-05-25,9767024.93,5472499.67,15239524.6
2025-05-26,8223957.72,3991317.24,12215274.96
2025-05-27,8719939.77,4318178.71,13038118.48
2025-05-28,7540114.5,3792831.29,11332945.79
2025-05-29,8942833.3,5105016.02,14047849.32
2025-05-30,4315344.12,2415904.35,6731248.47
2025-05-31,10168499.61,4150592.49,14319092.1
2025-06-01,3113493.62,1903533.36,5017026.98
2025-06-02,3198104.32,2106109.8,5304214.12
2025-06-03,3567450.38,2586010.72,6153461.1
2025-06-04,7783875.64,4303126.16,12087001.8
2025-06-05,13156795.14,7633810.63,20790605.77
2025-06-06,11966692.69,6374319.86,18341012.55
2025-06-07,7082885.09,3926620.86,11009505.95
2025-06-08,13346933.77,9928770.19,23275703.96
2025-06-09,5336847.49,2781069.63,8117917.12
2025-06-10,3997817.36,2288678.8,6286496.16
2025-06-11,10596921.86,6680310.39,17277232.25
2025-06-12,8434204.24,7196086.96,15630291.2
2025-06-13,13178222.36,9986037.11,23164259.47
2025-06-14,6694249.03,5576616.56,12270865.59
2025-06-15,6105977.95,5647042.47,11753020.42
2025-06-16,8652170.93,6746088.08,15398259.01
2025-06-17,7242292.33,3627436.42,10869728.75
2025-06-18,4057955.16,2797437.61,6855392.77
2025-06-19,11456380.27,6617974.66,18074354.93
2025-06-20,4595344.42,3301700.42,7897044.84
2025-06-21,4293154.1,2073991.23,6367145.33
2025-06-22,13104596.42,8392170.09,21496766.51
2025-06-23,3369633.15,2932816.5,6302449.65
2025-06-24,5893780.99,4274202.19,10167983.18
2025-06-25,3827672.02,2904939.6,6732611.62
2025-06-26,3695025.55,2429015.75,6124041.3
2025-06-27,4364424.34,2925355.28,7289779.62
2025-06-28,6221110.86,2769422.15,8990533.01
2025-06-29,4043109.32,2093503.07,6136612.39
2025-06-30,4326703.83,2701134.38,7027838.21
2025-07-01,4731453.82,3542455.18,8273909
2025-07-02,4576449.76,3193846.83,7770296.59
2025-07-03,6693027.43,3901789.6,10594817.03
2025-07-04,6556045.85,3598781.95,10154827.8
2025-07-05,4729206.83,3032525.1,7761731.93
2025-07-06,8477771.73,4709391.24,13187162.97
2025-07-07,10083807.42,5028686.45,15112493.87
2025-07-08,9951672.56,4427286.01,14378958.57
2025-07-09,11488893.84,5991408.69,17480302.53
2025-07-10,10509462.5,5544319.53,16053782.03
2025-07-11,11056270.43,4882066.48,15938336.91
2025-07-12,6273306.04,2473273.94,8746579.98
2025-07-13,10538264.96,6424221.83,16962486.79
2025-07-14,4938971.93,5984809.75,10923781.68
2025-07-15,6146577.54,4091513.73,10238091.27
2025-07-16,4193925,2651316.71,6845241.71
2025-07-17,3790806.91,3445478.75,7236285.66
2025-07-18,5918074.58,4313665.59,10231740.17
2025-07-19,10298255.28,4942470.6,15240725.88
2025-07-20,7483022.27,4316225.42,11799247.69
2025-07-21,4923197.9,3641237.98,8564435.88
2025-07-22,5955751.5,3094841.82,9050593.32
2025-07-23,5278333.04,3214945.6,8493278.64
2025-07-24,4426359.95,3277105.13,7703465.08
2025-07-25,5157354.32,4650648.36,9808002.68
2025-07-26,5324058.77,4042702.68,9366761.45
2025-07-27,7392107.92,5897655.98,13289763.9
2025-07-28,5381893.52,3064149.16,8446042.68
2025-07-29,5525719.64,3507103.35,9032822.99
2025-07-30,5148779.93,3405989.94,8554769.87
2025-07-31,4560222.51,2934288.95,7494511.46
2025-08-01,6052189.85,4909060.51,10961250.36
2025-08-02,6211951.65,3066402.46,9278354.11
2025-08-03,4955055.21,2681800.61,7636855.82
2025-08-04,3421506,2840610.29,6262116.29
2025-08-05,4764548.14,2836324.68,7600872.82
2025-08-06,4408840.85,2648052.13,7056892.98
2025-08-07,4984585.13,3676678.45,8661263.58
2025-08-08,5837794.72,4746813.23,10584607.95
2025-08-09,5467391.84,5521335.97,10988727.81
2025-08-10,9769672.29,7920037.67,17689709.96
2025-08-11,4774676.35,3046685.01,7821361.36
2025-08-12,5187884.48,3427664.02,8615548.5
2025-08-13,5846122.76,3632583.09,9478705.85
2025-08-14,5724693.39,4999006.59,10723699.98
2025-08-15,7611435.59,4672168.04,12283603.63
2025-08-16,10838507.14,4312378.74,15150885.88
2025-08-17,10806226.63,6391509.96,17197736.59
2025-08-18,5227026.85,3260798.18,8487825.03
2025-08-19,5236134.51,3314009.41,8550143.92
2025-08-20,5234428.09,4441478.38,9675906.47
2025-08-21,5715364.18,3663450.08,9378814.26
2025-08-22,8629913.41,5669058.38,14298971.79
2025-08-23,12577954.14,6543256.99,19121211.13
2025-08-24,9396051.78,5929204.57,15325256.35
2025-08-25,7209059.27,4330863.15,11539922.42
2025-08-26,6885007.53,3166657.96,10051665.49
2025-08-27,7293332.09,3853796.83,11147128.92
2025-08-28,12384647.36,5395806.84,17780454.2
2025-08-29,13906099.95,6731141.71,20637241.66
2025-08-30,30376443.67,12154131.25,42530574.92
2025-08-31,20759103.83,8659572.61,29418676.44
2025-09-01,13940039.11,5160947.53,19100986.64
2025-09-02,11197394.05,4555171.45,15752565.5
2025-09-03,16885322.75,8523582,25408904.75
2025-09-04,17385443.88,8412528.22,25797972.1
2025-09-05,28268500.44,15162488.47,43430988.91
2025-09-06,38645981.26,15545043.17,54191024.43
2025-09-07,61486646.12,37075215.37,98561861.49
2025-09-08,17722459.2,10814906.44,28537365.64
2025-09-09,7999171.16,4925442.73,12924613.89
2025-09-10,6827235.98,4280729.57,11107965.55
2025-09-11,16129309.51,8248093.54,24377403.05
2025-09-12,18264395.29,7623672.78,25888068.07
2025-09-13,55347993.97,21244338.9,76592332.87
2025-09-14,62567799.96,26067608.45,88635408.41
2025-09-15,26035864.93,12526052.84,38561917.77
2025-09-16,14471678.87,7324773.81,21796452.68
2025-09-17,16204071.85,8541263.48,24745335.33
2025-09-18,23581456.64,10819890.74,34401347.38
2025-09-19,22896670.97,9516974.88,32413645.85
2025-09-20,64150006.07,21631156.35,85781162.42
2025-09-21,78889605.42,31332320.84,110221926.26
2025-09-22,23775227.64,11820652.4,35595880.04
2025-09-23,10191222.33,5761175.84,15952398.17
2025-09-24,10409714.44,5041517.68,15451232.12
2025-09-25,23620619.79,10557282.38,34177902.17
2025-09-26,36349611.26,17409031.16,53758642.42
2025-09-27,85238107.1,40748833.59,125986940.69
2025-09-28,91097598.29,44421437.02,135519035.31
2025-09-29,26955753.56,15790449.42,42746202.98
2025-09-30,23399513.61,8234599.19,31634112.8
2025-10-01,27171690.57,9810290.26,36981980.83
2025-10-02,38529248.76,20212964.96,58742213.72
2025-10-03,18459982.75,7889715.84,26349698.59
2025-10-04,82839184.94,29696815.5,112536000.44
2025-10-05,101128484.1,43786875.78,144915359.88
2025-10-06,32829401.7,17696167.72,50525569.42
2025-10-07,22084928.57,10082950.42,32167878.99
2025-10-08,30255394.9,12175654.2,42431049.1
2025-10-09,36565674.25,16609238.2,53174912.45
2025-10-10,26391827.42,12021444.2,38413271.62
2025-10-11,73363663.91,29305453.22,102669117.13
2025-10-12,72605461.36,33099497.8,105704959.16
2025-10-13,41425053.98,20333981.48,61759035.46
2025-10-14,19884177.37,8320761.74,28204939.11
2025-10-15,20725529.56,9571859.47,30297389.03
2025-10-16,34111070.16,17906235.87,52017306.03
2025-10-17,34703640.06,16240465.1,50944105.16
2025-10-18,76518070.23,33083406.54,109601476.77
2025-10-19,81687304.95,34262590.18,115949895.13
2025-10-20,36990262.7,18166707.31,55156970.01
2025-10-21,30451071.58,14040583.13,44491654.71
2025-10-22,37102939.26,14457700.65,51560639.91
2025-10-23,33130733.01,15330785.65,48461518.66
2025-10-24,46769705.81,20621608.54,67391314.35
2025-10-25,85177388.86,35600401.03,120777789.89
2025-10-26,80499282.79,31688913.84,112188196.63
2025-10-27,41019062.78,16145809.15,57164871.93
2025-10-28,44102001.53,19153523.36,63255524.89
2025-10-29,47934973.47,20726159.16,68661132.63
2025-10-30,42945863.87,17153782.26,60099646.13
2025-10-31,43211554.89,17500452.86,60712007.75
2025-11-01,102262505.03,41109915.1,143372420.13
2025-11-02,99886248.48,43434717.89,143320966.37
2025-11-03,48650601.18,23385314.5,72035915.68
2025-11-04,53406636.2,31747569.94,85154206.14
2025-11-05,40947118.75,17525650.74,58472769.49
2025-11-06,39644731.64,20222703.73,59867435.37
2025-11-07,40981820.1,17238564.38,58220384.48
2025-11-08,94923363.88,36036996.83,130960360.71
2025-11-09,102025444.01,44912497.28,146937941.29
2025-11-10,42192215.99,20380046.93,62572262.92
2025-11-11,40834741.99,18336019.35,59170761.34
2025-11-12,42631632.95,20803237.85,63434870.8
2025-11-13,38664081.2,16224640.53,54888721.73
2025-11-14,43723976.92,18522948.44,62246925.36
2025-11-15,93647478.96,34352497.62,127999976.58
2025-11-16,104356000.77,45756229.44,150112230.21
2025-11-17,36728456.99,15945228.43,52673685.42
2025-11-18,35874498.89,14882751.96,50757250.85
2025-11-19,38592237.94,14926514.06,53518752
2025-11-20,43822222.27,22603918.27,66426140.54
2025-11-21,43590007.98,18318952.51,61908960.49
2025-11-22,89923691.97,32836225.97,122759917.94
2025-11-23,88821860.05,42199466.54,131021326.59
2025-11-24,39119247.63,17844375.14,56963622.77
2025-11-25,40282934.27,15494394.51,55777328.78
2025-11-26,51299750.13,18369943.3,69669693.43
2025-11-27,81135545.7,42214596.58,123350142.28
2025-11-28,83305462.27,37720542.68,121026004.95
2025-11-29,98503912.66,40092772,138596684.66
2025-11-30,94309774.86,43199940.41,137509715.27
2025-12-01,44424810.53,21206510.79,65631321.32
2025-12-02,38847616.63,18385343.48,57232960.11
2025-12-03,45427384.27,20290007.04,65717391.31
2025-12-04,45897528.83,21724243.18,67621772.01
2025-12-05,41182905.94,18909036.12,60091942.06
2025-12-06,85346602.45,34449043.3,119795645.75
2025-12-07,98687937.07,46291427.12,144979364.19
2025-12-08,39671764.43,23099657.66,62771422.09
2025-12-09,36444762.73,18427358.24,54872120.97
2025-12-10,37064684.66,19238264.41,56302949.07
2025-12-11,42537009.85,24267769.07,66804778.92
2025-12-12,37222093.83,18774727.95,55996821.78
2025-12-13,62044522.01,29882969.32,91927491.33
2025-12-14,89285527.35,47171196.27,136456723.62
2025-12-15,35735898.6,21979440.1,57715338.7
2025-12-16,35631909.95,19762490.4,55394400.35
2025-12-17,37412572.08,21955413.76,59367985.84
2025-12-18,56304007.99,32025161.49,88329169.48
2025-12-19,68020202.24,32927763.77,100947966.01
2025-12-20,95543918.21,44572672.83,140116591.04
2025-12-21,97961198.03,51448606.08,149409804.11
2025-12-22,43613471.22,25262164.5,68875635.72
2025-12-23,56698859.97,29446338.21,86145198.18
2025-12-24,28157594.19,15916716.36,44074310.55
2025-12-25,82616954.86,42010061.03,124627015.89
2025-12-26,60341308.25,32306318.3,92647626.55
2025-12-27,91531986.32,44992845.97,136524832.29
2025-12-28,90079337.72,47429641.97,137508979.69
2025-12-29,63206300.13,34132781.48,97339081.61
2025-12-30,55282391.57,30369958.67,85652350.24
2025-12-31,86267685.09,45519286.37,131786971.46
2026-01-01,83174647.49,44606347.98,127780995.47
2026-01-02,68901579.89,35803917.93,104705497.82
2026-01-03,85325952.74,42177567.4,127503520.14
2026-01-04,104198169.17,58944085.26,163142254.43
2026-01-05,49718253.94,26669631.03,76387884.97
2026-01-06,55217604.95,30347493.04,85565097.99
2026-01-07,62873152.69,34691069.73,97564222.42
2026-01-08,61322803.73,35192399.22,96515202.95
2026-01-09,65667093.92,32687584.7,98354678.62
2026-01-10,115582988.06,66892559.79,182475547.85
2026-01-11,114252593.02,60165265.35,174417858.37
2026-01-12,63937357.63,31777049.2,95714406.83
2026-01-13,64429899.35,30896747.98,95326647.33
2026-01-14,69040041.96,33164825.52,102204867.48
2026-01-15,63747639.06,31548243.37,95295882.43
2026-01-16,55364390.25,28348904.14,83713294.39
2026-01-17,131343145.5,70694564.64,202037710.14
2026-01-18,102698686.38,55839546.56,158538232.94
2026-01-19,88109703.76,45622133.43,133731837.19
2026-01-20,65901714.65,33783465.23,99685179.88
2026-01-21,67170339.94,34114585.76,101284925.7
2026-01-22,70242980.05,36267504.52,106510484.57
2026-01-23,73381576.72,35134923.75,108516500.47
2026-01-24,112931671.9,50214909.46,163146581.36
2026-01-25,133896590.45,66295864.8,200192455.25
2026-01-26,71546937.05,32660292.7,104207229.75
2026-01-27,85167277.9,41096601.79,126263879.69
2026-01-28,82493653.65,41581592.54,124075246.19
2026-01-29,77436826.89,42547324.73,119984151.62
2026-01-30,89684992.57,44305429.67,133990422.24
2026-01-31,119171121.74,51724261.88,170895383.62
2026-02-01,91107429.69,40397660.65,131505090.34
2026-02-02,68647511.03,35126570.49,103774081.52
2026-02-03,73500959.12,40383554.5,113884513.62
2026-02-04,86081095.98,42604550.97,128685646.95
2026-02-05,81819543.59,42268775.84,124088319.43
2026-02-06,80821065.1,40329507.89,121150572.99
2026-02-07,127763084.81,55966552.63,183729637.44
2026-02-08,187563378.35,102456593.13,290019971.48
2026-02-09,86938824.98,42030324.75,128969149.73
2026-02-10,96982164.87,46277119.73,143259284.6
2026-02-11,103442861.17,47727070.15,151169931.32
2026-02-12,90374541.19,43106016.49,133480557.68
2026-02-13,83135658.04,39796150.86,122931808.9
2026-02-14,120560217.66,56476002.64,177036220.3
2026-02-15,97419786.98,49150976.99,146570763.97
2026-02-16,83689446.64,38543349.79,122232796.43
2026-02-17,93793182.4,42182965.06,135976147.46
2026-02-18,105400428.86,49937711.65,155338140.51
2026-02-19,99284118.38,47246922.06,146531040.44
2026-02-20,99496861.39,49212667.43,148709528.82
2026-02-21,142606015.75,64456376.26,207062392.01
2026-02-22,120582571.5,57666891.48,178249462.98
2026-02-23,40519967.49,21590753.96,62110721.45
2026-02-24,57609591.15,25023963.64,82633554.79
2026-02-25,109671818.47,52766013.25,162437831.72
2026-02-26,107391035.7,49880186.77,157271222.47
2026-02-27,99640281.68,47479663.18,147119944.86
2026-02-28,144248901.68,68346300.99,212595202.67
2026-03-01,121021207.99,58246872.26,179268080.25
2026-03-02,87901572.83,42052654.69,129954227.52
2026-03-03,104877272.23,49096742.24,153974014.47
2026-03-04,115466457.59,56573101.91,172039559.5
2026-03-05,110490859.32,50141504.75,160632364.07
2026-03-06,116692850.18,52591531.49,169284381.67
2026-03-07,153446697.28,62871771.96,216318469.24
2026-03-08,126822738.89,56442293.73,183265032.62
2026-03-09,90497022.38,42108519.5,132605541.88
2026-03-10,108231354.3,51843028.1,160074382.4
2026-03-11,119648344.06,55276373.39,174924717.45
2026-03-12,115768674.27,50182683.33,165951357.6
2026-03-13,118972293.14,56003202.72,174975495.86
2026-03-14,136523538.47,64319667.01,200843205.48
2026-03-15,123743375.68,62788248.01,186531623.69
2026-03-16,78271047.5,37601330.12,115872377.62
2026-03-17,96219251.04,47277374.44,143496625.48
2026-03-18,93144267.42,46920030.23,140064297.65
2026-03-19,130718945.7,72129029.75,202847975.45
2026-03-20,145341533.79,74893302.26,220234836.05
2026-03-21,152260518.03,76376217.39,228636735.42
2026-03-22,152253944.15,73134114.6,225388058.75
2026-03-23,95837453.37,46230519.48,142067972.85
2026-03-24,78954691,39674742.86,118629433.86
2026-03-25,86400951.16,43228118.84,129629070
2026-03-26,104309110.33,51300028.58,155609138.91
2026-03-27,114333219.78,60727214.27,175060434.05
2026-03-28,129820013.55,57985477.43,187805490.98
2026-03-29,119551361.86,55604467.8,175155829.66
2026-03-30,94510631.87,44018365.13,138528997
2026-03-31,98427820.91,46043738.33,144471559.24
2026-04-01,111189978.35,50034900.72,161224879.07
2026-04-02,96906120.72,44963836.47,141869957.19
2026-04-03,115337617.7,48631475.43,163969093.13
2026-04-04,146381020.48,66644962.32,213025982.8
2026-04-05,124926795.48,59996100.53,184922896.01
2026-04-06,116512405.2,60584585.58,177096990.78
2026-04-07,114412365.15,53666435.75,168078800.9
2026-04-08,127352088.28,58671903.75,186023992.03
2026-04-09,105012205.42,52692510.08,157704715.5
2026-04-10,124648543.28,62340252.45,186988795.73
2026-04-11,131241020.31,62890776.74,194131797.05
2026-04-12,134965260.86,71604946.74,206570207.6
2026-04-13,91208357.19,40642392.48,131850749.67
2026-04-14,110620062.82,53944060.58,164564123.4
2026-04-15,109203725.9,53191363.52,162395089.42
2026-04-16,94713231.57,50103533.26,144816764.83
2026-04-17,112885013.19,52899485.64,165784498.83
2026-04-18,141405989.35,67113154.39,208519143.74
2026-04-19,135643879.12,61576450.88,197220330
2026-04-20,111065889.51,51073946.61,162139836.12
2026-04-21,132781593.62,63999976.27,196781569.89
2026-04-25,168771856.21,79775786.37,248547642.58
2026-04-26,164190456.58,79600694.09,243791150.67
2026-04-27,49139624.45,22824737.93,71964362.38
